afl_player_id,name,full_name,display_name,team_name,team_key,position,number,headshot_url,photo_url
1023261,,,,,,,,https://fantasy.afl.com.au/assets/media/players/afl/1023261_450.png,https://fantasy.afl.com.au/assets/media/players/afl/1023261_450.png
992468,,,,,,,,https://fantasy.afl.com.au/assets/media/players/afl/992468_450.png,https://fantasy.afl.com.au/assets/media/players/afl/992468_450.png
1004965,,,,,,,,https://fantasy.afl.com.au/assets/media/players/afl/1004965_450.png,https://fantasy.afl.com.au/assets/media/players/afl/1004965_450.png
998659,,,,,,,,https://fantasy.afl.com.au/assets/media/players/afl/998659_450.png,https://fantasy.afl.com.au/assets/media/players/afl/998659_450.png
294305,,,,,,,,https://fantasy.afl.com.au/assets/media/players/afl/294305_450.png,https://fantasy.afl.com.au/assets/media/players/afl/294305_450.png
1002232,,,,,,,,https://fantasy.afl.com.au/assets/media/players/afl/1002232_450.png,https://fantasy.afl.com.au/assets/media/players/afl/1002232_450.png
1009528,,,,,,,,https://fantasy.afl.com.au/assets/media/players/afl/1009528_450.png,https://fantasy.afl.com.au/assets/media/players/afl/1009528_450.png
1006094,,,,,,,,https://fantasy.afl.com.au/assets/media/players/afl/1006094_450.png,https://fantasy.afl.com.au/assets/media/players/afl/1006094_450.png
1013128,,,,,,,,https://fantasy.afl.com.au/assets/media/players/afl/1013128_450.png,https://fantasy.afl.com.au/assets/media/players/afl/1013128_450.png
297907,,,,,,,,https://fantasy.afl.com.au/assets/media/players/afl/297907_450.png,https://fantasy.afl.com.au/assets/media/players/afl/297907_450.png
1009199,,,,,,,,https://fantasy.afl.com.au/assets/media/players/afl/1009199_450.png,https://fantasy.afl.com.au/assets/media/players/afl/1009199_450.png
290528,,,,,,,,https://fantasy.afl.com.au/assets/media/players/afl/290528_450.png,https://fantasy.afl.com.au/assets/media/players/afl/290528_450.png
1023518,,,,,,,,https://fantasy.afl.com.au/assets/media/players/afl/1023518_450.png,https://fantasy.afl.com.au/assets/media/players/afl/1023518_450.png
261224,,,,,,,,https://fantasy.afl.com.au/assets/media/players/afl/261224_450.png,https://fantasy.afl.com.au/assets/media/players/afl/261224_450.png
990704,,,,,,,,https://fantasy.afl.com.au/assets/media/players/afl/990704_450.png,https://fantasy.afl.com.au/assets/media/players/afl/990704_450.png
296205,,,,,,,,https://fantasy.afl.com.au/assets/media/players/afl/296205_450.png,https://fantasy.afl.com.au/assets/media/players/afl/296205_450.png
992016,,,,,,,,https://fantasy.afl.com.au/assets/media/players/afl/992016_450.png,https://fantasy.afl.com.au/assets/media/players/afl/992016_450.png
291790,,,,,,,,https://fantasy.afl.com.au/assets/media/players/afl/291790_450.png,https://fantasy.afl.com.au/assets/media/players/afl/291790_450.png
1026850,,,,,,,,https://fantasy.afl.com.au/assets/media/players/afl/1026850_450.png,https://fantasy.afl.com.au/assets/media/players/afl/1026850_450.png
993834,,,,,,,,https://fantasy.afl.com.au/assets/media/players/afl/993834_450.png,https://fantasy.afl.com.au/assets/media/players/afl/993834_450.png
1015507,,,,,,,,https://fantasy.afl.com.au/assets/media/players/afl/1015507_450.png,https://fantasy.afl.com.au/assets/media/players/afl/1015507_450.png
297401,,,,,,,,https://fantasy.afl.com.au/assets/media/players/afl/297401_450.png,https://fantasy.afl.com.au/assets/media/players/afl/297401_450.png
1020895,,,,,,,,https://fantasy.afl.com.au/assets/media/players/afl/1020895_450.png,https://fantasy.afl.com.au/assets/media/players/afl/1020895_450.png
992242,,,,,,,,https://fantasy.afl.com.au/assets/media/players/afl/992242_450.png,https://fantasy.afl.com.au/assets/media/players/afl/992242_450.png
1009208,,,,,,,,https://fantasy.afl.com.au/assets/media/players/afl/1009208_450.png,https://fantasy.afl.com.au/assets/media/players/afl/1009208_450.png
1009420,,,,,,,,https://fantasy.afl.com.au/assets/media/players/afl/1009420_450.png,https://fantasy.afl.com.au/assets/media/players/afl/1009420_450.png
293535,,,,,,,,https://fantasy.afl.com.au/assets/media/players/afl/293535_450.png,https://fantasy.afl.com.au/assets/media/players/afl/293535_450.png
1024272,,,,,,,,https://fantasy.afl.com.au/assets/media/players/afl/1024272_450.png,https://fantasy.afl.com.au/assets/media/players/afl/1024272_450.png
998172,,,,,,,,https://fantasy.afl.com.au/assets/media/players/afl/998172_450.png,https://fantasy.afl.com.au/assets/media/players/afl/998172_450.png
297523,,,,,,,,https://fantasy.afl.com.au/assets/media/players/afl/297523_450.png,https://fantasy.afl.com.au/assets/media/players/afl/297523_450.png
293957,,,,,,,,https://fantasy.afl.com.au/assets/media/players/afl/293957_450.png,https://fantasy.afl.com.au/assets/media/players/afl/293957_450.png
1006121,,,,,,,,https://fantasy.afl.com.au/assets/media/players/afl/1006121_450.png,https://fantasy.afl.com.au/assets/media/players/afl/1006121_450.png
297373,,,,,,,,https://fantasy.afl.com.au/assets/media/players/afl/297373_450.png,https://fantasy.afl.com.au/assets/media/players/afl/297373_450.png
291856,,,,,,,,https://fantasy.afl.com.au/assets/media/players/afl/291856_450.png,https://fantasy.afl.com.au/assets/media/players/afl/291856_450.png
1005054,,,,,,,,https://fantasy.afl.com.au/assets/media/players/afl/1005054_450.png,https://fantasy.afl.com.au/assets/media/players/afl/1005054_450.png
994389,,,,,,,,https://fantasy.afl.com.au/assets/media/players/afl/994389_450.png,https://fantasy.afl.com.au/assets/media/players/afl/994389_450.png
1002267,,,,,,,,https://fantasy.afl.com.au/assets/media/players/afl/1002267_450.png,https://fantasy.afl.com.au/assets/media/players/afl/1002267_450.png
298174,,,,,,,,https://fantasy.afl.com.au/assets/media/players/afl/298174_450.png,https://fantasy.afl.com.au/assets/media/players/afl/298174_450.png
1004592,,,,,,,,https://fantasy.afl.com.au/assets/media/players/afl/1004592_450.png,https://fantasy.afl.com.au/assets/media/players/afl/1004592_450.png
1009260,,,,,,,,https://fantasy.afl.com.au/assets/media/players/afl/1009260_450.png,https://fantasy.afl.com.au/assets/media/players/afl/1009260_450.png
1005521,,,,,,,,https://fantasy.afl.com.au/assets/media/players/afl/1005521_450.png,https://fantasy.afl.com.au/assets/media/players/afl/1005521_450.png
293222,,,,,,,,https://fantasy.afl.com.au/assets/media/players/afl/293222_450.png,https://fantasy.afl.com.au/assets/media/players/afl/293222_450.png
291975,,,,,,,,https://fantasy.afl.com.au/assets/media/players/afl/291975_450.png,https://fantasy.afl.com.au/assets/media/players/afl/291975_450.png
294036,,,,,,,,https://fantasy.afl.com.au/assets/media/players/afl/294036_450.png,https://fantasy.afl.com.au/assets/media/players/afl/294036_450.png
1000980,,,,,,,,https://fantasy.afl.com.au/assets/media/players/afl/1000980_450.png,https://fantasy.afl.com.au/assets/media/players/afl/1000980_450.png
1000978,,,,,,,,https://fantasy.afl.com.au/assets/media/players/afl/1000978_450.png,https://fantasy.afl.com.au/assets/media/players/afl/1000978_450.png
298539,,,,,,,,https://fantasy.afl.com.au/assets/media/players/afl/298539_450.png,https://fantasy.afl.com.au/assets/media/players/afl/298539_450.png
992049,,,,,,,,https://fantasy.afl.com.au/assets/media/players/afl/992049_450.png,https://fantasy.afl.com.au/assets/media/players/afl/992049_450.png
298272,,,,,,,,https://fantasy.afl.com.au/assets/media/players/afl/298272_450.png,https://fantasy.afl.com.au/assets/media/players/afl/298272_450.png
993817,,,,,,,,https://fantasy.afl.com.au/assets/media/players/afl/993817_450.png,https://fantasy.afl.com.au/assets/media/players/afl/993817_450.png
1006126,,,,,,,,https://fantasy.afl.com.au/assets/media/players/afl/1006126_450.png,https://fantasy.afl.com.au/assets/media/players/afl/1006126_450.png
1001026,,,,,,,,https://fantasy.afl.com.au/assets/media/players/afl/1001026_450.png,https://fantasy.afl.com.au/assets/media/players/afl/1001026_450.png
992330,,,,,,,,https://fantasy.afl.com.au/assets/media/players/afl/992330_450.png,https://fantasy.afl.com.au/assets/media/players/afl/992330_450.png
1006103,,,,,,,,https://fantasy.afl.com.au/assets/media/players/afl/1006103_450.png,https://fantasy.afl.com.au/assets/media/players/afl/1006103_450.png
294318,,,,,,,,https://fantasy.afl.com.au/assets/media/players/afl/294318_450.png,https://fantasy.afl.com.au/assets/media/players/afl/294318_450.png
1012014,,,,,,,,https://fantasy.afl.com.au/assets/media/players/afl/1012014_450.png,https://fantasy.afl.com.au/assets/media/players/afl/1012014_450.png
291800,,,,,,,,https://fantasy.afl.com.au/assets/media/players/afl/291800_450.png,https://fantasy.afl.com.au/assets/media/players/afl/291800_450.png
291902,,,,,,,,https://fantasy.afl.com.au/assets/media/players/afl/291902_450.png,https://fantasy.afl.com.au/assets/media/players/afl/291902_450.png
1006152,,,,,,,,https://fantasy.afl.com.au/assets/media/players/afl/1006152_450.png,https://fantasy.afl.com.au/assets/media/players/afl/1006152_450.png
994295,,,,,,,,https://fantasy.afl.com.au/assets/media/players/afl/994295_450.png,https://fantasy.afl.com.au/assets/media/players/afl/994295_450.png
298210,,,,,,,,https://fantasy.afl.com.au/assets/media/players/afl/298210_450.png,https://fantasy.afl.com.au/assets/media/players/afl/298210_450.png
1001299,,,,,,,,https://fantasy.afl.com.au/assets/media/players/afl/1001299_450.png,https://fantasy.afl.com.au/assets/media/players/afl/1001299_450.png
996708,,,,,,,,https://fantasy.afl.com.au/assets/media/players/afl/996708_450.png,https://fantasy.afl.com.au/assets/media/players/afl/996708_450.png
1023517,,,,,,,,https://fantasy.afl.com.au/assets/media/players/afl/1023517_450.png,https://fantasy.afl.com.au/assets/media/players/afl/1023517_450.png
996701,,,,,,,,https://fantasy.afl.com.au/assets/media/players/afl/996701_450.png,https://fantasy.afl.com.au/assets/media/players/afl/996701_450.png
1009256,,,,,,,,https://fantasy.afl.com.au/assets/media/players/afl/1009256_450.png,https://fantasy.afl.com.au/assets/media/players/afl/1009256_450.png
296347,,,,,,,,https://fantasy.afl.com.au/assets/media/players/afl/296347_450.png,https://fantasy.afl.com.au/assets/media/players/afl/296347_450.png
1006136,,,,,,,,https://fantasy.afl.com.au/assets/media/players/afl/1006136_450.png,https://fantasy.afl.com.au/assets/media/players/afl/1006136_450.png
292128,,,,,,,,https://fantasy.afl.com.au/assets/media/players/afl/292128_450.png,https://fantasy.afl.com.au/assets/media/players/afl/292128_450.png
997078,,,,,,,,https://fantasy.afl.com.au/assets/media/players/afl/997078_450.png,https://fantasy.afl.com.au/assets/media/players/afl/997078_450.png
295898,,,,,,,,https://fantasy.afl.com.au/assets/media/players/afl/295898_450.png,https://fantasy.afl.com.au/assets/media/players/afl/295898_450.png
1015889,,,,,,,,https://fantasy.afl.com.au/assets/media/players/afl/1015889_450.png,https://fantasy.afl.com.au/assets/media/players/afl/1015889_450.png
298268,,,,,,,,https://fantasy.afl.com.au/assets/media/players/afl/298268_450.png,https://fantasy.afl.com.au/assets/media/players/afl/298268_450.png
999827,,,,,,,,https://fantasy.afl.com.au/assets/media/players/afl/999827_450.png,https://fantasy.afl.com.au/assets/media/players/afl/999827_450.png
1005144,,,,,,,,https://fantasy.afl.com.au/assets/media/players/afl/1005144_450.png,https://fantasy.afl.com.au/assets/media/players/afl/1005144_450.png
1008436,,,,,,,,https://fantasy.afl.com.au/assets/media/players/afl/1008436_450.png,https://fantasy.afl.com.au/assets/media/players/afl/1008436_450.png
290799,,,,,,,,https://fantasy.afl.com.au/assets/media/players/afl/290799_450.png,https://fantasy.afl.com.au/assets/media/players/afl/290799_450.png
998215,,,,,,,,https://fantasy.afl.com.au/assets/media/players/afl/998215_450.png,https://fantasy.afl.com.au/assets/media/players/afl/998215_450.png
295518,,,,,,,,https://fantasy.afl.com.au/assets/media/players/afl/295518_450.png,https://fantasy.afl.com.au/assets/media/players/afl/295518_450.png
294674,,,,,,,,https://fantasy.afl.com.au/assets/media/players/afl/294674_450.png,https://fantasy.afl.com.au/assets/media/players/afl/294674_450.png
998129,,,,,,,,https://fantasy.afl.com.au/assets/media/players/afl/998129_450.png,https://fantasy.afl.com.au/assets/media/players/afl/998129_450.png
297354,,,,,,,,https://fantasy.afl.com.au/assets/media/players/afl/297354_450.png,https://fantasy.afl.com.au/assets/media/players/afl/297354_450.png
993903,,,,,,,,https://fantasy.afl.com.au/assets/media/players/afl/993903_450.png,https://fantasy.afl.com.au/assets/media/players/afl/993903_450.png
295342,,,,,,,,https://fantasy.afl.com.au/assets/media/players/afl/295342_450.png,https://fantasy.afl.com.au/assets/media/players/afl/295342_450.png
1006314,,,,,,,,https://fantasy.afl.com.au/assets/media/players/afl/1006314_450.png,https://fantasy.afl.com.au/assets/media/players/afl/1006314_450.png
297566,,,,,,,,https://fantasy.afl.com.au/assets/media/players/afl/297566_450.png,https://fantasy.afl.com.au/assets/media/players/afl/297566_450.png
990291,,,,,,,,https://fantasy.afl.com.au/assets/media/players/afl/990291_450.png,https://fantasy.afl.com.au/assets/media/players/afl/990291_450.png
998145,,,,,,,,https://fantasy.afl.com.au/assets/media/players/afl/998145_450.png,https://fantasy.afl.com.au/assets/media/players/afl/998145_450.png
1012210,,,,,,,,https://fantasy.afl.com.au/assets/media/players/afl/1012210_450.png,https://fantasy.afl.com.au/assets/media/players/afl/1012210_450.png
1002222,,,,,,,,https://fantasy.afl.com.au/assets/media/players/afl/1002222_450.png,https://fantasy.afl.com.au/assets/media/players/afl/1002222_450.png
1000972,,,,,,,,https://fantasy.afl.com.au/assets/media/players/afl/1000972_450.png,https://fantasy.afl.com.au/assets/media/players/afl/1000972_450.png
296294,,,,,,,,https://fantasy.afl.com.au/assets/media/players/afl/296294_450.png,https://fantasy.afl.com.au/assets/media/players/afl/296294_450.png
998133,,,,,,,,https://fantasy.afl.com.au/assets/media/players/afl/998133_450.png,https://fantasy.afl.com.au/assets/media/players/afl/998133_450.png
1006058,,,,,,,,https://fantasy.afl.com.au/assets/media/players/afl/1006058_450.png,https://fantasy.afl.com.au/assets/media/players/afl/1006058_450.png
298264,,,,,,,,https://fantasy.afl.com.au/assets/media/players/afl/298264_450.png,https://fantasy.afl.com.au/assets/media/players/afl/298264_450.png
998102,,,,,,,,https://fantasy.afl.com.au/assets/media/players/afl/998102_450.png,https://fantasy.afl.com.au/assets/media/players/afl/998102_450.png
1000981,,,,,,,,https://fantasy.afl.com.au/assets/media/players/afl/1000981_450.png,https://fantasy.afl.com.au/assets/media/players/afl/1000981_450.png
1023266,,,,,,,,https://fantasy.afl.com.au/assets/media/players/afl/1023266_450.png,https://fantasy.afl.com.au/assets/media/players/afl/1023266_450.png
1008550,,,,,,,,https://fantasy.afl.com.au/assets/media/players/afl/1008550_450.png,https://fantasy.afl.com.au/assets/media/players/afl/1008550_450.png
1011640,,,,,,,,https://fantasy.afl.com.au/assets/media/players/afl/1011640_450.png,https://fantasy.afl.com.au/assets/media/players/afl/1011640_450.png
293871,,,,,,,,https://fantasy.afl.com.au/assets/media/players/afl/293871_450.png,https://fantasy.afl.com.au/assets/media/players/afl/293871_450.png
1008280,,,,,,,,https://fantasy.afl.com.au/assets/media/players/afl/1008280_450.png,https://fantasy.afl.com.au/assets/media/players/afl/1008280_450.png
296324,,,,,,,,https://fantasy.afl.com.au/assets/media/players/afl/296324_450.png,https://fantasy.afl.com.au/assets/media/players/afl/296324_450.png
296359,,,,,,,,https://fantasy.afl.com.au/assets/media/players/afl/296359_450.png,https://fantasy.afl.com.au/assets/media/players/afl/296359_450.png
291969,,,,,,,,https://fantasy.afl.com.au/assets/media/players/afl/291969_450.png,https://fantasy.afl.com.au/assets/media/players/afl/291969_450.png
290627,,,,,,,,https://fantasy.afl.com.au/assets/media/players/afl/290627_450.png,https://fantasy.afl.com.au/assets/media/players/afl/290627_450.png
993998,,,,,,,,https://fantasy.afl.com.au/assets/media/players/afl/993998_450.png,https://fantasy.afl.com.au/assets/media/players/afl/993998_450.png
280965,,,,,,,,https://fantasy.afl.com.au/assets/media/players/afl/280965_450.png,https://fantasy.afl.com.au/assets/media/players/afl/280965_450.png
293845,,,,,,,,https://fantasy.afl.com.au/assets/media/players/afl/293845_450.png,https://fantasy.afl.com.au/assets/media/players/afl/293845_450.png
1015810,,,,,,,,https://fantasy.afl.com.au/assets/media/players/afl/1015810_450.png,https://fantasy.afl.com.au/assets/media/players/afl/1015810_450.png
1023477,,,,,,,,https://fantasy.afl.com.au/assets/media/players/afl/1023477_450.png,https://fantasy.afl.com.au/assets/media/players/afl/1023477_450.png
291783,,,,,,,,https://fantasy.afl.com.au/assets/media/players/afl/291783_450.png,https://fantasy.afl.com.au/assets/media/players/afl/291783_450.png
1006028,,,,,,,,https://fantasy.afl.com.au/assets/media/players/afl/1006028_450.png,https://fantasy.afl.com.au/assets/media/players/afl/1006028_450.png
1021013,,,,,,,,https://fantasy.afl.com.au/assets/media/players/afl/1021013_450.png,https://fantasy.afl.com.au/assets/media/players/afl/1021013_450.png
1006130,,,,,,,,https://fantasy.afl.com.au/assets/media/players/afl/1006130_450.png,https://fantasy.afl.com.au/assets/media/players/afl/1006130_450.png
998260,,,,,,,,https://fantasy.afl.com.au/assets/media/players/afl/998260_450.png,https://fantasy.afl.com.au/assets/media/players/afl/998260_450.png
996731,,,,,,,,https://fantasy.afl.com.au/assets/media/players/afl/996731_450.png,https://fantasy.afl.com.au/assets/media/players/afl/996731_450.png
1017109,,,,,,,,https://fantasy.afl.com.au/assets/media/players/afl/1017109_450.png,https://fantasy.afl.com.au/assets/media/players/afl/1017109_450.png
1001398,,,,,,,,https://fantasy.afl.com.au/assets/media/players/afl/1001398_450.png,https://fantasy.afl.com.au/assets/media/players/afl/1001398_450.png
296420,,,,,,,,https://fantasy.afl.com.au/assets/media/players/afl/296420_450.png,https://fantasy.afl.com.au/assets/media/players/afl/296420_450.png
1006096,,,,,,,,https://fantasy.afl.com.au/assets/media/players/afl/1006096_450.png,https://fantasy.afl.com.au/assets/media/players/afl/1006096_450.png
1009378,,,,,,,,https://fantasy.afl.com.au/assets/media/players/afl/1009378_450.png,https://fantasy.afl.com.au/assets/media/players/afl/1009378_450.png
1009380,,,,,,,,https://fantasy.afl.com.au/assets/media/players/afl/1009380_450.png,https://fantasy.afl.com.au/assets/media/players/afl/1009380_450.png
1002239,,,,,,,,https://fantasy.afl.com.au/assets/media/players/afl/1002239_450.png,https://fantasy.afl.com.au/assets/media/players/afl/1002239_450.png
1004870,,,,,,,,https://fantasy.afl.com.au/assets/media/players/afl/1004870_450.png,https://fantasy.afl.com.au/assets/media/players/afl/1004870_450.png
260257,,,,,,,,https://fantasy.afl.com.au/assets/media/players/afl/260257_450.png,https://fantasy.afl.com.au/assets/media/players/afl/260257_450.png
1013464,,,,,,,,https://fantasy.afl.com.au/assets/media/players/afl/1013464_450.png,https://fantasy.afl.com.au/assets/media/players/afl/1013464_450.png
1009253,,,,,,,,https://fantasy.afl.com.au/assets/media/players/afl/1009253_450.png,https://fantasy.afl.com.au/assets/media/players/afl/1009253_450.png
994185,,,,,,,,https://fantasy.afl.com.au/assets/media/players/afl/994185_450.png,https://fantasy.afl.com.au/assets/media/players/afl/994185_450.png
290550,,,,,,,,https://fantasy.afl.com.au/assets/media/players/afl/290550_450.png,https://fantasy.afl.com.au/assets/media/players/afl/290550_450.png
993107,,,,,,,,https://fantasy.afl.com.au/assets/media/players/afl/993107_450.png,https://fantasy.afl.com.au/assets/media/players/afl/993107_450.png
295265,,,,,,,,https://fantasy.afl.com.au/assets/media/players/afl/295265_450.png,https://fantasy.afl.com.au/assets/media/players/afl/295265_450.png
1006114,,,,,,,,https://fantasy.afl.com.au/assets/media/players/afl/1006114_450.png,https://fantasy.afl.com.au/assets/media/players/afl/1006114_450.png
1001024,,,,,,,,https://fantasy.afl.com.au/assets/media/players/afl/1001024_450.png,https://fantasy.afl.com.au/assets/media/players/afl/1001024_450.png
1011659,,,,,,,,https://fantasy.afl.com.au/assets/media/players/afl/1011659_450.png,https://fantasy.afl.com.au/assets/media/players/afl/1011659_450.png
993902,,,,,,,,https://fantasy.afl.com.au/assets/media/players/afl/993902_450.png,https://fantasy.afl.com.au/assets/media/players/afl/993902_450.png
1013462,,,,,,,,https://fantasy.afl.com.au/assets/media/players/afl/1013462_450.png,https://fantasy.afl.com.au/assets/media/players/afl/1013462_450.png
1002264,,,,,,,,https://fantasy.afl.com.au/assets/media/players/afl/1002264_450.png,https://fantasy.afl.com.au/assets/media/players/afl/1002264_450.png
270917,,,,,,,,https://fantasy.afl.com.au/assets/media/players/afl/270917_450.png,https://fantasy.afl.com.au/assets/media/players/afl/270917_450.png
1004863,,,,,,,,https://fantasy.afl.com.au/assets/media/players/afl/1004863_450.png,https://fantasy.afl.com.au/assets/media/players/afl/1004863_450.png
993905,,,,,,,,https://fantasy.afl.com.au/assets/media/players/afl/993905_450.png,https://fantasy.afl.com.au/assets/media/players/afl/993905_450.png
281085,,,,,,,,https://fantasy.afl.com.au/assets/media/players/afl/281085_450.png,https://fantasy.afl.com.au/assets/media/players/afl/281085_450.png
1004938,,,,,,,,https://fantasy.afl.com.au/assets/media/players/afl/1004938_450.png,https://fantasy.afl.com.au/assets/media/players/afl/1004938_450.png
1012807,,,,,,,,https://fantasy.afl.com.au/assets/media/players/afl/1012807_450.png,https://fantasy.afl.com.au/assets/media/players/afl/1012807_450.png
280317,,,,,,,,https://fantasy.afl.com.au/assets/media/players/afl/280317_450.png,https://fantasy.afl.com.au/assets/media/players/afl/280317_450.png
1000963,,,,,,,,https://fantasy.afl.com.au/assets/media/players/afl/1000963_450.png,https://fantasy.afl.com.au/assets/media/players/afl/1000963_450.png
1007124,,,,,,,,https://fantasy.afl.com.au/assets/media/players/afl/1007124_450.png,https://fantasy.afl.com.au/assets/media/players/afl/1007124_450.png
295340,,,,,,,,https://fantasy.afl.com.au/assets/media/players/afl/295340_450.png,https://fantasy.afl.com.au/assets/media/players/afl/295340_450.png
1000953,,,,,,,,https://fantasy.afl.com.au/assets/media/players/afl/1000953_450.png,https://fantasy.afl.com.au/assets/media/players/afl/1000953_450.png
1008752,,,,,,,,https://fantasy.afl.com.au/assets/media/players/afl/1008752_450.png,https://fantasy.afl.com.au/assets/media/players/afl/1008752_450.png
298211,,,,,,,,https://fantasy.afl.com.au/assets/media/players/afl/298211_450.png,https://fantasy.afl.com.au/assets/media/players/afl/298211_450.png
1020339,,,,,,,,https://fantasy.afl.com.au/assets/media/players/afl/1020339_450.png,https://fantasy.afl.com.au/assets/media/players/afl/1020339_450.png
1002253,,,,,,,,https://fantasy.afl.com.au/assets/media/players/afl/1002253_450.png,https://fantasy.afl.com.au/assets/media/players/afl/1002253_450.png
992128,,,,,,,,https://fantasy.afl.com.au/assets/media/players/afl/992128_450.png,https://fantasy.afl.com.au/assets/media/players/afl/992128_450.png
992351,,,,,,,,https://fantasy.afl.com.au/assets/media/players/afl/992351_450.png,https://fantasy.afl.com.au/assets/media/players/afl/992351_450.png
294101,,,,,,,,https://fantasy.afl.com.au/assets/media/players/afl/294101_450.png,https://fantasy.afl.com.au/assets/media/players/afl/294101_450.png
1004912,,,,,,,,https://fantasy.afl.com.au/assets/media/players/afl/1004912_450.png,https://fantasy.afl.com.au/assets/media/players/afl/1004912_450.png
998103,,,,,,,,https://fantasy.afl.com.au/assets/media/players/afl/998103_450.png,https://fantasy.afl.com.au/assets/media/players/afl/998103_450.png
993878,,,,,,,,https://fantasy.afl.com.au/assets/media/players/afl/993878_450.png,https://fantasy.afl.com.au/assets/media/players/afl/993878_450.png
281065,,,,,,,,https://fantasy.afl.com.au/assets/media/players/afl/281065_450.png,https://fantasy.afl.com.au/assets/media/players/afl/281065_450.png
295136,,,,,,,,https://fantasy.afl.com.au/assets/media/players/afl/295136_450.png,https://fantasy.afl.com.au/assets/media/players/afl/295136_450.png
294859,,,,,,,,https://fantasy.afl.com.au/assets/media/players/afl/294859_450.png,https://fantasy.afl.com.au/assets/media/players/afl/294859_450.png
1006133,,,,,,,,https://fantasy.afl.com.au/assets/media/players/afl/1006133_450.png,https://fantasy.afl.com.au/assets/media/players/afl/1006133_450.png
271129,,,,,,,,https://fantasy.afl.com.au/assets/media/players/afl/271129_450.png,https://fantasy.afl.com.au/assets/media/players/afl/271129_450.png
998529,,,,,,,,https://fantasy.afl.com.au/assets/media/players/afl/998529_450.png,https://fantasy.afl.com.au/assets/media/players/afl/998529_450.png
1017094,,,,,,,,https://fantasy.afl.com.au/assets/media/players/afl/1017094_450.png,https://fantasy.afl.com.au/assets/media/players/afl/1017094_450.png
994386,,,,,,,,https://fantasy.afl.com.au/assets/media/players/afl/994386_450.png,https://fantasy.afl.com.au/assets/media/players/afl/994386_450.png
1008083,,,,,,,,https://fantasy.afl.com.au/assets/media/players/afl/1008083_450.png,https://fantasy.afl.com.au/assets/media/players/afl/1008083_450.png
1002251,,,,,,,,https://fantasy.afl.com.au/assets/media/players/afl/1002251_450.png,https://fantasy.afl.com.au/assets/media/players/afl/1002251_450.png
1012862,,,,,,,,https://fantasy.afl.com.au/assets/media/players/afl/1012862_450.png,https://fantasy.afl.com.au/assets/media/players/afl/1012862_450.png
296351,,,,,,,,https://fantasy.afl.com.au/assets/media/players/afl/296351_450.png,https://fantasy.afl.com.au/assets/media/players/afl/296351_450.png
1007881,,,,,,,,https://fantasy.afl.com.au/assets/media/players/afl/1007881_450.png,https://fantasy.afl.com.au/assets/media/players/afl/1007881_450.png
295467,,,,,,,,https://fantasy.afl.com.au/assets/media/players/afl/295467_450.png,https://fantasy.afl.com.au/assets/media/players/afl/295467_450.png
993799,,,,,,,,https://fantasy.afl.com.au/assets/media/players/afl/993799_450.png,https://fantasy.afl.com.au/assets/media/players/afl/993799_450.png
1017067,,,,,,,,https://fantasy.afl.com.au/assets/media/players/afl/1017067_450.png,https://fantasy.afl.com.au/assets/media/players/afl/1017067_450.png
1001195,,,,,,,,https://fantasy.afl.com.au/assets/media/players/afl/1001195_450.png,https://fantasy.afl.com.au/assets/media/players/afl/1001195_450.png
1012805,,,,,,,,https://fantasy.afl.com.au/assets/media/players/afl/1012805_450.png,https://fantasy.afl.com.au/assets/media/players/afl/1012805_450.png
1000072,,,,,,,,https://fantasy.afl.com.au/assets/media/players/afl/1000072_450.png,https://fantasy.afl.com.au/assets/media/players/afl/1000072_450.png
1006013,,,,,,,,https://fantasy.afl.com.au/assets/media/players/afl/1006013_450.png,https://fantasy.afl.com.au/assets/media/players/afl/1006013_450.png
1006059,,,,,,,,https://fantasy.afl.com.au/assets/media/players/afl/1006059_450.png,https://fantasy.afl.com.au/assets/media/players/afl/1006059_450.png
280109,,,,,,,,https://fantasy.afl.com.au/assets/media/players/afl/280109_450.png,https://fantasy.afl.com.au/assets/media/players/afl/280109_450.png
996554,,,,,,,,https://fantasy.afl.com.au/assets/media/players/afl/996554_450.png,https://fantasy.afl.com.au/assets/media/players/afl/996554_450.png
1009399,,,,,,,,https://fantasy.afl.com.au/assets/media/players/afl/1009399_450.png,https://fantasy.afl.com.au/assets/media/players/afl/1009399_450.png
1003130,,,,,,,,https://fantasy.afl.com.au/assets/media/players/afl/1003130_450.png,https://fantasy.afl.com.au/assets/media/players/afl/1003130_450.png
1011936,,,,,,,,https://fantasy.afl.com.au/assets/media/players/afl/1011936_450.png,https://fantasy.afl.com.au/assets/media/players/afl/1011936_450.png
993946,,,,,,,,https://fantasy.afl.com.au/assets/media/players/afl/993946_450.png,https://fantasy.afl.com.au/assets/media/players/afl/993946_450.png
298290,,,,,,,,https://fantasy.afl.com.au/assets/media/players/afl/298290_450.png,https://fantasy.afl.com.au/assets/media/players/afl/298290_450.png
250365,,,,,,,,https://fantasy.afl.com.au/assets/media/players/afl/250365_450.png,https://fantasy.afl.com.au/assets/media/players/afl/250365_450.png
1012829,,,,,,,,https://fantasy.afl.com.au/assets/media/players/afl/1012829_450.png,https://fantasy.afl.com.au/assets/media/players/afl/1012829_450.png
999391,,,,,,,,https://fantasy.afl.com.au/assets/media/players/afl/999391_450.png,https://fantasy.afl.com.au/assets/media/players/afl/999391_450.png
296254,,,,,,,,https://fantasy.afl.com.au/assets/media/players/afl/296254_450.png,https://fantasy.afl.com.au/assets/media/players/afl/296254_450.png
993993,,,,,,,,https://fantasy.afl.com.au/assets/media/players/afl/993993_450.png,https://fantasy.afl.com.au/assets/media/players/afl/993993_450.png
1039499,,,,,,,,https://fantasy.afl.com.au/assets/media/players/afl/1039499_450.png,https://fantasy.afl.com.au/assets/media/players/afl/1039499_450.png
1000223,,,,,,,,https://fantasy.afl.com.au/assets/media/players/afl/1000223_450.png,https://fantasy.afl.com.au/assets/media/players/afl/1000223_450.png
1009191,,,,,,,,https://fantasy.afl.com.au/assets/media/players/afl/1009191_450.png,https://fantasy.afl.com.au/assets/media/players/afl/1009191_450.png
1015329,,,,,,,,https://fantasy.afl.com.au/assets/media/players/afl/1015329_450.png,https://fantasy.afl.com.au/assets/media/players/afl/1015329_450.png
296422,,,,,,,,https://fantasy.afl.com.au/assets/media/players/afl/296422_450.png,https://fantasy.afl.com.au/assets/media/players/afl/296422_450.png
992010,,,,,,,,https://fantasy.afl.com.au/assets/media/players/afl/992010_450.png,https://fantasy.afl.com.au/assets/media/players/afl/992010_450.png
1012825,,,,,,,,https://fantasy.afl.com.au/assets/media/players/afl/1012825_450.png,https://fantasy.afl.com.au/assets/media/players/afl/1012825_450.png
1025034,,,,,,,,https://fantasy.afl.com.au/assets/media/players/afl/1025034_450.png,https://fantasy.afl.com.au/assets/media/players/afl/1025034_450.png
998114,,,,,,,,https://fantasy.afl.com.au/assets/media/players/afl/998114_450.png,https://fantasy.afl.com.au/assets/media/players/afl/998114_450.png
1013224,,,,,,,,https://fantasy.afl.com.au/assets/media/players/afl/1013224_450.png,https://fantasy.afl.com.au/assets/media/players/afl/1013224_450.png
997142,,,,,,,,https://fantasy.afl.com.au/assets/media/players/afl/997142_450.png,https://fantasy.afl.com.au/assets/media/players/afl/997142_450.png
295584,,,,,,,,https://fantasy.afl.com.au/assets/media/players/afl/295584_450.png,https://fantasy.afl.com.au/assets/media/players/afl/295584_450.png
1027702,,,,,,,,https://fantasy.afl.com.au/assets/media/players/afl/1027702_450.png,https://fantasy.afl.com.au/assets/media/players/afl/1027702_450.png
1017939,,,,,,,,https://fantasy.afl.com.au/assets/media/players/afl/1017939_450.png,https://fantasy.afl.com.au/assets/media/players/afl/1017939_450.png
1015886,,,,,,,,https://fantasy.afl.com.au/assets/media/players/afl/1015886_450.png,https://fantasy.afl.com.au/assets/media/players/afl/1015886_450.png
1021660,,,,,,,,https://fantasy.afl.com.au/assets/media/players/afl/1021660_450.png,https://fantasy.afl.com.au/assets/media/players/afl/1021660_450.png
1027011,,,,,,,,https://fantasy.afl.com.au/assets/media/players/afl/1027011_450.png,https://fantasy.afl.com.au/assets/media/players/afl/1027011_450.png
1035199,,,,,,,,https://fantasy.afl.com.au/assets/media/players/afl/1035199_450.png,https://fantasy.afl.com.au/assets/media/players/afl/1035199_450.png
1023270,,,,,,,,https://fantasy.afl.com.au/assets/media/players/afl/1023270_450.png,https://fantasy.afl.com.au/assets/media/players/afl/1023270_450.png
1031506,,,,,,,,https://fantasy.afl.com.au/assets/media/players/afl/1031506_450.png,https://fantasy.afl.com.au/assets/media/players/afl/1031506_450.png
1013257,,,,,,,,https://fantasy.afl.com.au/assets/media/players/afl/1013257_450.png,https://fantasy.afl.com.au/assets/media/players/afl/1013257_450.png
294613,,,,,,,,https://fantasy.afl.com.au/assets/media/players/afl/294613_450.png,https://fantasy.afl.com.au/assets/media/players/afl/294613_450.png
1002312,,,,,,,,https://fantasy.afl.com.au/assets/media/players/afl/1002312_450.png,https://fantasy.afl.com.au/assets/media/players/afl/1002312_450.png
998205,,,,,,,,https://fantasy.afl.com.au/assets/media/players/afl/998205_450.png,https://fantasy.afl.com.au/assets/media/players/afl/998205_450.png
1011994,,,,,,,,https://fantasy.afl.com.au/assets/media/players/afl/1011994_450.png,https://fantasy.afl.com.au/assets/media/players/afl/1011994_450.png
1027901,,,,,,,,https://fantasy.afl.com.au/assets/media/players/afl/1027901_450.png,https://fantasy.afl.com.au/assets/media/players/afl/1027901_450.png
295461,,,,,,,,https://fantasy.afl.com.au/assets/media/players/afl/295461_450.png,https://fantasy.afl.com.au/assets/media/players/afl/295461_450.png
296296,,,,,,,,https://fantasy.afl.com.au/assets/media/players/afl/296296_450.png,https://fantasy.afl.com.au/assets/media/players/afl/296296_450.png
294472,,,,,,,,https://fantasy.afl.com.au/assets/media/players/afl/294472_450.png,https://fantasy.afl.com.au/assets/media/players/afl/294472_450.png
991988,,,,,,,,https://fantasy.afl.com.au/assets/media/players/afl/991988_450.png,https://fantasy.afl.com.au/assets/media/players/afl/991988_450.png
1023495,,,,,,,,https://fantasy.afl.com.au/assets/media/players/afl/1023495_450.png,https://fantasy.afl.com.au/assets/media/players/afl/1023495_450.png
1011954,,,,,,,,https://fantasy.afl.com.au/assets/media/players/afl/1011954_450.png,https://fantasy.afl.com.au/assets/media/players/afl/1011954_450.png
1017063,,,,,,,,https://fantasy.afl.com.au/assets/media/players/afl/1017063_450.png,https://fantasy.afl.com.au/assets/media/players/afl/1017063_450.png
998134,,,,,,,,https://fantasy.afl.com.au/assets/media/players/afl/998134_450.png,https://fantasy.afl.com.au/assets/media/players/afl/998134_450.png
290778,,,,,,,,https://fantasy.afl.com.au/assets/media/players/afl/290778_450.png,https://fantasy.afl.com.au/assets/media/players/afl/290778_450.png
297899,,,,,,,,https://fantasy.afl.com.au/assets/media/players/afl/297899_450.png,https://fantasy.afl.com.au/assets/media/players/afl/297899_450.png
1000864,,,,,,,,https://fantasy.afl.com.au/assets/media/players/afl/1000864_450.png,https://fantasy.afl.com.au/assets/media/players/afl/1000864_450.png
1027701,,,,,,,,https://fantasy.afl.com.au/assets/media/players/afl/1027701_450.png,https://fantasy.afl.com.au/assets/media/players/afl/1027701_450.png
295067,,,,,,,,https://fantasy.afl.com.au/assets/media/players/afl/295067_450.png,https://fantasy.afl.com.au/assets/media/players/afl/295067_450.png
1015473,,,,,,,,https://fantasy.afl.com.au/assets/media/players/afl/1015473_450.png,https://fantasy.afl.com.au/assets/media/players/afl/1015473_450.png
1011589,,,,,,,,https://fantasy.afl.com.au/assets/media/players/afl/1011589_450.png,https://fantasy.afl.com.au/assets/media/players/afl/1011589_450.png
1001396,,,,,,,,https://fantasy.afl.com.au/assets/media/players/afl/1001396_450.png,https://fantasy.afl.com.au/assets/media/players/afl/1001396_450.png
295344,,,,,,,,https://fantasy.afl.com.au/assets/media/players/afl/295344_450.png,https://fantasy.afl.com.au/assets/media/players/afl/295344_450.png
993794,,,,,,,,https://fantasy.afl.com.au/assets/media/players/afl/993794_450.png,https://fantasy.afl.com.au/assets/media/players/afl/993794_450.png
1017110,,,,,,,,https://fantasy.afl.com.au/assets/media/players/afl/1017110_450.png,https://fantasy.afl.com.au/assets/media/players/afl/1017110_450.png
1023492,,,,,,,,https://fantasy.afl.com.au/assets/media/players/afl/1023492_450.png,https://fantasy.afl.com.au/assets/media/players/afl/1023492_450.png
1016825,,,,,,,,https://fantasy.afl.com.au/assets/media/players/afl/1016825_450.png,https://fantasy.afl.com.au/assets/media/players/afl/1016825_450.png
291776,,,,,,,,https://fantasy.afl.com.au/assets/media/players/afl/291776_450.png,https://fantasy.afl.com.au/assets/media/players/afl/291776_450.png
990882,,,,,,,,https://fantasy.afl.com.au/assets/media/players/afl/990882_450.png,https://fantasy.afl.com.au/assets/media/players/afl/990882_450.png
990827,,,,,,,,https://fantasy.afl.com.au/assets/media/players/afl/990827_450.png,https://fantasy.afl.com.au/assets/media/players/afl/990827_450.png
1012857,,,,,,,,https://fantasy.afl.com.au/assets/media/players/afl/1012857_450.png,https://fantasy.afl.com.au/assets/media/players/afl/1012857_450.png
297255,,,,,,,,https://fantasy.afl.com.au/assets/media/players/afl/297255_450.png,https://fantasy.afl.com.au/assets/media/players/afl/297255_450.png
298524,,,,,,,,https://fantasy.afl.com.au/assets/media/players/afl/298524_450.png,https://fantasy.afl.com.au/assets/media/players/afl/298524_450.png
1015873,,,,,,,,https://fantasy.afl.com.au/assets/media/players/afl/1015873_450.png,https://fantasy.afl.com.au/assets/media/players/afl/1015873_450.png
1013220,,,,,,,,https://fantasy.afl.com.au/assets/media/players/afl/1013220_450.png,https://fantasy.afl.com.au/assets/media/players/afl/1013220_450.png
1012819,,,,,,,,https://fantasy.afl.com.au/assets/media/players/afl/1012819_450.png,https://fantasy.afl.com.au/assets/media/players/afl/1012819_450.png
1019938,,,,,,,,https://fantasy.afl.com.au/assets/media/players/afl/1019938_450.png,https://fantasy.afl.com.au/assets/media/players/afl/1019938_450.png
1002256,,,,,,,,https://fantasy.afl.com.au/assets/media/players/afl/1002256_450.png,https://fantasy.afl.com.au/assets/media/players/afl/1002256_450.png
1021031,,,,,,,,https://fantasy.afl.com.au/assets/media/players/afl/1021031_450.png,https://fantasy.afl.com.au/assets/media/players/afl/1021031_450.png
1017665,,,,,,,,https://fantasy.afl.com.au/assets/media/players/afl/1017665_450.png,https://fantasy.afl.com.au/assets/media/players/afl/1017665_450.png
291313,,,,,,,,https://fantasy.afl.com.au/assets/media/players/afl/291313_450.png,https://fantasy.afl.com.au/assets/media/players/afl/291313_450.png
1027704,,,,,,,,https://fantasy.afl.com.au/assets/media/players/afl/1027704_450.png,https://fantasy.afl.com.au/assets/media/players/afl/1027704_450.png
1028291,,,,,,,,https://fantasy.afl.com.au/assets/media/players/afl/1028291_450.png,https://fantasy.afl.com.au/assets/media/players/afl/1028291_450.png
1020057,,,,,,,,https://fantasy.afl.com.au/assets/media/players/afl/1020057_450.png,https://fantasy.afl.com.au/assets/media/players/afl/1020057_450.png
296733,,,,,,,,https://fantasy.afl.com.au/assets/media/players/afl/296733_450.png,https://fantasy.afl.com.au/assets/media/players/afl/296733_450.png
1013268,,,,,,,,https://fantasy.afl.com.au/assets/media/players/afl/1013268_450.png,https://fantasy.afl.com.au/assets/media/players/afl/1013268_450.png
298630,,,,,,,,https://fantasy.afl.com.au/assets/media/players/afl/298630_450.png,https://fantasy.afl.com.au/assets/media/players/afl/298630_450.png
1026960,,,,,,,,https://fantasy.afl.com.au/assets/media/players/afl/1026960_450.png,https://fantasy.afl.com.au/assets/media/players/afl/1026960_450.png
1002404,,,,,,,,https://fantasy.afl.com.au/assets/media/players/afl/1002404_450.png,https://fantasy.afl.com.au/assets/media/players/afl/1002404_450.png
996765,,,,,,,,https://fantasy.afl.com.au/assets/media/players/afl/996765_450.png,https://fantasy.afl.com.au/assets/media/players/afl/996765_450.png
291548,,,,,,,,https://fantasy.afl.com.au/assets/media/players/afl/291548_450.png,https://fantasy.afl.com.au/assets/media/players/afl/291548_450.png
291748,,,,,,,,https://fantasy.afl.com.au/assets/media/players/afl/291748_450.png,https://fantasy.afl.com.au/assets/media/players/afl/291748_450.png
1020137,,,,,,,,https://fantasy.afl.com.au/assets/media/players/afl/1020137_450.png,https://fantasy.afl.com.au/assets/media/players/afl/1020137_450.png
993816,,,,,,,,https://fantasy.afl.com.au/assets/media/players/afl/993816_450.png,https://fantasy.afl.com.au/assets/media/players/afl/993816_450.png
1017126,,,,,,,,https://fantasy.afl.com.au/assets/media/players/afl/1017126_450.png,https://fantasy.afl.com.au/assets/media/players/afl/1017126_450.png
1008541,,,,,,,,https://fantasy.afl.com.au/assets/media/players/afl/1008541_450.png,https://fantasy.afl.com.au/assets/media/players/afl/1008541_450.png
1023515,,,,,,,,https://fantasy.afl.com.au/assets/media/players/afl/1023515_450.png,https://fantasy.afl.com.au/assets/media/players/afl/1023515_450.png
1006144,,,,,,,,https://fantasy.afl.com.au/assets/media/players/afl/1006144_450.png,https://fantasy.afl.com.au/assets/media/players/afl/1006144_450.png
1017065,,,,,,,,https://fantasy.afl.com.au/assets/media/players/afl/1017065_450.png,https://fantasy.afl.com.au/assets/media/players/afl/1017065_450.png
997846,,,,,,,,https://fantasy.afl.com.au/assets/media/players/afl/997846_450.png,https://fantasy.afl.com.au/assets/media/players/afl/997846_450.png
1002235,,,,,,,,https://fantasy.afl.com.au/assets/media/players/afl/1002235_450.png,https://fantasy.afl.com.au/assets/media/players/afl/1002235_450.png
1027875,,,,,,,,https://fantasy.afl.com.au/assets/media/players/afl/1027875_450.png,https://fantasy.afl.com.au/assets/media/players/afl/1027875_450.png
296355,,,,,,,,https://fantasy.afl.com.au/assets/media/players/afl/296355_450.png,https://fantasy.afl.com.au/assets/media/players/afl/296355_450.png
998130,,,,,,,,https://fantasy.afl.com.au/assets/media/players/afl/998130_450.png,https://fantasy.afl.com.au/assets/media/players/afl/998130_450.png
1009226,,,,,,,,https://fantasy.afl.com.au/assets/media/players/afl/1009226_450.png,https://fantasy.afl.com.au/assets/media/players/afl/1009226_450.png
990290,,,,,,,,https://fantasy.afl.com.au/assets/media/players/afl/990290_450.png,https://fantasy.afl.com.au/assets/media/players/afl/990290_450.png
1014026,,,,,,,,https://fantasy.afl.com.au/assets/media/players/afl/1014026_450.png,https://fantasy.afl.com.au/assets/media/players/afl/1014026_450.png
993832,,,,,,,,https://fantasy.afl.com.au/assets/media/players/afl/993832_450.png,https://fantasy.afl.com.au/assets/media/players/afl/993832_450.png
1010174,,,,,,,,https://fantasy.afl.com.au/assets/media/players/afl/1010174_450.png,https://fantasy.afl.com.au/assets/media/players/afl/1010174_450.png
291570,,,,,,,,https://fantasy.afl.com.au/assets/media/players/afl/291570_450.png,https://fantasy.afl.com.au/assets/media/players/afl/291570_450.png
1005053,,,,,,,,https://fantasy.afl.com.au/assets/media/players/afl/1005053_450.png,https://fantasy.afl.com.au/assets/media/players/afl/1005053_450.png
1008139,,,,,,,,https://fantasy.afl.com.au/assets/media/players/afl/1008139_450.png,https://fantasy.afl.com.au/assets/media/players/afl/1008139_450.png
1029159,,,,,,,,https://fantasy.afl.com.au/assets/media/players/afl/1029159_450.png,https://fantasy.afl.com.au/assets/media/players/afl/1029159_450.png
1008855,,,,,,,,https://fantasy.afl.com.au/assets/media/players/afl/1008855_450.png,https://fantasy.afl.com.au/assets/media/players/afl/1008855_450.png
295203,,,,,,,,https://fantasy.afl.com.au/assets/media/players/afl/295203_450.png,https://fantasy.afl.com.au/assets/media/players/afl/295203_450.png
1023743,,,,,,,,https://fantasy.afl.com.au/assets/media/players/afl/1023743_450.png,https://fantasy.afl.com.au/assets/media/players/afl/1023743_450.png
1032161,,,,,,,,https://fantasy.afl.com.au/assets/media/players/afl/1032161_450.png,https://fantasy.afl.com.au/assets/media/players/afl/1032161_450.png
1015370,,,,,,,,https://fantasy.afl.com.au/assets/media/players/afl/1015370_450.png,https://fantasy.afl.com.au/assets/media/players/afl/1015370_450.png
1017051,,,,,,,,https://fantasy.afl.com.au/assets/media/players/afl/1017051_450.png,https://fantasy.afl.com.au/assets/media/players/afl/1017051_450.png
294643,,,,,,,,https://fantasy.afl.com.au/assets/media/players/afl/294643_450.png,https://fantasy.afl.com.au/assets/media/players/afl/294643_450.png
1023482,,,,,,,,https://fantasy.afl.com.au/assets/media/players/afl/1023482_450.png,https://fantasy.afl.com.au/assets/media/players/afl/1023482_450.png
1009421,,,,,,,,https://fantasy.afl.com.au/assets/media/players/afl/1009421_450.png,https://fantasy.afl.com.au/assets/media/players/afl/1009421_450.png
1017128,,,,,,,,https://fantasy.afl.com.au/assets/media/players/afl/1017128_450.png,https://fantasy.afl.com.au/assets/media/players/afl/1017128_450.png
1023346,,,,,,,,https://fantasy.afl.com.au/assets/media/players/afl/1023346_450.png,https://fantasy.afl.com.au/assets/media/players/afl/1023346_450.png
1023708,,,,,,,,https://fantasy.afl.com.au/assets/media/players/afl/1023708_450.png,https://fantasy.afl.com.au/assets/media/players/afl/1023708_450.png
290826,,,,,,,,https://fantasy.afl.com.au/assets/media/players/afl/290826_450.png,https://fantasy.afl.com.au/assets/media/players/afl/290826_450.png
1008454,,,,,,,,https://fantasy.afl.com.au/assets/media/players/afl/1008454_450.png,https://fantasy.afl.com.au/assets/media/players/afl/1008454_450.png
1020250,,,,,,,,https://fantasy.afl.com.au/assets/media/players/afl/1020250_450.png,https://fantasy.afl.com.au/assets/media/players/afl/1020250_450.png
990609,,,,,,,,https://fantasy.afl.com.au/assets/media/players/afl/990609_450.png,https://fantasy.afl.com.au/assets/media/players/afl/990609_450.png
1005577,,,,,,,,https://fantasy.afl.com.au/assets/media/players/afl/1005577_450.png,https://fantasy.afl.com.au/assets/media/players/afl/1005577_450.png
280506,,,,,,,,https://fantasy.afl.com.au/assets/media/players/afl/280506_450.png,https://fantasy.afl.com.au/assets/media/players/afl/280506_450.png
994385,,,,,,,,https://fantasy.afl.com.au/assets/media/players/afl/994385_450.png,https://fantasy.afl.com.au/assets/media/players/afl/994385_450.png
1006143,,,,,,,,https://fantasy.afl.com.au/assets/media/players/afl/1006143_450.png,https://fantasy.afl.com.au/assets/media/players/afl/1006143_450.png
294596,,,,,,,,https://fantasy.afl.com.au/assets/media/players/afl/294596_450.png,https://fantasy.afl.com.au/assets/media/players/afl/294596_450.png
1028228,,,,,,,,https://fantasy.afl.com.au/assets/media/players/afl/1028228_450.png,https://fantasy.afl.com.au/assets/media/players/afl/1028228_450.png
1009195,,,,,,,,https://fantasy.afl.com.au/assets/media/players/afl/1009195_450.png,https://fantasy.afl.com.au/assets/media/players/afl/1009195_450.png
293813,,,,,,,,https://fantasy.afl.com.au/assets/media/players/afl/293813_450.png,https://fantasy.afl.com.au/assets/media/players/afl/293813_450.png
1006203,,,,,,,,https://fantasy.afl.com.au/assets/media/players/afl/1006203_450.png,https://fantasy.afl.com.au/assets/media/players/afl/1006203_450.png
1023167,,,,,,,,https://fantasy.afl.com.au/assets/media/players/afl/1023167_450.png,https://fantasy.afl.com.au/assets/media/players/afl/1023167_450.png
993940,,,,,,,,https://fantasy.afl.com.au/assets/media/players/afl/993940_450.png,https://fantasy.afl.com.au/assets/media/players/afl/993940_450.png
998484,,,,,,,,https://fantasy.afl.com.au/assets/media/players/afl/998484_450.png,https://fantasy.afl.com.au/assets/media/players/afl/998484_450.png
1009301,,,,,,,,https://fantasy.afl.com.au/assets/media/players/afl/1009301_450.png,https://fantasy.afl.com.au/assets/media/players/afl/1009301_450.png
291351,,,,,,,,https://fantasy.afl.com.au/assets/media/players/afl/291351_450.png,https://fantasy.afl.com.au/assets/media/players/afl/291351_450.png
1023489,,,,,,,,https://fantasy.afl.com.au/assets/media/players/afl/1023489_450.png,https://fantasy.afl.com.au/assets/media/players/afl/1023489_450.png
1023785,,,,,,,,https://fantasy.afl.com.au/assets/media/players/afl/1023785_450.png,https://fantasy.afl.com.au/assets/media/players/afl/1023785_450.png
992059,,,,,,,,https://fantasy.afl.com.au/assets/media/players/afl/992059_450.png,https://fantasy.afl.com.au/assets/media/players/afl/992059_450.png
1013409,,,,,,,,https://fantasy.afl.com.au/assets/media/players/afl/1013409_450.png,https://fantasy.afl.com.au/assets/media/players/afl/1013409_450.png
1032108,,,,,,,,https://fantasy.afl.com.au/assets/media/players/afl/1032108_450.png,https://fantasy.afl.com.au/assets/media/players/afl/1032108_450.png
1022844,,,,,,,,https://fantasy.afl.com.au/assets/media/players/afl/1022844_450.png,https://fantasy.afl.com.au/assets/media/players/afl/1022844_450.png
1027834,,,,,,,,https://fantasy.afl.com.au/assets/media/players/afl/1027834_450.png,https://fantasy.afl.com.au/assets/media/players/afl/1027834_450.png
293884,,,,,,,,https://fantasy.afl.com.au/assets/media/players/afl/293884_450.png,https://fantasy.afl.com.au/assets/media/players/afl/293884_450.png
1011981,,,,,,,,https://fantasy.afl.com.au/assets/media/players/afl/1011981_450.png,https://fantasy.afl.com.au/assets/media/players/afl/1011981_450.png
290085,,,,,,,,https://fantasy.afl.com.au/assets/media/players/afl/290085_450.png,https://fantasy.afl.com.au/assets/media/players/afl/290085_450.png
997100,,,,,,,,https://fantasy.afl.com.au/assets/media/players/afl/997100_450.png,https://fantasy.afl.com.au/assets/media/players/afl/997100_450.png
1024304,,,,,,,,https://fantasy.afl.com.au/assets/media/players/afl/1024304_450.png,https://fantasy.afl.com.au/assets/media/players/afl/1024304_450.png
1027006,,,,,,,,https://fantasy.afl.com.au/assets/media/players/afl/1027006_450.png,https://fantasy.afl.com.au/assets/media/players/afl/1027006_450.png
1027854,,,,,,,,https://fantasy.afl.com.au/assets/media/players/afl/1027854_450.png,https://fantasy.afl.com.au/assets/media/players/afl/1027854_450.png
1000887,,,,,,,,https://fantasy.afl.com.au/assets/media/players/afl/1000887_450.png,https://fantasy.afl.com.au/assets/media/players/afl/1000887_450.png
1004848,,,,,,,,https://fantasy.afl.com.au/assets/media/players/afl/1004848_450.png,https://fantasy.afl.com.au/assets/media/players/afl/1004848_450.png
993820,,,,,,,,https://fantasy.afl.com.au/assets/media/players/afl/993820_450.png,https://fantasy.afl.com.au/assets/media/players/afl/993820_450.png
1013974,,,,,,,,https://fantasy.afl.com.au/assets/media/players/afl/1013974_450.png,https://fantasy.afl.com.au/assets/media/players/afl/1013974_450.png
1023025,,,,,,,,https://fantasy.afl.com.au/assets/media/players/afl/1023025_450.png,https://fantasy.afl.com.au/assets/media/players/afl/1023025_450.png
293801,,,,,,,,https://fantasy.afl.com.au/assets/media/players/afl/293801_450.png,https://fantasy.afl.com.au/assets/media/players/afl/293801_450.png
996059,,,,,,,,https://fantasy.afl.com.au/assets/media/players/afl/996059_450.png,https://fantasy.afl.com.au/assets/media/players/afl/996059_450.png
997230,,,,,,,,https://fantasy.afl.com.au/assets/media/players/afl/997230_450.png,https://fantasy.afl.com.au/assets/media/players/afl/997230_450.png
1005992,,,,,,,,https://fantasy.afl.com.au/assets/media/players/afl/1005992_450.png,https://fantasy.afl.com.au/assets/media/players/afl/1005992_450.png
1011803,,,,,,,,https://fantasy.afl.com.au/assets/media/players/afl/1011803_450.png,https://fantasy.afl.com.au/assets/media/players/afl/1011803_450.png
1009317,,,,,,,,https://fantasy.afl.com.au/assets/media/players/afl/1009317_450.png,https://fantasy.afl.com.au/assets/media/players/afl/1009317_450.png
1000932,,,,,,,,https://fantasy.afl.com.au/assets/media/players/afl/1000932_450.png,https://fantasy.afl.com.au/assets/media/players/afl/1000932_450.png
1002227,,,,,,,,https://fantasy.afl.com.au/assets/media/players/afl/1002227_450.png,https://fantasy.afl.com.au/assets/media/players/afl/1002227_450.png
293581,,,,,,,,https://fantasy.afl.com.au/assets/media/players/afl/293581_450.png,https://fantasy.afl.com.au/assets/media/players/afl/293581_450.png
291978,,,,,,,,https://fantasy.afl.com.au/assets/media/players/afl/291978_450.png,https://fantasy.afl.com.au/assets/media/players/afl/291978_450.png
1013230,,,,,,,,https://fantasy.afl.com.au/assets/media/players/afl/1013230_450.png,https://fantasy.afl.com.au/assets/media/players/afl/1013230_450.png
999331,,,,,,,,https://fantasy.afl.com.au/assets/media/players/afl/999331_450.png,https://fantasy.afl.com.au/assets/media/players/afl/999331_450.png
1023533,,,,,,,,https://fantasy.afl.com.au/assets/media/players/afl/1023533_450.png,https://fantasy.afl.com.au/assets/media/players/afl/1023533_450.png
290246,,,,,,,,https://fantasy.afl.com.au/assets/media/players/afl/290246_450.png,https://fantasy.afl.com.au/assets/media/players/afl/290246_450.png
1031829,,,,,,,,https://fantasy.afl.com.au/assets/media/players/afl/1031829_450.png,https://fantasy.afl.com.au/assets/media/players/afl/1031829_450.png
1004095,,,,,,,,https://fantasy.afl.com.au/assets/media/players/afl/1004095_450.png,https://fantasy.afl.com.au/assets/media/players/afl/1004095_450.png
1005717,,,,,,,,https://fantasy.afl.com.au/assets/media/players/afl/1005717_450.png,https://fantasy.afl.com.au/assets/media/players/afl/1005717_450.png
298280,,,,,,,,https://fantasy.afl.com.au/assets/media/players/afl/298280_450.png,https://fantasy.afl.com.au/assets/media/players/afl/298280_450.png
1017703,,,,,,,,https://fantasy.afl.com.au/assets/media/players/afl/1017703_450.png,https://fantasy.afl.com.au/assets/media/players/afl/1017703_450.png
1013133,,,,,,,,https://fantasy.afl.com.au/assets/media/players/afl/1013133_450.png,https://fantasy.afl.com.au/assets/media/players/afl/1013133_450.png
291533,,,,,,,,https://fantasy.afl.com.au/assets/media/players/afl/291533_450.png,https://fantasy.afl.com.au/assets/media/players/afl/291533_450.png
1012860,,,,,,,,https://fantasy.afl.com.au/assets/media/players/afl/1012860_450.png,https://fantasy.afl.com.au/assets/media/players/afl/1012860_450.png
1001017,,,,,,,,https://fantasy.afl.com.au/assets/media/players/afl/1001017_450.png,https://fantasy.afl.com.au/assets/media/players/afl/1001017_450.png
294685,,,,,,,,https://fantasy.afl.com.au/assets/media/players/afl/294685_450.png,https://fantasy.afl.com.au/assets/media/players/afl/294685_450.png
298289,,,,,,,,https://fantasy.afl.com.au/assets/media/players/afl/298289_450.png,https://fantasy.afl.com.au/assets/media/players/afl/298289_450.png
280744,,,,,,,,https://fantasy.afl.com.au/assets/media/players/afl/280744_450.png,https://fantasy.afl.com.au/assets/media/players/afl/280744_450.png
1002401,,,,,,,,https://fantasy.afl.com.au/assets/media/players/afl/1002401_450.png,https://fantasy.afl.com.au/assets/media/players/afl/1002401_450.png
1023473,,,,,,,,https://fantasy.afl.com.au/assets/media/players/afl/1023473_450.png,https://fantasy.afl.com.au/assets/media/players/afl/1023473_450.png
993953,,,,,,,,https://fantasy.afl.com.au/assets/media/players/afl/993953_450.png,https://fantasy.afl.com.au/assets/media/players/afl/993953_450.png
998647,,,,,,,,https://fantasy.afl.com.au/assets/media/players/afl/998647_450.png,https://fantasy.afl.com.au/assets/media/players/afl/998647_450.png
298437,,,,,,,,https://fantasy.afl.com.au/assets/media/players/afl/298437_450.png,https://fantasy.afl.com.au/assets/media/players/afl/298437_450.png
1007102,,,,,,,,https://fantasy.afl.com.au/assets/media/players/afl/1007102_450.png,https://fantasy.afl.com.au/assets/media/players/afl/1007102_450.png
1000860,,,,,,,,https://fantasy.afl.com.au/assets/media/players/afl/1000860_450.png,https://fantasy.afl.com.au/assets/media/players/afl/1000860_450.png
1001028,,,,,,,,https://fantasy.afl.com.au/assets/media/players/afl/1001028_450.png,https://fantasy.afl.com.au/assets/media/players/afl/1001028_450.png
1027821,,,,,,,,https://fantasy.afl.com.au/assets/media/players/afl/1027821_450.png,https://fantasy.afl.com.au/assets/media/players/afl/1027821_450.png
996692,,,,,,,,https://fantasy.afl.com.au/assets/media/players/afl/996692_450.png,https://fantasy.afl.com.au/assets/media/players/afl/996692_450.png
1004364,,,,,,,,https://fantasy.afl.com.au/assets/media/players/afl/1004364_450.png,https://fantasy.afl.com.au/assets/media/players/afl/1004364_450.png
1004385,,,,,,,,https://fantasy.afl.com.au/assets/media/players/afl/1004385_450.png,https://fantasy.afl.com.au/assets/media/players/afl/1004385_450.png
291720,,,,,,,,https://fantasy.afl.com.au/assets/media/players/afl/291720_450.png,https://fantasy.afl.com.au/assets/media/players/afl/291720_450.png
290838,,,,,,,,https://fantasy.afl.com.au/assets/media/players/afl/290838_450.png,https://fantasy.afl.com.au/assets/media/players/afl/290838_450.png
1005988,,,,,,,,https://fantasy.afl.com.au/assets/media/players/afl/1005988_450.png,https://fantasy.afl.com.au/assets/media/players/afl/1005988_450.png
1017124,,,,,,,,https://fantasy.afl.com.au/assets/media/players/afl/1017124_450.png,https://fantasy.afl.com.au/assets/media/players/afl/1017124_450.png
1008384,,,,,,,,https://fantasy.afl.com.au/assets/media/players/afl/1008384_450.png,https://fantasy.afl.com.au/assets/media/players/afl/1008384_450.png
998390,,,,,,,,https://fantasy.afl.com.au/assets/media/players/afl/998390_450.png,https://fantasy.afl.com.au/assets/media/players/afl/998390_450.png
1015827,,,,,,,,https://fantasy.afl.com.au/assets/media/players/afl/1015827_450.png,https://fantasy.afl.com.au/assets/media/players/afl/1015827_450.png
1008123,,,,,,,,https://fantasy.afl.com.au/assets/media/players/afl/1008123_450.png,https://fantasy.afl.com.au/assets/media/players/afl/1008123_450.png
1008089,,,,,,,,https://fantasy.afl.com.au/assets/media/players/afl/1008089_450.png,https://fantasy.afl.com.au/assets/media/players/afl/1008089_450.png
1017088,,,,,,,,https://fantasy.afl.com.au/assets/media/players/afl/1017088_450.png,https://fantasy.afl.com.au/assets/media/players/afl/1017088_450.png
1006148,,,,,,,,https://fantasy.afl.com.au/assets/media/players/afl/1006148_450.png,https://fantasy.afl.com.au/assets/media/players/afl/1006148_450.png
290832,,,,,,,,https://fantasy.afl.com.au/assets/media/players/afl/290832_450.png,https://fantasy.afl.com.au/assets/media/players/afl/290832_450.png
1008154,,,,,,,,https://fantasy.afl.com.au/assets/media/players/afl/1008154_450.png,https://fantasy.afl.com.au/assets/media/players/afl/1008154_450.png
294592,,,,,,,,https://fantasy.afl.com.au/assets/media/players/afl/294592_450.png,https://fantasy.afl.com.au/assets/media/players/afl/294592_450.png
1019916,,,,,,,,https://fantasy.afl.com.au/assets/media/players/afl/1019916_450.png,https://fantasy.afl.com.au/assets/media/players/afl/1019916_450.png
1012833,,,,,,,,https://fantasy.afl.com.au/assets/media/players/afl/1012833_450.png,https://fantasy.afl.com.au/assets/media/players/afl/1012833_450.png
1004998,,,,,,,,https://fantasy.afl.com.au/assets/media/players/afl/1004998_450.png,https://fantasy.afl.com.au/assets/media/players/afl/1004998_450.png
1023537,,,,,,,,https://fantasy.afl.com.au/assets/media/players/afl/1023537_450.png,https://fantasy.afl.com.au/assets/media/players/afl/1023537_450.png
1013197,,,,,,,,https://fantasy.afl.com.au/assets/media/players/afl/1013197_450.png,https://fantasy.afl.com.au/assets/media/players/afl/1013197_450.png
1023272,,,,,,,,https://fantasy.afl.com.au/assets/media/players/afl/1023272_450.png,https://fantasy.afl.com.au/assets/media/players/afl/1023272_450.png
1005330,,,,,,,,https://fantasy.afl.com.au/assets/media/players/afl/1005330_450.png,https://fantasy.afl.com.au/assets/media/players/afl/1005330_450.png
1006533,,,,,,,,https://fantasy.afl.com.au/assets/media/players/afl/1006533_450.png,https://fantasy.afl.com.au/assets/media/players/afl/1006533_450.png
290757,,,,,,,,https://fantasy.afl.com.au/assets/media/players/afl/290757_450.png,https://fantasy.afl.com.au/assets/media/players/afl/290757_450.png
993979,,,,,,,,https://fantasy.afl.com.au/assets/media/players/afl/993979_450.png,https://fantasy.afl.com.au/assets/media/players/afl/993979_450.png
1023680,,,,,,,,https://fantasy.afl.com.au/assets/media/players/afl/1023680_450.png,https://fantasy.afl.com.au/assets/media/players/afl/1023680_450.png
1009386,,,,,,,,https://fantasy.afl.com.au/assets/media/players/afl/1009386_450.png,https://fantasy.afl.com.au/assets/media/players/afl/1009386_450.png
294469,,,,,,,,https://fantasy.afl.com.au/assets/media/players/afl/294469_450.png,https://fantasy.afl.com.au/assets/media/players/afl/294469_450.png
1006127,,,,,,,,https://fantasy.afl.com.au/assets/media/players/afl/1006127_450.png,https://fantasy.afl.com.au/assets/media/players/afl/1006127_450.png
1004530,,,,,,,,https://fantasy.afl.com.au/assets/media/players/afl/1004530_450.png,https://fantasy.afl.com.au/assets/media/players/afl/1004530_450.png
1004985,,,,,,,,https://fantasy.afl.com.au/assets/media/players/afl/1004985_450.png,https://fantasy.afl.com.au/assets/media/players/afl/1004985_450.png
1009241,,,,,,,,https://fantasy.afl.com.au/assets/media/players/afl/1009241_450.png,https://fantasy.afl.com.au/assets/media/players/afl/1009241_450.png
1020594,,,,,,,,https://fantasy.afl.com.au/assets/media/players/afl/1020594_450.png,https://fantasy.afl.com.au/assets/media/players/afl/1020594_450.png
1009410,,,,,,,,https://fantasy.afl.com.au/assets/media/players/afl/1009410_450.png,https://fantasy.afl.com.au/assets/media/players/afl/1009410_450.png
1011985,,,,,,,,https://fantasy.afl.com.au/assets/media/players/afl/1011985_450.png,https://fantasy.afl.com.au/assets/media/players/afl/1011985_450.png
1021103,,,,,,,,https://fantasy.afl.com.au/assets/media/players/afl/1021103_450.png,https://fantasy.afl.com.au/assets/media/players/afl/1021103_450.png
1012386,,,,,,,,https://fantasy.afl.com.au/assets/media/players/afl/1012386_450.png,https://fantasy.afl.com.au/assets/media/players/afl/1012386_450.png
1005326,,,,,,,,https://fantasy.afl.com.au/assets/media/players/afl/1005326_450.png,https://fantasy.afl.com.au/assets/media/players/afl/1005326_450.png
1002947,,,,,,,,https://fantasy.afl.com.au/assets/media/players/afl/1002947_450.png,https://fantasy.afl.com.au/assets/media/players/afl/1002947_450.png
1028566,,,,,,,,https://fantasy.afl.com.au/assets/media/players/afl/1028566_450.png,https://fantasy.afl.com.au/assets/media/players/afl/1028566_450.png
290307,,,,,,,,https://fantasy.afl.com.au/assets/media/players/afl/290307_450.png,https://fantasy.afl.com.au/assets/media/players/afl/290307_450.png
1017118,,,,,,,,https://fantasy.afl.com.au/assets/media/players/afl/1017118_450.png,https://fantasy.afl.com.au/assets/media/players/afl/1017118_450.png
1017087,,,,,,,,https://fantasy.afl.com.au/assets/media/players/afl/1017087_450.png,https://fantasy.afl.com.au/assets/media/players/afl/1017087_450.png
1024279,,,,,,,,https://fantasy.afl.com.au/assets/media/players/afl/1024279_450.png,https://fantasy.afl.com.au/assets/media/players/afl/1024279_450.png
298421,,,,,,,,https://fantasy.afl.com.au/assets/media/players/afl/298421_450.png,https://fantasy.afl.com.au/assets/media/players/afl/298421_450.png
1018018,,,,,,,,https://fantasy.afl.com.au/assets/media/players/afl/1018018_450.png,https://fantasy.afl.com.au/assets/media/players/afl/1018018_450.png
1013532,,,,,,,,https://fantasy.afl.com.au/assets/media/players/afl/1013532_450.png,https://fantasy.afl.com.au/assets/media/players/afl/1013532_450.png
1024188,,,,,,,,https://fantasy.afl.com.au/assets/media/players/afl/1024188_450.png,https://fantasy.afl.com.au/assets/media/players/afl/1024188_450.png
297456,,,,,,,,https://fantasy.afl.com.au/assets/media/players/afl/297456_450.png,https://fantasy.afl.com.au/assets/media/players/afl/297456_450.png
998180,,,,,,,,https://fantasy.afl.com.au/assets/media/players/afl/998180_450.png,https://fantasy.afl.com.au/assets/media/players/afl/998180_450.png
1000998,,,,,,,,https://fantasy.afl.com.au/assets/media/players/afl/1000998_450.png,https://fantasy.afl.com.au/assets/media/players/afl/1000998_450.png
1001438,,,,,,,,https://fantasy.afl.com.au/assets/media/players/afl/1001438_450.png,https://fantasy.afl.com.au/assets/media/players/afl/1001438_450.png
991930,,,,,,,,https://fantasy.afl.com.au/assets/media/players/afl/991930_450.png,https://fantasy.afl.com.au/assets/media/players/afl/991930_450.png
291849,,,,,,,,https://fantasy.afl.com.au/assets/media/players/afl/291849_450.png,https://fantasy.afl.com.au/assets/media/players/afl/291849_450.png
281007,,,,,,,,https://fantasy.afl.com.au/assets/media/players/afl/281007_450.png,https://fantasy.afl.com.au/assets/media/players/afl/281007_450.png
997501,,,,,,,,https://fantasy.afl.com.au/assets/media/players/afl/997501_450.png,https://fantasy.afl.com.au/assets/media/players/afl/997501_450.png
1002795,,,,,,,,https://fantasy.afl.com.au/assets/media/players/afl/1002795_450.png,https://fantasy.afl.com.au/assets/media/players/afl/1002795_450.png
1017077,,,,,,,,https://fantasy.afl.com.au/assets/media/players/afl/1017077_450.png,https://fantasy.afl.com.au/assets/media/players/afl/1017077_450.png
1028539,,,,,,,,https://fantasy.afl.com.au/assets/media/players/afl/1028539_450.png,https://fantasy.afl.com.au/assets/media/players/afl/1028539_450.png
1029030,,,,,,,,https://fantasy.afl.com.au/assets/media/players/afl/1029030_450.png,https://fantasy.afl.com.au/assets/media/players/afl/1029030_450.png
1032119,,,,,,,,https://fantasy.afl.com.au/assets/media/players/afl/1032119_450.png,https://fantasy.afl.com.au/assets/media/players/afl/1032119_450.png
1008312,,,,,,,,https://fantasy.afl.com.au/assets/media/players/afl/1008312_450.png,https://fantasy.afl.com.au/assets/media/players/afl/1008312_450.png
999824,,,,,,,,https://fantasy.afl.com.au/assets/media/players/afl/999824_450.png,https://fantasy.afl.com.au/assets/media/players/afl/999824_450.png
1028531,,,,,,,,https://fantasy.afl.com.au/assets/media/players/afl/1028531_450.png,https://fantasy.afl.com.au/assets/media/players/afl/1028531_450.png
1028546,,,,,,,,https://fantasy.afl.com.au/assets/media/players/afl/1028546_450.png,https://fantasy.afl.com.au/assets/media/players/afl/1028546_450.png
1020650,,,,,,,,https://fantasy.afl.com.au/assets/media/players/afl/1020650_450.png,https://fantasy.afl.com.au/assets/media/players/afl/1020650_450.png
1028485,,,,,,,,https://fantasy.afl.com.au/assets/media/players/afl/1028485_450.png,https://fantasy.afl.com.au/assets/media/players/afl/1028485_450.png
1032619,,,,,,,,https://fantasy.afl.com.au/assets/media/players/afl/1032619_450.png,https://fantasy.afl.com.au/assets/media/players/afl/1032619_450.png
1021353,,,,,,,,https://fantasy.afl.com.au/assets/media/players/afl/1021353_450.png,https://fantasy.afl.com.au/assets/media/players/afl/1021353_450.png
290314,,,,,,,,https://fantasy.afl.com.au/assets/media/players/afl/290314_450.png,https://fantasy.afl.com.au/assets/media/players/afl/290314_450.png
1013233,,,,,,,,https://fantasy.afl.com.au/assets/media/players/afl/1013233_450.png,https://fantasy.afl.com.au/assets/media/players/afl/1013233_450.png
1020670,,,,,,,,https://fantasy.afl.com.au/assets/media/players/afl/1020670_450.png,https://fantasy.afl.com.au/assets/media/players/afl/1020670_450.png
297504,,,,,,,,https://fantasy.afl.com.au/assets/media/players/afl/297504_450.png,https://fantasy.afl.com.au/assets/media/players/afl/297504_450.png
1008239,,,,,,,,https://fantasy.afl.com.au/assets/media/players/afl/1008239_450.png,https://fantasy.afl.com.au/assets/media/players/afl/1008239_450.png
996232,,,,,,,,https://fantasy.afl.com.au/assets/media/players/afl/996232_450.png,https://fantasy.afl.com.au/assets/media/players/afl/996232_450.png
1029456,,,,,,,,https://fantasy.afl.com.au/assets/media/players/afl/1029456_450.png,https://fantasy.afl.com.au/assets/media/players/afl/1029456_450.png
1032112,,,,,,,,https://fantasy.afl.com.au/assets/media/players/afl/1032112_450.png,https://fantasy.afl.com.au/assets/media/players/afl/1032112_450.png
1029148,,,,,,,,https://fantasy.afl.com.au/assets/media/players/afl/1029148_450.png,https://fantasy.afl.com.au/assets/media/players/afl/1029148_450.png
1022452,,,,,,,,https://fantasy.afl.com.au/assets/media/players/afl/1022452_450.png,https://fantasy.afl.com.au/assets/media/players/afl/1022452_450.png
1027282,,,,,,,,https://fantasy.afl.com.au/assets/media/players/afl/1027282_450.png,https://fantasy.afl.com.au/assets/media/players/afl/1027282_450.png
1028515,,,,,,,,https://fantasy.afl.com.au/assets/media/players/afl/1028515_450.png,https://fantasy.afl.com.au/assets/media/players/afl/1028515_450.png
1028554,,,,,,,,https://fantasy.afl.com.au/assets/media/players/afl/1028554_450.png,https://fantasy.afl.com.au/assets/media/players/afl/1028554_450.png
1029265,,,,,,,,https://fantasy.afl.com.au/assets/media/players/afl/1029265_450.png,https://fantasy.afl.com.au/assets/media/players/afl/1029265_450.png
1028495,,,,,,,,https://fantasy.afl.com.au/assets/media/players/afl/1028495_450.png,https://fantasy.afl.com.au/assets/media/players/afl/1028495_450.png
1029281,,,,,,,,https://fantasy.afl.com.au/assets/media/players/afl/1029281_450.png,https://fantasy.afl.com.au/assets/media/players/afl/1029281_450.png
1015777,,,,,,,,https://fantasy.afl.com.au/assets/media/players/afl/1015777_450.png,https://fantasy.afl.com.au/assets/media/players/afl/1015777_450.png
1012828,,,,,,,,https://fantasy.afl.com.au/assets/media/players/afl/1012828_450.png,https://fantasy.afl.com.au/assets/media/players/afl/1012828_450.png
999321,,,,,,,,https://fantasy.afl.com.au/assets/media/players/afl/999321_450.png,https://fantasy.afl.com.au/assets/media/players/afl/999321_450.png
997033,,,,,,,,https://fantasy.afl.com.au/assets/media/players/afl/997033_450.png,https://fantasy.afl.com.au/assets/media/players/afl/997033_450.png
1027790,,,,,,,,https://fantasy.afl.com.au/assets/media/players/afl/1027790_450.png,https://fantasy.afl.com.au/assets/media/players/afl/1027790_450.png
1007099,,,,,,,,https://fantasy.afl.com.au/assets/media/players/afl/1007099_450.png,https://fantasy.afl.com.au/assets/media/players/afl/1007099_450.png
1015781,,,,,,,,https://fantasy.afl.com.au/assets/media/players/afl/1015781_450.png,https://fantasy.afl.com.au/assets/media/players/afl/1015781_450.png
1017122,,,,,,,,https://fantasy.afl.com.au/assets/media/players/afl/1017122_450.png,https://fantasy.afl.com.au/assets/media/players/afl/1017122_450.png
1015919,,,,,,,,https://fantasy.afl.com.au/assets/media/players/afl/1015919_450.png,https://fantasy.afl.com.au/assets/media/players/afl/1015919_450.png
1028519,,,,,,,,https://fantasy.afl.com.au/assets/media/players/afl/1028519_450.png,https://fantasy.afl.com.au/assets/media/players/afl/1028519_450.png
1032023,,,,,,,,https://fantasy.afl.com.au/assets/media/players/afl/1032023_450.png,https://fantasy.afl.com.au/assets/media/players/afl/1032023_450.png
1024187,,,,,,,,https://fantasy.afl.com.au/assets/media/players/afl/1024187_450.png,https://fantasy.afl.com.au/assets/media/players/afl/1024187_450.png
1028520,,,,,,,,https://fantasy.afl.com.au/assets/media/players/afl/1028520_450.png,https://fantasy.afl.com.au/assets/media/players/afl/1028520_450.png
1028560,,,,,,,,https://fantasy.afl.com.au/assets/media/players/afl/1028560_450.png,https://fantasy.afl.com.au/assets/media/players/afl/1028560_450.png
1004757,,,,,,,,https://fantasy.afl.com.au/assets/media/players/afl/1004757_450.png,https://fantasy.afl.com.au/assets/media/players/afl/1004757_450.png
1023640,,,,,,,,https://fantasy.afl.com.au/assets/media/players/afl/1023640_450.png,https://fantasy.afl.com.au/assets/media/players/afl/1023640_450.png
1000937,,,,,,,,https://fantasy.afl.com.au/assets/media/players/afl/1000937_450.png,https://fantasy.afl.com.au/assets/media/players/afl/1000937_450.png
993917,,,,,,,,https://fantasy.afl.com.au/assets/media/players/afl/993917_450.png,https://fantasy.afl.com.au/assets/media/players/afl/993917_450.png
999326,,,,,,,,https://fantasy.afl.com.au/assets/media/players/afl/999326_450.png,https://fantasy.afl.com.au/assets/media/players/afl/999326_450.png
1023681,,,,,,,,https://fantasy.afl.com.au/assets/media/players/afl/1023681_450.png,https://fantasy.afl.com.au/assets/media/players/afl/1023681_450.png
1028489,,,,,,,,https://fantasy.afl.com.au/assets/media/players/afl/1028489_450.png,https://fantasy.afl.com.au/assets/media/players/afl/1028489_450.png
1032081,,,,,,,,https://fantasy.afl.com.au/assets/media/players/afl/1032081_450.png,https://fantasy.afl.com.au/assets/media/players/afl/1032081_450.png
296190,,,,,,,,https://fantasy.afl.com.au/assets/media/players/afl/296190_450.png,https://fantasy.afl.com.au/assets/media/players/afl/296190_450.png
1020855,,,,,,,,https://fantasy.afl.com.au/assets/media/players/afl/1020855_450.png,https://fantasy.afl.com.au/assets/media/players/afl/1020855_450.png
1028514,,,,,,,,https://fantasy.afl.com.au/assets/media/players/afl/1028514_450.png,https://fantasy.afl.com.au/assets/media/players/afl/1028514_450.png
1028513,,,,,,,,https://fantasy.afl.com.au/assets/media/players/afl/1028513_450.png,https://fantasy.afl.com.au/assets/media/players/afl/1028513_450.png
1012826,,,,,,,,https://fantasy.afl.com.au/assets/media/players/afl/1012826_450.png,https://fantasy.afl.com.au/assets/media/players/afl/1012826_450.png
1018987,,,,,,,,https://fantasy.afl.com.au/assets/media/players/afl/1018987_450.png,https://fantasy.afl.com.au/assets/media/players/afl/1018987_450.png
1011755,,,,,,,,https://fantasy.afl.com.au/assets/media/players/afl/1011755_450.png,https://fantasy.afl.com.au/assets/media/players/afl/1011755_450.png
1027726,,,,,,,,https://fantasy.afl.com.au/assets/media/players/afl/1027726_450.png,https://fantasy.afl.com.au/assets/media/players/afl/1027726_450.png
1031989,,,,,,,,https://fantasy.afl.com.au/assets/media/players/afl/1031989_450.png,https://fantasy.afl.com.au/assets/media/players/afl/1031989_450.png
298281,,,,,,,,https://fantasy.afl.com.au/assets/media/players/afl/298281_450.png,https://fantasy.afl.com.au/assets/media/players/afl/298281_450.png
1017095,,,,,,,,https://fantasy.afl.com.au/assets/media/players/afl/1017095_450.png,https://fantasy.afl.com.au/assets/media/players/afl/1017095_450.png
1008478,,,,,,,,https://fantasy.afl.com.au/assets/media/players/afl/1008478_450.png,https://fantasy.afl.com.au/assets/media/players/afl/1008478_450.png
1008543,,,,,,,,https://fantasy.afl.com.au/assets/media/players/afl/1008543_450.png,https://fantasy.afl.com.au/assets/media/players/afl/1008543_450.png
1017751,,,,,,,,https://fantasy.afl.com.au/assets/media/players/afl/1017751_450.png,https://fantasy.afl.com.au/assets/media/players/afl/1017751_450.png
1009708,,,,,,,,https://fantasy.afl.com.au/assets/media/players/afl/1009708_450.png,https://fantasy.afl.com.au/assets/media/players/afl/1009708_450.png
1002245,,,,,,,,https://fantasy.afl.com.au/assets/media/players/afl/1002245_450.png,https://fantasy.afl.com.au/assets/media/players/afl/1002245_450.png
1028491,,,,,,,,https://fantasy.afl.com.au/assets/media/players/afl/1028491_450.png,https://fantasy.afl.com.au/assets/media/players/afl/1028491_450.png
1028572,,,,,,,,https://fantasy.afl.com.au/assets/media/players/afl/1028572_450.png,https://fantasy.afl.com.au/assets/media/players/afl/1028572_450.png
1022607,,,,,,,,https://fantasy.afl.com.au/assets/media/players/afl/1022607_450.png,https://fantasy.afl.com.au/assets/media/players/afl/1022607_450.png
1028496,,,,,,,,https://fantasy.afl.com.au/assets/media/players/afl/1028496_450.png,https://fantasy.afl.com.au/assets/media/players/afl/1028496_450.png
1028671,,,,,,,,https://fantasy.afl.com.au/assets/media/players/afl/1028671_450.png,https://fantasy.afl.com.au/assets/media/players/afl/1028671_450.png
1022915,,,,,,,,https://fantasy.afl.com.au/assets/media/players/afl/1022915_450.png,https://fantasy.afl.com.au/assets/media/players/afl/1022915_450.png
1006135,,,,,,,,https://fantasy.afl.com.au/assets/media/players/afl/1006135_450.png,https://fantasy.afl.com.au/assets/media/players/afl/1006135_450.png
992374,,,,,,,,https://fantasy.afl.com.au/assets/media/players/afl/992374_450.png,https://fantasy.afl.com.au/assets/media/players/afl/992374_450.png
1012218,,,,,,,,https://fantasy.afl.com.au/assets/media/players/afl/1012218_450.png,https://fantasy.afl.com.au/assets/media/players/afl/1012218_450.png
1015330,,,,,,,,https://fantasy.afl.com.au/assets/media/players/afl/1015330_450.png,https://fantasy.afl.com.au/assets/media/players/afl/1015330_450.png
1022371,,,,,,,,https://fantasy.afl.com.au/assets/media/players/afl/1022371_450.png,https://fantasy.afl.com.au/assets/media/players/afl/1022371_450.png
1022601,,,,,,,,https://fantasy.afl.com.au/assets/media/players/afl/1022601_450.png,https://fantasy.afl.com.au/assets/media/players/afl/1022601_450.png
1028563,,,,,,,,https://fantasy.afl.com.au/assets/media/players/afl/1028563_450.png,https://fantasy.afl.com.au/assets/media/players/afl/1028563_450.png
1003203,,,,,,,,https://fantasy.afl.com.au/assets/media/players/afl/1003203_450.png,https://fantasy.afl.com.au/assets/media/players/afl/1003203_450.png
296225,,,,,,,,https://fantasy.afl.com.au/assets/media/players/afl/296225_450.png,https://fantasy.afl.com.au/assets/media/players/afl/296225_450.png
298111,,,,,,,,https://fantasy.afl.com.au/assets/media/players/afl/298111_450.png,https://fantasy.afl.com.au/assets/media/players/afl/298111_450.png
1028538,,,,,,,,https://fantasy.afl.com.au/assets/media/players/afl/1028538_450.png,https://fantasy.afl.com.au/assets/media/players/afl/1028538_450.png
1029301,,,,,,,,https://fantasy.afl.com.au/assets/media/players/afl/1029301_450.png,https://fantasy.afl.com.au/assets/media/players/afl/1029301_450.png
1038801,,,,,,,,https://fantasy.afl.com.au/assets/media/players/afl/1038801_450.png,https://fantasy.afl.com.au/assets/media/players/afl/1038801_450.png
1021015,,,,,,,,https://fantasy.afl.com.au/assets/media/players/afl/1021015_450.png,https://fantasy.afl.com.au/assets/media/players/afl/1021015_450.png
1017720,,,,,,,,https://fantasy.afl.com.au/assets/media/players/afl/1017720_450.png,https://fantasy.afl.com.au/assets/media/players/afl/1017720_450.png
1005986,,,,,,,,https://fantasy.afl.com.au/assets/media/players/afl/1005986_450.png,https://fantasy.afl.com.au/assets/media/players/afl/1005986_450.png
1002228,,,,,,,,https://fantasy.afl.com.au/assets/media/players/afl/1002228_450.png,https://fantasy.afl.com.au/assets/media/players/afl/1002228_450.png
1027935,,,,,,,,https://fantasy.afl.com.au/assets/media/players/afl/1027935_450.png,https://fantasy.afl.com.au/assets/media/players/afl/1027935_450.png
994077,,,,,,,,https://fantasy.afl.com.au/assets/media/players/afl/994077_450.png,https://fantasy.afl.com.au/assets/media/players/afl/994077_450.png
1009385,,,,,,,,https://fantasy.afl.com.au/assets/media/players/afl/1009385_450.png,https://fantasy.afl.com.au/assets/media/players/afl/1009385_450.png
1027058,,,,,,,,https://fantasy.afl.com.au/assets/media/players/afl/1027058_450.png,https://fantasy.afl.com.au/assets/media/players/afl/1027058_450.png
1027687,,,,,,,,https://fantasy.afl.com.au/assets/media/players/afl/1027687_450.png,https://fantasy.afl.com.au/assets/media/players/afl/1027687_450.png
1029589,,,,,,,,https://fantasy.afl.com.au/assets/media/players/afl/1029589_450.png,https://fantasy.afl.com.au/assets/media/players/afl/1029589_450.png
1032922,,,,,,,,https://fantasy.afl.com.au/assets/media/players/afl/1032922_450.png,https://fantasy.afl.com.au/assets/media/players/afl/1032922_450.png
990740,,,,,,,,https://fantasy.afl.com.au/assets/media/players/afl/990740_450.png,https://fantasy.afl.com.au/assets/media/players/afl/990740_450.png
997316,,,,,,,,https://fantasy.afl.com.au/assets/media/players/afl/997316_450.png,https://fantasy.afl.com.au/assets/media/players/afl/997316_450.png
296291,,,,,,,,https://fantasy.afl.com.au/assets/media/players/afl/296291_450.png,https://fantasy.afl.com.au/assets/media/players/afl/296291_450.png
1032106,,,,,,,,https://fantasy.afl.com.au/assets/media/players/afl/1032106_450.png,https://fantasy.afl.com.au/assets/media/players/afl/1032106_450.png
1017114,,,,,,,,https://fantasy.afl.com.au/assets/media/players/afl/1017114_450.png,https://fantasy.afl.com.au/assets/media/players/afl/1017114_450.png
1017396,,,,,,,,https://fantasy.afl.com.au/assets/media/players/afl/1017396_450.png,https://fantasy.afl.com.au/assets/media/players/afl/1017396_450.png
1029973,,,,,,,,https://fantasy.afl.com.au/assets/media/players/afl/1029973_450.png,https://fantasy.afl.com.au/assets/media/players/afl/1029973_450.png
1006550,,,,,,,,https://fantasy.afl.com.au/assets/media/players/afl/1006550_450.png,https://fantasy.afl.com.au/assets/media/players/afl/1006550_450.png
1016433,,,,,,,,https://fantasy.afl.com.au/assets/media/players/afl/1016433_450.png,https://fantasy.afl.com.au/assets/media/players/afl/1016433_450.png
1018992,,,,,,,,https://fantasy.afl.com.au/assets/media/players/afl/1018992_450.png,https://fantasy.afl.com.au/assets/media/players/afl/1018992_450.png
1028561,,,,,,,,https://fantasy.afl.com.au/assets/media/players/afl/1028561_450.png,https://fantasy.afl.com.au/assets/media/players/afl/1028561_450.png
998480,,,,,,,,https://fantasy.afl.com.au/assets/media/players/afl/998480_450.png,https://fantasy.afl.com.au/assets/media/players/afl/998480_450.png
993480,,,,,,,,https://fantasy.afl.com.au/assets/media/players/afl/993480_450.png,https://fantasy.afl.com.au/assets/media/players/afl/993480_450.png
1009015,,,,,,,,https://fantasy.afl.com.au/assets/media/players/afl/1009015_450.png,https://fantasy.afl.com.au/assets/media/players/afl/1009015_450.png
1013611,,,,,,,,https://fantasy.afl.com.au/assets/media/players/afl/1013611_450.png,https://fantasy.afl.com.au/assets/media/players/afl/1013611_450.png
1032042,,,,,,,,https://fantasy.afl.com.au/assets/media/players/afl/1032042_450.png,https://fantasy.afl.com.au/assets/media/players/afl/1032042_450.png
1034066,,,,,,,,https://fantasy.afl.com.au/assets/media/players/afl/1034066_450.png,https://fantasy.afl.com.au/assets/media/players/afl/1034066_450.png
1008091,,,,,,,,https://fantasy.afl.com.au/assets/media/players/afl/1008091_450.png,https://fantasy.afl.com.au/assets/media/players/afl/1008091_450.png
1013165,,,,,,,,https://fantasy.afl.com.au/assets/media/players/afl/1013165_450.png,https://fantasy.afl.com.au/assets/media/players/afl/1013165_450.png
1023542,,,,,,,,https://fantasy.afl.com.au/assets/media/players/afl/1023542_450.png,https://fantasy.afl.com.au/assets/media/players/afl/1023542_450.png
1020968,,,,,,,,https://fantasy.afl.com.au/assets/media/players/afl/1020968_450.png,https://fantasy.afl.com.au/assets/media/players/afl/1020968_450.png
1032100,,,,,,,,https://fantasy.afl.com.au/assets/media/players/afl/1032100_450.png,https://fantasy.afl.com.au/assets/media/players/afl/1032100_450.png
1027899,,,,,,,,https://fantasy.afl.com.au/assets/media/players/afl/1027899_450.png,https://fantasy.afl.com.au/assets/media/players/afl/1027899_450.png
1028019,,,,,,,,https://fantasy.afl.com.au/assets/media/players/afl/1028019_450.png,https://fantasy.afl.com.au/assets/media/players/afl/1028019_450.png
1002282,,,,,,,,https://fantasy.afl.com.au/assets/media/players/afl/1002282_450.png,https://fantasy.afl.com.au/assets/media/players/afl/1002282_450.png
1017086,,,,,,,,https://fantasy.afl.com.au/assets/media/players/afl/1017086_450.png,https://fantasy.afl.com.au/assets/media/players/afl/1017086_450.png
1032624,,,,,,,,https://fantasy.afl.com.au/assets/media/players/afl/1032624_450.png,https://fantasy.afl.com.au/assets/media/players/afl/1032624_450.png
298358,,,,,,,,https://fantasy.afl.com.au/assets/media/players/afl/298358_450.png,https://fantasy.afl.com.au/assets/media/players/afl/298358_450.png
280824,,,,,,,,https://fantasy.afl.com.au/assets/media/players/afl/280824_450.png,https://fantasy.afl.com.au/assets/media/players/afl/280824_450.png
1018016,,,,,,,,https://fantasy.afl.com.au/assets/media/players/afl/1018016_450.png,https://fantasy.afl.com.au/assets/media/players/afl/1018016_450.png
1002143,,,,,,,,https://fantasy.afl.com.au/assets/media/players/afl/1002143_450.png,https://fantasy.afl.com.au/assets/media/players/afl/1002143_450.png
298470,,,,,,,,https://fantasy.afl.com.au/assets/media/players/afl/298470_450.png,https://fantasy.afl.com.au/assets/media/players/afl/298470_450.png
1017078,,,,,,,,https://fantasy.afl.com.au/assets/media/players/afl/1017078_450.png,https://fantasy.afl.com.au/assets/media/players/afl/1017078_450.png
1028562,,,,,,,,https://fantasy.afl.com.au/assets/media/players/afl/1028562_450.png,https://fantasy.afl.com.au/assets/media/players/afl/1028562_450.png
1034235,,,,,,,,https://fantasy.afl.com.au/assets/media/players/afl/1034235_450.png,https://fantasy.afl.com.au/assets/media/players/afl/1034235_450.png
1036123,,,,,,,,https://fantasy.afl.com.au/assets/media/players/afl/1036123_450.png,https://fantasy.afl.com.au/assets/media/players/afl/1036123_450.png
1027284,,,,,,,,https://fantasy.afl.com.au/assets/media/players/afl/1027284_450.png,https://fantasy.afl.com.au/assets/media/players/afl/1027284_450.png
1027706,,,,,,,,https://fantasy.afl.com.au/assets/media/players/afl/1027706_450.png,https://fantasy.afl.com.au/assets/media/players/afl/1027706_450.png
1028449,,,,,,,,https://fantasy.afl.com.au/assets/media/players/afl/1028449_450.png,https://fantasy.afl.com.au/assets/media/players/afl/1028449_450.png
1035129,,,,,,,,https://fantasy.afl.com.au/assets/media/players/afl/1035129_450.png,https://fantasy.afl.com.au/assets/media/players/afl/1035129_450.png
1028105,,,,,,,,https://fantasy.afl.com.au/assets/media/players/afl/1028105_450.png,https://fantasy.afl.com.au/assets/media/players/afl/1028105_450.png
1005247,,,,,,,,https://fantasy.afl.com.au/assets/media/players/afl/1005247_450.png,https://fantasy.afl.com.au/assets/media/players/afl/1005247_450.png
1018122,,,,,,,,https://fantasy.afl.com.au/assets/media/players/afl/1018122_450.png,https://fantasy.afl.com.au/assets/media/players/afl/1018122_450.png
1008893,,,,,,,,https://fantasy.afl.com.au/assets/media/players/afl/1008893_450.png,https://fantasy.afl.com.au/assets/media/players/afl/1008893_450.png
1022447,,,,,,,,https://fantasy.afl.com.au/assets/media/players/afl/1022447_450.png,https://fantasy.afl.com.au/assets/media/players/afl/1022447_450.png
1035372,,,,,,,,https://fantasy.afl.com.au/assets/media/players/afl/1035372_450.png,https://fantasy.afl.com.au/assets/media/players/afl/1035372_450.png
1024193,,,,,,,,https://fantasy.afl.com.au/assets/media/players/afl/1024193_450.png,https://fantasy.afl.com.au/assets/media/players/afl/1024193_450.png
1029405,,,,,,,,https://fantasy.afl.com.au/assets/media/players/afl/1029405_450.png,https://fantasy.afl.com.au/assets/media/players/afl/1029405_450.png
1034411,,,,,,,,https://fantasy.afl.com.au/assets/media/players/afl/1034411_450.png,https://fantasy.afl.com.au/assets/media/players/afl/1034411_450.png
1019975,,,,,,,,https://fantasy.afl.com.au/assets/media/players/afl/1019975_450.png,https://fantasy.afl.com.au/assets/media/players/afl/1019975_450.png
1023047,,,,,,,,https://fantasy.afl.com.au/assets/media/players/afl/1023047_450.png,https://fantasy.afl.com.au/assets/media/players/afl/1023047_450.png
1027155,,,,,,,,https://fantasy.afl.com.au/assets/media/players/afl/1027155_450.png,https://fantasy.afl.com.au/assets/media/players/afl/1027155_450.png
1008882,,,,,,,,https://fantasy.afl.com.au/assets/media/players/afl/1008882_450.png,https://fantasy.afl.com.au/assets/media/players/afl/1008882_450.png
291848,,,,,,,,https://fantasy.afl.com.au/assets/media/players/afl/291848_450.png,https://fantasy.afl.com.au/assets/media/players/afl/291848_450.png
1023530,,,,,,,,https://fantasy.afl.com.au/assets/media/players/afl/1023530_450.png,https://fantasy.afl.com.au/assets/media/players/afl/1023530_450.png
1029416,,,,,,,,https://fantasy.afl.com.au/assets/media/players/afl/1029416_450.png,https://fantasy.afl.com.au/assets/media/players/afl/1029416_450.png
1027966,,,,,,,,https://fantasy.afl.com.au/assets/media/players/afl/1027966_450.png,https://fantasy.afl.com.au/assets/media/players/afl/1027966_450.png
1020881,,,,,,,,https://fantasy.afl.com.au/assets/media/players/afl/1020881_450.png,https://fantasy.afl.com.au/assets/media/players/afl/1020881_450.png
1027428,,,,,,,,https://fantasy.afl.com.au/assets/media/players/afl/1027428_450.png,https://fantasy.afl.com.au/assets/media/players/afl/1027428_450.png
1029261,,,,,,,,https://fantasy.afl.com.au/assets/media/players/afl/1029261_450.png,https://fantasy.afl.com.au/assets/media/players/afl/1029261_450.png
1032141,,,,,,,,https://fantasy.afl.com.au/assets/media/players/afl/1032141_450.png,https://fantasy.afl.com.au/assets/media/players/afl/1032141_450.png
1013201,,,,,,,,https://fantasy.afl.com.au/assets/media/players/afl/1013201_450.png,https://fantasy.afl.com.au/assets/media/players/afl/1013201_450.png
294013,,,,,,,,https://fantasy.afl.com.au/assets/media/players/afl/294013_450.png,https://fantasy.afl.com.au/assets/media/players/afl/294013_450.png
992048,,,,,,,,https://fantasy.afl.com.au/assets/media/players/afl/992048_450.png,https://fantasy.afl.com.au/assets/media/players/afl/992048_450.png
997933,,,,,,,,https://fantasy.afl.com.au/assets/media/players/afl/997933_450.png,https://fantasy.afl.com.au/assets/media/players/afl/997933_450.png
1014038,,,,,,,,https://fantasy.afl.com.au/assets/media/players/afl/1014038_450.png,https://fantasy.afl.com.au/assets/media/players/afl/1014038_450.png
291753,,,,,,,,https://fantasy.afl.com.au/assets/media/players/afl/291753_450.png,https://fantasy.afl.com.au/assets/media/players/afl/291753_450.png
1027949,,,,,,,,https://fantasy.afl.com.au/assets/media/players/afl/1027949_450.png,https://fantasy.afl.com.au/assets/media/players/afl/1027949_450.png
1029262,,,,,,,,https://fantasy.afl.com.au/assets/media/players/afl/1029262_450.png,https://fantasy.afl.com.au/assets/media/players/afl/1029262_450.png
1022473,,,,,,,,https://fantasy.afl.com.au/assets/media/players/afl/1022473_450.png,https://fantasy.afl.com.au/assets/media/players/afl/1022473_450.png
1028643,,,,,,,,https://fantasy.afl.com.au/assets/media/players/afl/1028643_450.png,https://fantasy.afl.com.au/assets/media/players/afl/1028643_450.png
1039500,,,,,,,,https://fantasy.afl.com.au/assets/media/players/afl/1039500_450.png,https://fantasy.afl.com.au/assets/media/players/afl/1039500_450.png
1023544,,,,,,,,https://fantasy.afl.com.au/assets/media/players/afl/1023544_450.png,https://fantasy.afl.com.au/assets/media/players/afl/1023544_450.png
1027985,,,,,,,,https://fantasy.afl.com.au/assets/media/players/afl/1027985_450.png,https://fantasy.afl.com.au/assets/media/players/afl/1027985_450.png
1008805,,,,,,,,https://fantasy.afl.com.au/assets/media/players/afl/1008805_450.png,https://fantasy.afl.com.au/assets/media/players/afl/1008805_450.png
1027678,,,,,,,,https://fantasy.afl.com.au/assets/media/players/afl/1027678_450.png,https://fantasy.afl.com.au/assets/media/players/afl/1027678_450.png
1028526,,,,,,,,https://fantasy.afl.com.au/assets/media/players/afl/1028526_450.png,https://fantasy.afl.com.au/assets/media/players/afl/1028526_450.png
1035198,,,,,,,,https://fantasy.afl.com.au/assets/media/players/afl/1035198_450.png,https://fantasy.afl.com.au/assets/media/players/afl/1035198_450.png
1039720,,,,,,,,https://fantasy.afl.com.au/assets/media/players/afl/1039720_450.png,https://fantasy.afl.com.au/assets/media/players/afl/1039720_450.png
1013996,,,,,,,,https://fantasy.afl.com.au/assets/media/players/afl/1013996_450.png,https://fantasy.afl.com.au/assets/media/players/afl/1013996_450.png
1028541,,,,,,,,https://fantasy.afl.com.au/assets/media/players/afl/1028541_450.png,https://fantasy.afl.com.au/assets/media/players/afl/1028541_450.png
1029304,,,,,,,,https://fantasy.afl.com.au/assets/media/players/afl/1029304_450.png,https://fantasy.afl.com.au/assets/media/players/afl/1029304_450.png
1027406,,,,,,,,https://fantasy.afl.com.au/assets/media/players/afl/1027406_450.png,https://fantasy.afl.com.au/assets/media/players/afl/1027406_450.png
1032629,,,,,,,,https://fantasy.afl.com.au/assets/media/players/afl/1032629_450.png,https://fantasy.afl.com.au/assets/media/players/afl/1032629_450.png
1005000,,,,,,,,https://fantasy.afl.com.au/assets/media/players/afl/1005000_450.png,https://fantasy.afl.com.au/assets/media/players/afl/1005000_450.png
1032114,,,,,,,,https://fantasy.afl.com.au/assets/media/players/afl/1032114_450.png,https://fantasy.afl.com.au/assets/media/players/afl/1032114_450.png
1039509,,,,,,,,https://fantasy.afl.com.au/assets/media/players/afl/1039509_450.png,https://fantasy.afl.com.au/assets/media/players/afl/1039509_450.png
296269,,,,,,,,https://fantasy.afl.com.au/assets/media/players/afl/296269_450.png,https://fantasy.afl.com.au/assets/media/players/afl/296269_450.png
1020959,,,,,,,,https://fantasy.afl.com.au/assets/media/players/afl/1020959_450.png,https://fantasy.afl.com.au/assets/media/players/afl/1020959_450.png
1020950,,,,,,,,https://fantasy.afl.com.au/assets/media/players/afl/1020950_450.png,https://fantasy.afl.com.au/assets/media/players/afl/1020950_450.png
1024057,,,,,,,,https://fantasy.afl.com.au/assets/media/players/afl/1024057_450.png,https://fantasy.afl.com.au/assets/media/players/afl/1024057_450.png
1028493,,,,,,,,https://fantasy.afl.com.au/assets/media/players/afl/1028493_450.png,https://fantasy.afl.com.au/assets/media/players/afl/1028493_450.png
1002347,,,,,,,,https://fantasy.afl.com.au/assets/media/players/afl/1002347_450.png,https://fantasy.afl.com.au/assets/media/players/afl/1002347_450.png
1020072,,,,,,,,https://fantasy.afl.com.au/assets/media/players/afl/1020072_450.png,https://fantasy.afl.com.au/assets/media/players/afl/1020072_450.png
1027893,,,,,,,,https://fantasy.afl.com.au/assets/media/players/afl/1027893_450.png,https://fantasy.afl.com.au/assets/media/players/afl/1027893_450.png
1024173,,,,,,,,https://fantasy.afl.com.au/assets/media/players/afl/1024173_450.png,https://fantasy.afl.com.au/assets/media/players/afl/1024173_450.png
1011583,,,,,,,,https://fantasy.afl.com.au/assets/media/players/afl/1011583_450.png,https://fantasy.afl.com.au/assets/media/players/afl/1011583_450.png
1015929,,,,,,,,https://fantasy.afl.com.au/assets/media/players/afl/1015929_450.png,https://fantasy.afl.com.au/assets/media/players/afl/1015929_450.png
1031792,,,,,,,,https://fantasy.afl.com.au/assets/media/players/afl/1031792_450.png,https://fantasy.afl.com.au/assets/media/players/afl/1031792_450.png
1028371,,,,,,,,https://fantasy.afl.com.au/assets/media/players/afl/1028371_450.png,https://fantasy.afl.com.au/assets/media/players/afl/1028371_450.png
1014013,,,,,,,,https://fantasy.afl.com.au/assets/media/players/afl/1014013_450.png,https://fantasy.afl.com.au/assets/media/players/afl/1014013_450.png
1027870,,,,,,,,https://fantasy.afl.com.au/assets/media/players/afl/1027870_450.png,https://fantasy.afl.com.au/assets/media/players/afl/1027870_450.png
1028529,,,,,,,,https://fantasy.afl.com.au/assets/media/players/afl/1028529_450.png,https://fantasy.afl.com.au/assets/media/players/afl/1028529_450.png
1032053,,,,,,,,https://fantasy.afl.com.au/assets/media/players/afl/1032053_450.png,https://fantasy.afl.com.au/assets/media/players/afl/1032053_450.png
1028498,,,,,,,,https://fantasy.afl.com.au/assets/media/players/afl/1028498_450.png,https://fantasy.afl.com.au/assets/media/players/afl/1028498_450.png
1028525,,,,,,,,https://fantasy.afl.com.au/assets/media/players/afl/1028525_450.png,https://fantasy.afl.com.au/assets/media/players/afl/1028525_450.png
1028537,,,,,,,,https://fantasy.afl.com.au/assets/media/players/afl/1028537_450.png,https://fantasy.afl.com.au/assets/media/players/afl/1028537_450.png
1024023,,,,,,,,https://fantasy.afl.com.au/assets/media/players/afl/1024023_450.png,https://fantasy.afl.com.au/assets/media/players/afl/1024023_450.png
298288,,,,,,,,https://fantasy.afl.com.au/assets/media/players/afl/298288_450.png,https://fantasy.afl.com.au/assets/media/players/afl/298288_450.png
1017959,,,,,,,,https://fantasy.afl.com.au/assets/media/players/afl/1017959_450.png,https://fantasy.afl.com.au/assets/media/players/afl/1017959_450.png
999715,,,,,,,,https://fantasy.afl.com.au/assets/media/players/afl/999715_450.png,https://fantasy.afl.com.au/assets/media/players/afl/999715_450.png
1020097,,,,,,,,https://fantasy.afl.com.au/assets/media/players/afl/1020097_450.png,https://fantasy.afl.com.au/assets/media/players/afl/1020097_450.png
1009551,,,,,,,,https://fantasy.afl.com.au/assets/media/players/afl/1009551_450.png,https://fantasy.afl.com.au/assets/media/players/afl/1009551_450.png
293883,,,,,,,,https://fantasy.afl.com.au/assets/media/players/afl/293883_450.png,https://fantasy.afl.com.au/assets/media/players/afl/293883_450.png
295446,,,,,,,,https://fantasy.afl.com.au/assets/media/players/afl/295446_450.png,https://fantasy.afl.com.au/assets/media/players/afl/295446_450.png
1013973,,,,,,,,https://fantasy.afl.com.au/assets/media/players/afl/1013973_450.png,https://fantasy.afl.com.au/assets/media/players/afl/1013973_450.png
1023486,,,,,,,,https://fantasy.afl.com.au/assets/media/players/afl/1023486_450.png,https://fantasy.afl.com.au/assets/media/players/afl/1023486_450.png
1024337,,,,,,,,https://fantasy.afl.com.au/assets/media/players/afl/1024337_450.png,https://fantasy.afl.com.au/assets/media/players/afl/1024337_450.png
1004034,,,,,,,,https://fantasy.afl.com.au/assets/media/players/afl/1004034_450.png,https://fantasy.afl.com.au/assets/media/players/afl/1004034_450.png
1008224,,,,,,,,https://fantasy.afl.com.au/assets/media/players/afl/1008224_450.png,https://fantasy.afl.com.au/assets/media/players/afl/1008224_450.png
1027659,,,,,,,,https://fantasy.afl.com.au/assets/media/players/afl/1027659_450.png,https://fantasy.afl.com.au/assets/media/players/afl/1027659_450.png
1028564,,,,,,,,https://fantasy.afl.com.au/assets/media/players/afl/1028564_450.png,https://fantasy.afl.com.au/assets/media/players/afl/1028564_450.png
1017057,,,,,,,,https://fantasy.afl.com.au/assets/media/players/afl/1017057_450.png,https://fantasy.afl.com.au/assets/media/players/afl/1017057_450.png
1002403,,,,,,,,https://fantasy.afl.com.au/assets/media/players/afl/1002403_450.png,https://fantasy.afl.com.au/assets/media/players/afl/1002403_450.png
1021122,,,,,,,,https://fantasy.afl.com.au/assets/media/players/afl/1021122_450.png,https://fantasy.afl.com.au/assets/media/players/afl/1021122_450.png
1023275,,,,,,,,https://fantasy.afl.com.au/assets/media/players/afl/1023275_450.png,https://fantasy.afl.com.au/assets/media/players/afl/1023275_450.png
1023784,,,,,,,,https://fantasy.afl.com.au/assets/media/players/afl/1023784_450.png,https://fantasy.afl.com.au/assets/media/players/afl/1023784_450.png
1019038,,,,,,,,https://fantasy.afl.com.au/assets/media/players/afl/1019038_450.png,https://fantasy.afl.com.au/assets/media/players/afl/1019038_450.png
1028521,,,,,,,,https://fantasy.afl.com.au/assets/media/players/afl/1028521_450.png,https://fantasy.afl.com.au/assets/media/players/afl/1028521_450.png
1006030,,,,,,,,https://fantasy.afl.com.au/assets/media/players/afl/1006030_450.png,https://fantasy.afl.com.au/assets/media/players/afl/1006030_450.png
1027382,,,,,,,,https://fantasy.afl.com.au/assets/media/players/afl/1027382_450.png,https://fantasy.afl.com.au/assets/media/players/afl/1027382_450.png
1012873,,,,,,,,https://fantasy.afl.com.au/assets/media/players/afl/1012873_450.png,https://fantasy.afl.com.au/assets/media/players/afl/1012873_450.png
1038914,,,,,,,,https://fantasy.afl.com.au/assets/media/players/afl/1038914_450.png,https://fantasy.afl.com.au/assets/media/players/afl/1038914_450.png
1015332,,,,,,,,https://fantasy.afl.com.au/assets/media/players/afl/1015332_450.png,https://fantasy.afl.com.au/assets/media/players/afl/1015332_450.png
1027673,,,,,,,,https://fantasy.afl.com.au/assets/media/players/afl/1027673_450.png,https://fantasy.afl.com.au/assets/media/players/afl/1027673_450.png
1029000,,,,,,,,https://fantasy.afl.com.au/assets/media/players/afl/1029000_450.png,https://fantasy.afl.com.au/assets/media/players/afl/1029000_450.png
1029136,,,,,,,,https://fantasy.afl.com.au/assets/media/players/afl/1029136_450.png,https://fantasy.afl.com.au/assets/media/players/afl/1029136_450.png
1031913,,,,,,,,https://fantasy.afl.com.au/assets/media/players/afl/1031913_450.png,https://fantasy.afl.com.au/assets/media/players/afl/1031913_450.png
296334,,,,,,,,https://fantasy.afl.com.au/assets/media/players/afl/296334_450.png,https://fantasy.afl.com.au/assets/media/players/afl/296334_450.png
1023625,,,,,,,,https://fantasy.afl.com.au/assets/media/players/afl/1023625_450.png,https://fantasy.afl.com.au/assets/media/players/afl/1023625_450.png
1018996,,,,,,,,https://fantasy.afl.com.au/assets/media/players/afl/1018996_450.png,https://fantasy.afl.com.au/assets/media/players/afl/1018996_450.png
1022383,,,,,,,,https://fantasy.afl.com.au/assets/media/players/afl/1022383_450.png,https://fantasy.afl.com.au/assets/media/players/afl/1022383_450.png
1036103,,,,,,,,https://fantasy.afl.com.au/assets/media/players/afl/1036103_450.png,https://fantasy.afl.com.au/assets/media/players/afl/1036103_450.png
1023056,,,,,,,,https://fantasy.afl.com.au/assets/media/players/afl/1023056_450.png,https://fantasy.afl.com.au/assets/media/players/afl/1023056_450.png
1023500,,,,,,,,https://fantasy.afl.com.au/assets/media/players/afl/1023500_450.png,https://fantasy.afl.com.au/assets/media/players/afl/1023500_450.png
1027925,,,,,,,,https://fantasy.afl.com.au/assets/media/players/afl/1027925_450.png,https://fantasy.afl.com.au/assets/media/players/afl/1027925_450.png
294508,,,,,,,,https://fantasy.afl.com.au/assets/media/players/afl/294508_450.png,https://fantasy.afl.com.au/assets/media/players/afl/294508_450.png
1009229,,,,,,,,https://fantasy.afl.com.au/assets/media/players/afl/1009229_450.png,https://fantasy.afl.com.au/assets/media/players/afl/1009229_450.png
1013511,,,,,,,,https://fantasy.afl.com.au/assets/media/players/afl/1013511_450.png,https://fantasy.afl.com.au/assets/media/players/afl/1013511_450.png
1008198,,,,,,,,https://fantasy.afl.com.au/assets/media/players/afl/1008198_450.png,https://fantasy.afl.com.au/assets/media/players/afl/1008198_450.png
1027693,,,,,,,,https://fantasy.afl.com.au/assets/media/players/afl/1027693_450.png,https://fantasy.afl.com.au/assets/media/players/afl/1027693_450.png
1008747,,,,,,,,https://fantasy.afl.com.au/assets/media/players/afl/1008747_450.png,https://fantasy.afl.com.au/assets/media/players/afl/1008747_450.png
1018425,,,,,,,,https://fantasy.afl.com.au/assets/media/players/afl/1018425_450.png,https://fantasy.afl.com.au/assets/media/players/afl/1018425_450.png
1017700,,,,,,,,https://fantasy.afl.com.au/assets/media/players/afl/1017700_450.png,https://fantasy.afl.com.au/assets/media/players/afl/1017700_450.png
1021152,,,,,,,,https://fantasy.afl.com.au/assets/media/players/afl/1021152_450.png,https://fantasy.afl.com.au/assets/media/players/afl/1021152_450.png
1023142,,,,,,,,https://fantasy.afl.com.au/assets/media/players/afl/1023142_450.png,https://fantasy.afl.com.au/assets/media/players/afl/1023142_450.png
1020979,,,,,,,,https://fantasy.afl.com.au/assets/media/players/afl/1020979_450.png,https://fantasy.afl.com.au/assets/media/players/afl/1020979_450.png
1006232,,,,,,,,https://fantasy.afl.com.au/assets/media/players/afl/1006232_450.png,https://fantasy.afl.com.au/assets/media/players/afl/1006232_450.png
1006100,,,,,,,,https://fantasy.afl.com.au/assets/media/players/afl/1006100_450.png,https://fantasy.afl.com.au/assets/media/players/afl/1006100_450.png
1024096,,,,,,,,https://fantasy.afl.com.au/assets/media/players/afl/1024096_450.png,https://fantasy.afl.com.au/assets/media/players/afl/1024096_450.png
1020104,,,,,,,,https://fantasy.afl.com.au/assets/media/players/afl/1020104_450.png,https://fantasy.afl.com.au/assets/media/players/afl/1020104_450.png
1032966,,,,,,,,https://fantasy.afl.com.au/assets/media/players/afl/1032966_450.png,https://fantasy.afl.com.au/assets/media/players/afl/1032966_450.png
1022999,,,,,,,,https://fantasy.afl.com.au/assets/media/players/afl/1022999_450.png,https://fantasy.afl.com.au/assets/media/players/afl/1022999_450.png
1008230,,,,,,,,https://fantasy.afl.com.au/assets/media/players/afl/1008230_450.png,https://fantasy.afl.com.au/assets/media/players/afl/1008230_450.png
1010708,,,,,,,,https://fantasy.afl.com.au/assets/media/players/afl/1010708_450.png,https://fantasy.afl.com.au/assets/media/players/afl/1010708_450.png
1018335,,,,,,,,https://fantasy.afl.com.au/assets/media/players/afl/1018335_450.png,https://fantasy.afl.com.au/assets/media/players/afl/1018335_450.png
1017754,,,,,,,,https://fantasy.afl.com.au/assets/media/players/afl/1017754_450.png,https://fantasy.afl.com.au/assets/media/players/afl/1017754_450.png
1011437,,,,,,,,https://fantasy.afl.com.au/assets/media/players/afl/1011437_450.png,https://fantasy.afl.com.au/assets/media/players/afl/1011437_450.png
1005199,,,,,,,,https://fantasy.afl.com.au/assets/media/players/afl/1005199_450.png,https://fantasy.afl.com.au/assets/media/players/afl/1005199_450.png
1009197,,,,,,,,https://fantasy.afl.com.au/assets/media/players/afl/1009197_450.png,https://fantasy.afl.com.au/assets/media/players/afl/1009197_450.png
1013278,,,,,,,,https://fantasy.afl.com.au/assets/media/players/afl/1013278_450.png,https://fantasy.afl.com.au/assets/media/players/afl/1013278_450.png
1022410,,,,,,,,https://fantasy.afl.com.au/assets/media/players/afl/1022410_450.png,https://fantasy.afl.com.au/assets/media/players/afl/1022410_450.png
1027971,,,,,,,,https://fantasy.afl.com.au/assets/media/players/afl/1027971_450.png,https://fantasy.afl.com.au/assets/media/players/afl/1027971_450.png
1013229,,,,,,,,https://fantasy.afl.com.au/assets/media/players/afl/1013229_450.png,https://fantasy.afl.com.au/assets/media/players/afl/1013229_450.png
1036098,,,,,,,,https://fantasy.afl.com.au/assets/media/players/afl/1036098_450.png,https://fantasy.afl.com.au/assets/media/players/afl/1036098_450.png
1024982,,,,,,,,https://fantasy.afl.com.au/assets/media/players/afl/1024982_450.png,https://fantasy.afl.com.au/assets/media/players/afl/1024982_450.png
1024666,,,,,,,,https://fantasy.afl.com.au/assets/media/players/afl/1024666_450.png,https://fantasy.afl.com.au/assets/media/players/afl/1024666_450.png
1021108,,,,,,,,https://fantasy.afl.com.au/assets/media/players/afl/1021108_450.png,https://fantasy.afl.com.au/assets/media/players/afl/1021108_450.png
1027965,,,,,,,,https://fantasy.afl.com.au/assets/media/players/afl/1027965_450.png,https://fantasy.afl.com.au/assets/media/players/afl/1027965_450.png
295222,,,,,,,,https://fantasy.afl.com.au/assets/media/players/afl/295222_450.png,https://fantasy.afl.com.au/assets/media/players/afl/295222_450.png
1023496,,,,,,,,https://fantasy.afl.com.au/assets/media/players/afl/1023496_450.png,https://fantasy.afl.com.au/assets/media/players/afl/1023496_450.png
281078,,,,,,,,https://fantasy.afl.com.au/assets/media/players/afl/281078_450.png,https://fantasy.afl.com.au/assets/media/players/afl/281078_450.png
1008510,,,,,,,,https://fantasy.afl.com.au/assets/media/players/afl/1008510_450.png,https://fantasy.afl.com.au/assets/media/players/afl/1008510_450.png
1020371,,,,,,,,https://fantasy.afl.com.au/assets/media/players/afl/1020371_450.png,https://fantasy.afl.com.au/assets/media/players/afl/1020371_450.png
990816,,,,,,,,https://fantasy.afl.com.au/assets/media/players/afl/990816_450.png,https://fantasy.afl.com.au/assets/media/players/afl/990816_450.png
1027872,,,,,,,,https://fantasy.afl.com.au/assets/media/players/afl/1027872_450.png,https://fantasy.afl.com.au/assets/media/players/afl/1027872_450.png
1015323,,,,,,,,https://fantasy.afl.com.au/assets/media/players/afl/1015323_450.png,https://fantasy.afl.com.au/assets/media/players/afl/1015323_450.png
1028545,,,,,,,,https://fantasy.afl.com.au/assets/media/players/afl/1028545_450.png,https://fantasy.afl.com.au/assets/media/players/afl/1028545_450.png
1030433,,,,,,,,https://fantasy.afl.com.au/assets/media/players/afl/1030433_450.png,https://fantasy.afl.com.au/assets/media/players/afl/1030433_450.png
1023487,,,,,,,,https://fantasy.afl.com.au/assets/media/players/afl/1023487_450.png,https://fantasy.afl.com.au/assets/media/players/afl/1023487_450.png
1018424,,,,,,,,https://fantasy.afl.com.au/assets/media/players/afl/1018424_450.png,https://fantasy.afl.com.au/assets/media/players/afl/1018424_450.png
1016140,,,,,,,,https://fantasy.afl.com.au/assets/media/players/afl/1016140_450.png,https://fantasy.afl.com.au/assets/media/players/afl/1016140_450.png
1023144,,,,,,,,https://fantasy.afl.com.au/assets/media/players/afl/1023144_450.png,https://fantasy.afl.com.au/assets/media/players/afl/1023144_450.png
1017091,,,,,,,,https://fantasy.afl.com.au/assets/media/players/afl/1017091_450.png,https://fantasy.afl.com.au/assets/media/players/afl/1017091_450.png
1016189,,,,,,,,https://fantasy.afl.com.au/assets/media/players/afl/1016189_450.png,https://fantasy.afl.com.au/assets/media/players/afl/1016189_450.png
1023494,,,,,,,,https://fantasy.afl.com.au/assets/media/players/afl/1023494_450.png,https://fantasy.afl.com.au/assets/media/players/afl/1023494_450.png
1023017,,,,,,,,https://fantasy.afl.com.au/assets/media/players/afl/1023017_450.png,https://fantasy.afl.com.au/assets/media/players/afl/1023017_450.png
1017043,,,,,,,,https://fantasy.afl.com.au/assets/media/players/afl/1017043_450.png,https://fantasy.afl.com.au/assets/media/players/afl/1017043_450.png
1000068,,,,,,,,https://fantasy.afl.com.au/assets/media/players/afl/1000068_450.png,https://fantasy.afl.com.au/assets/media/players/afl/1000068_450.png
1004819,,,,,,,,https://fantasy.afl.com.au/assets/media/players/afl/1004819_450.png,https://fantasy.afl.com.au/assets/media/players/afl/1004819_450.png
1016268,,,,,,,,https://fantasy.afl.com.au/assets/media/players/afl/1016268_450.png,https://fantasy.afl.com.au/assets/media/players/afl/1016268_450.png
992472,,,,,,,,https://fantasy.afl.com.au/assets/media/players/afl/992472_450.png,https://fantasy.afl.com.au/assets/media/players/afl/992472_450.png
998782,,,,,,,,https://fantasy.afl.com.au/assets/media/players/afl/998782_450.png,https://fantasy.afl.com.au/assets/media/players/afl/998782_450.png
1000061,,,,,,,,https://fantasy.afl.com.au/assets/media/players/afl/1000061_450.png,https://fantasy.afl.com.au/assets/media/players/afl/1000061_450.png
1028547,,,,,,,,https://fantasy.afl.com.au/assets/media/players/afl/1028547_450.png,https://fantasy.afl.com.au/assets/media/players/afl/1028547_450.png
1018433,,,,,,,,https://fantasy.afl.com.au/assets/media/players/afl/1018433_450.png,https://fantasy.afl.com.au/assets/media/players/afl/1018433_450.png
1017933,,,,,,,,https://fantasy.afl.com.au/assets/media/players/afl/1017933_450.png,https://fantasy.afl.com.au/assets/media/players/afl/1017933_450.png
1012127,,,,,,,,https://fantasy.afl.com.au/assets/media/players/afl/1012127_450.png,https://fantasy.afl.com.au/assets/media/players/afl/1012127_450.png
1032650,,,,,,,,https://fantasy.afl.com.au/assets/media/players/afl/1032650_450.png,https://fantasy.afl.com.au/assets/media/players/afl/1032650_450.png
1027990,,,,,,,,https://fantasy.afl.com.au/assets/media/players/afl/1027990_450.png,https://fantasy.afl.com.au/assets/media/players/afl/1027990_450.png
1009029,,,,,,,,https://fantasy.afl.com.au/assets/media/players/afl/1009029_450.png,https://fantasy.afl.com.au/assets/media/players/afl/1009029_450.png
1029065,,,,,,,,https://fantasy.afl.com.au/assets/media/players/afl/1029065_450.png,https://fantasy.afl.com.au/assets/media/players/afl/1029065_450.png
1008691,,,,,,,,https://fantasy.afl.com.au/assets/media/players/afl/1008691_450.png,https://fantasy.afl.com.au/assets/media/players/afl/1008691_450.png
1018123,,,,,,,,https://fantasy.afl.com.au/assets/media/players/afl/1018123_450.png,https://fantasy.afl.com.au/assets/media/players/afl/1018123_450.png
1029158,,,,,,,,https://fantasy.afl.com.au/assets/media/players/afl/1029158_450.png,https://fantasy.afl.com.au/assets/media/players/afl/1029158_450.png
293738,,,,,,,,https://fantasy.afl.com.au/assets/media/players/afl/293738_450.png,https://fantasy.afl.com.au/assets/media/players/afl/293738_450.png
1020668,,,,,,,,https://fantasy.afl.com.au/assets/media/players/afl/1020668_450.png,https://fantasy.afl.com.au/assets/media/players/afl/1020668_450.png
1017757,,,,,,,,https://fantasy.afl.com.au/assets/media/players/afl/1017757_450.png,https://fantasy.afl.com.au/assets/media/players/afl/1017757_450.png
1024685,,,,,,,,https://fantasy.afl.com.au/assets/media/players/afl/1024685_450.png,https://fantasy.afl.com.au/assets/media/players/afl/1024685_450.png
1004995,,,,,,,,https://fantasy.afl.com.au/assets/media/players/afl/1004995_450.png,https://fantasy.afl.com.au/assets/media/players/afl/1004995_450.png
1023174,,,,,,,,https://fantasy.afl.com.au/assets/media/players/afl/1023174_450.png,https://fantasy.afl.com.au/assets/media/players/afl/1023174_450.png
1029211,,,,,,,,https://fantasy.afl.com.au/assets/media/players/afl/1029211_450.png,https://fantasy.afl.com.au/assets/media/players/afl/1029211_450.png
298409,,,,,,,,https://fantasy.afl.com.au/assets/media/players/afl/298409_450.png,https://fantasy.afl.com.au/assets/media/players/afl/298409_450.png
1012881,,,,,,,,https://fantasy.afl.com.au/assets/media/players/afl/1012881_450.png,https://fantasy.afl.com.au/assets/media/players/afl/1012881_450.png
1015862,,,,,,,,https://fantasy.afl.com.au/assets/media/players/afl/1015862_450.png,https://fantasy.afl.com.au/assets/media/players/afl/1015862_450.png
1003520,,,,,,,,https://fantasy.afl.com.au/assets/media/players/afl/1003520_450.png,https://fantasy.afl.com.au/assets/media/players/afl/1003520_450.png
1006087,,,,,,,,https://fantasy.afl.com.au/assets/media/players/afl/1006087_450.png,https://fantasy.afl.com.au/assets/media/players/afl/1006087_450.png
1020586,,,,,,,,https://fantasy.afl.com.au/assets/media/players/afl/1020586_450.png,https://fantasy.afl.com.au/assets/media/players/afl/1020586_450.png
1023534,,,,,,,,https://fantasy.afl.com.au/assets/media/players/afl/1023534_450.png,https://fantasy.afl.com.au/assets/media/players/afl/1023534_450.png
1012144,,,,,,,,https://fantasy.afl.com.au/assets/media/players/afl/1012144_450.png,https://fantasy.afl.com.au/assets/media/players/afl/1012144_450.png
1002220,,,,,,,,https://fantasy.afl.com.au/assets/media/players/afl/1002220_450.png,https://fantasy.afl.com.au/assets/media/players/afl/1002220_450.png
997974,,,,,,,,https://fantasy.afl.com.au/assets/media/players/afl/997974_450.png,https://fantasy.afl.com.au/assets/media/players/afl/997974_450.png
1027921,,,,,,,,https://fantasy.afl.com.au/assets/media/players/afl/1027921_450.png,https://fantasy.afl.com.au/assets/media/players/afl/1027921_450.png
1027656,,,,,,,,https://fantasy.afl.com.au/assets/media/players/afl/1027656_450.png,https://fantasy.afl.com.au/assets/media/players/afl/1027656_450.png
1032017,,,,,,,,https://fantasy.afl.com.au/assets/media/players/afl/1032017_450.png,https://fantasy.afl.com.au/assets/media/players/afl/1032017_450.png
1007591,,,,,,,,https://fantasy.afl.com.au/assets/media/players/afl/1007591_450.png,https://fantasy.afl.com.au/assets/media/players/afl/1007591_450.png
991939,,,,,,,,https://fantasy.afl.com.au/assets/media/players/afl/991939_450.png,https://fantasy.afl.com.au/assets/media/players/afl/991939_450.png
1002138,,,,,,,,https://fantasy.afl.com.au/assets/media/players/afl/1002138_450.png,https://fantasy.afl.com.au/assets/media/players/afl/1002138_450.png
1023736,,,,,,,,https://fantasy.afl.com.au/assets/media/players/afl/1023736_450.png,https://fantasy.afl.com.au/assets/media/players/afl/1023736_450.png
996743,,,,,,,,https://fantasy.afl.com.au/assets/media/players/afl/996743_450.png,https://fantasy.afl.com.au/assets/media/players/afl/996743_450.png
1027969,,,,,,,,https://fantasy.afl.com.au/assets/media/players/afl/1027969_450.png,https://fantasy.afl.com.au/assets/media/players/afl/1027969_450.png
1027877,,,,,,,,https://fantasy.afl.com.au/assets/media/players/afl/1027877_450.png,https://fantasy.afl.com.au/assets/media/players/afl/1027877_450.png
1017718,,,,,,,,https://fantasy.afl.com.au/assets/media/players/afl/1017718_450.png,https://fantasy.afl.com.au/assets/media/players/afl/1017718_450.png
1028551,,,,,,,,https://fantasy.afl.com.au/assets/media/players/afl/1028551_450.png,https://fantasy.afl.com.au/assets/media/players/afl/1028551_450.png
1009392,,,,,,,,https://fantasy.afl.com.au/assets/media/players/afl/1009392_450.png,https://fantasy.afl.com.au/assets/media/players/afl/1009392_450.png
1017059,,,,,,,,https://fantasy.afl.com.au/assets/media/players/afl/1017059_450.png,https://fantasy.afl.com.au/assets/media/players/afl/1017059_450.png
1012817,,,,,,,,https://fantasy.afl.com.au/assets/media/players/afl/1012817_450.png,https://fantasy.afl.com.au/assets/media/players/afl/1012817_450.png
1020032,,,,,,,,https://fantasy.afl.com.au/assets/media/players/afl/1020032_450.png,https://fantasy.afl.com.au/assets/media/players/afl/1020032_450.png
1027033,,,,,,,,https://fantasy.afl.com.au/assets/media/players/afl/1027033_450.png,https://fantasy.afl.com.au/assets/media/players/afl/1027033_450.png
1011243,,,,,,,,https://fantasy.afl.com.au/assets/media/players/afl/1011243_450.png,https://fantasy.afl.com.au/assets/media/players/afl/1011243_450.png
991773,,,,,,,,https://fantasy.afl.com.au/assets/media/players/afl/991773_450.png,https://fantasy.afl.com.au/assets/media/players/afl/991773_450.png
1011839,,,,,,,,https://fantasy.afl.com.au/assets/media/players/afl/1011839_450.png,https://fantasy.afl.com.au/assets/media/players/afl/1011839_450.png
1022927,,,,,,,,https://fantasy.afl.com.au/assets/media/players/afl/1022927_450.png,https://fantasy.afl.com.au/assets/media/players/afl/1022927_450.png
1000958,,,,,,,,https://fantasy.afl.com.au/assets/media/players/afl/1000958_450.png,https://fantasy.afl.com.au/assets/media/players/afl/1000958_450.png
1008183,,,,,,,,https://fantasy.afl.com.au/assets/media/players/afl/1008183_450.png,https://fantasy.afl.com.au/assets/media/players/afl/1008183_450.png
1008649,,,,,,,,https://fantasy.afl.com.au/assets/media/players/afl/1008649_450.png,https://fantasy.afl.com.au/assets/media/players/afl/1008649_450.png
1011558,,,,,,,,https://fantasy.afl.com.au/assets/media/players/afl/1011558_450.png,https://fantasy.afl.com.au/assets/media/players/afl/1011558_450.png
1011950,,,,,,,,https://fantasy.afl.com.au/assets/media/players/afl/1011950_450.png,https://fantasy.afl.com.au/assets/media/players/afl/1011950_450.png
1012842,,,,,,,,https://fantasy.afl.com.au/assets/media/players/afl/1012842_450.png,https://fantasy.afl.com.au/assets/media/players/afl/1012842_450.png
1013315,,,,,,,,https://fantasy.afl.com.au/assets/media/players/afl/1013315_450.png,https://fantasy.afl.com.au/assets/media/players/afl/1013315_450.png
1015515,,,,,,,,https://fantasy.afl.com.au/assets/media/players/afl/1015515_450.png,https://fantasy.afl.com.au/assets/media/players/afl/1015515_450.png
1017255,,,,,,,,https://fantasy.afl.com.au/assets/media/players/afl/1017255_450.png,https://fantasy.afl.com.au/assets/media/players/afl/1017255_450.png
1017493,,,,,,,,https://fantasy.afl.com.au/assets/media/players/afl/1017493_450.png,https://fantasy.afl.com.au/assets/media/players/afl/1017493_450.png
1018323,,,,,,,,https://fantasy.afl.com.au/assets/media/players/afl/1018323_450.png,https://fantasy.afl.com.au/assets/media/players/afl/1018323_450.png
1020621,,,,,,,,https://fantasy.afl.com.au/assets/media/players/afl/1020621_450.png,https://fantasy.afl.com.au/assets/media/players/afl/1020621_450.png
1020802,,,,,,,,https://fantasy.afl.com.au/assets/media/players/afl/1020802_450.png,https://fantasy.afl.com.au/assets/media/players/afl/1020802_450.png
1020877,,,,,,,,https://fantasy.afl.com.au/assets/media/players/afl/1020877_450.png,https://fantasy.afl.com.au/assets/media/players/afl/1020877_450.png
1020930,,,,,,,,https://fantasy.afl.com.au/assets/media/players/afl/1020930_450.png,https://fantasy.afl.com.au/assets/media/players/afl/1020930_450.png
1021200,,,,,,,,https://fantasy.afl.com.au/assets/media/players/afl/1021200_450.png,https://fantasy.afl.com.au/assets/media/players/afl/1021200_450.png
1022486,,,,,,,,https://fantasy.afl.com.au/assets/media/players/afl/1022486_450.png,https://fantasy.afl.com.au/assets/media/players/afl/1022486_450.png
1022614,,,,,,,,https://fantasy.afl.com.au/assets/media/players/afl/1022614_450.png,https://fantasy.afl.com.au/assets/media/players/afl/1022614_450.png
1027311,,,,,,,,https://fantasy.afl.com.au/assets/media/players/afl/1027311_450.png,https://fantasy.afl.com.au/assets/media/players/afl/1027311_450.png
1027501,,,,,,,,https://fantasy.afl.com.au/assets/media/players/afl/1027501_450.png,https://fantasy.afl.com.au/assets/media/players/afl/1027501_450.png
1027644,,,,,,,,https://fantasy.afl.com.au/assets/media/players/afl/1027644_450.png,https://fantasy.afl.com.au/assets/media/players/afl/1027644_450.png
1027713,,,,,,,,https://fantasy.afl.com.au/assets/media/players/afl/1027713_450.png,https://fantasy.afl.com.au/assets/media/players/afl/1027713_450.png
1027887,,,,,,,,https://fantasy.afl.com.au/assets/media/players/afl/1027887_450.png,https://fantasy.afl.com.au/assets/media/players/afl/1027887_450.png
1027964,,,,,,,,https://fantasy.afl.com.au/assets/media/players/afl/1027964_450.png,https://fantasy.afl.com.au/assets/media/players/afl/1027964_450.png
1028196,,,,,,,,https://fantasy.afl.com.au/assets/media/players/afl/1028196_450.png,https://fantasy.afl.com.au/assets/media/players/afl/1028196_450.png
1029084,,,,,,,,https://fantasy.afl.com.au/assets/media/players/afl/1029084_450.png,https://fantasy.afl.com.au/assets/media/players/afl/1029084_450.png
1031988,,,,,,,,https://fantasy.afl.com.au/assets/media/players/afl/1031988_450.png,https://fantasy.afl.com.au/assets/media/players/afl/1031988_450.png
1036124,,,,,,,,https://fantasy.afl.com.au/assets/media/players/afl/1036124_450.png,https://fantasy.afl.com.au/assets/media/players/afl/1036124_450.png
1039730,,,,,,,,https://fantasy.afl.com.au/assets/media/players/afl/1039730_450.png,https://fantasy.afl.com.au/assets/media/players/afl/1039730_450.png
1040300,,,,,,,,https://fantasy.afl.com.au/assets/media/players/afl/1040300_450.png,https://fantasy.afl.com.au/assets/media/players/afl/1040300_450.png
1041619,,,,,,,,https://fantasy.afl.com.au/assets/media/players/afl/1041619_450.png,https://fantasy.afl.com.au/assets/media/players/afl/1041619_450.png
