id,team_id,name,position,headshot_url,created_at,number,slug,season_id,goals,afl_player_id,team_key,team_name,photo_url,full_name,display_name,name_key
0043a724-75d9-4598-bd81-8f75194cdf9d,d991371b-e2f7-4c95-ad7c-52ea89b07d7b,Blake Hardwick,MID,https://fantasy.afl.com.au/assets/media/players/afl/993794_450.png,2026-02-26 00:25:45.873242+00,15,,,0,993794,hawthorn-hawks,Hawthorn Hawks,https://fantasy.afl.com.au/assets/media/players/afl/993794_450.png,Blake Hardwick,Blake Hardwick,lakeardwick
007b27d5-69d5-49ee-a10c-c2ccc246b12d,38694aa4-7f1c-4a5f-b306-d094532ae24a,Jye Caldwell,DEF,https://fantasy.afl.com.au/assets/media/players/afl/1006103_450.png,2026-02-26 00:25:45.873242+00,6,,,0,1006103,essendon-bombers,Essendon Bombers,https://fantasy.afl.com.au/assets/media/players/afl/1006103_450.png,Jye Caldwell,Jye Caldwell,yealdwell
007c6071-05d1-42d8-b5eb-135cf0d4065f,d991371b-e2f7-4c95-ad7c-52ea89b07d7b,Mabior Chol,MID,https://fantasy.afl.com.au/assets/media/players/afl/994077_450.png,2026-02-26 00:25:46.196086+00,18,,,0,994077,hawthorn-hawks,Hawthorn Hawks,https://fantasy.afl.com.au/assets/media/players/afl/994077_450.png,Mabior Chol,Mabior Chol,abiorhol
00aa6b40-011d-42af-8739-8a7cab50b529,6e06405b-7cff-4d56-b852-48cc980c21bb,Harry Armstrong,MID,https://fantasy.afl.com.au/assets/media/players/afl/1028525_450.png,2026-02-26 00:25:46.196086+00,34,,,0,1028525,richmond-tigers,Richmond Tigers,https://fantasy.afl.com.au/assets/media/players/afl/1028525_450.png,Harry Armstrong,Harry Armstrong,arryrmstrong
00d66319-40c3-4dad-b80f-19c43dd62221,70c32ca0-2bec-4db6-9b70-b8c8327f51c1,Esava Ratugolea,FWD,https://fantasy.afl.com.au/assets/media/players/afl/1002220_450.png,2026-02-26 00:25:46.196086+00,27,,,0,1002220,port-adelaide-power,Port Adelaide Power,https://fantasy.afl.com.au/assets/media/players/afl/1002220_450.png,Esava Ratugolea,Esava Ratugolea,savaatugolea
013f4ab2-1421-42bc-b126-d1c9ee781098,70c32ca0-2bec-4db6-9b70-b8c8327f51c1,Josh Sinn,DEF,https://fantasy.afl.com.au/assets/media/players/afl/1017078_450.png,2026-02-26 00:25:46.196086+00,8,,,0,1017078,port-adelaide-power,Port Adelaide Power,https://fantasy.afl.com.au/assets/media/players/afl/1017078_450.png,Josh Sinn,Josh Sinn,oshinn
019eab83-f42e-445f-8650-01b8be0fea03,f70ca36c-612b-439f-850f-4a31fd2df499,Lachlan Charleson,FWD,https://fantasy.afl.com.au/assets/media/players/afl/1014013_450.png,2026-02-26 00:25:46.196086+00,28,,,0,1014013,carlton-blues,Carlton Blues,https://fantasy.afl.com.au/assets/media/players/afl/1014013_450.png,Lachlan Charleson,Lachlan Charleson,achlanharleson
01b0a7c5-f679-49cd-8aac-580b0acec5cf,0a73bf79-7321-4fd5-8b67-90fffabdcf01,Murphy Reid,MID,https://fantasy.afl.com.au/assets/media/players/afl/1028513_450.png,2026-02-26 00:25:45.873242+00,16,,,0,1028513,fremantle-dockers,Fremantle Dockers,https://fantasy.afl.com.au/assets/media/players/afl/1028513_450.png,Murphy Reid,Murphy Reid,urphyeid
0214acca-2ac1-439c-8c60-2d5099e9de33,7fddbede-9cbf-4436-9845-1db1739b2476,Finlay Macrae,MID,https://fantasy.afl.com.au/assets/media/players/afl/1012828_450.png,2026-02-26 00:25:45.873242+00,45,,,0,1012828,west-coast-eagles,West Coast Eagles,https://fantasy.afl.com.au/assets/media/players/afl/1012828_450.png,Finlay Macrae,Finlay Macrae,inlayacrae
027822b3-8c0c-4667-9558-efdde326eb9a,6d7d39fb-1136-4cc8-a68c-bb6a284f2245,Alex Neal-Bullen,FWD,https://fantasy.afl.com.au/assets/media/players/afl/296420_450.png,2026-02-26 00:25:45.873242+00,28,,,0,296420,adelaide-crows,Adelaide Crows,https://fantasy.afl.com.au/assets/media/players/afl/296420_450.png,Alex Neal-Bullen,Alex Neal-Bullen,lexealullen
0283684e-4de4-42b6-b3bb-8ac266260a71,,Josh Fahey,,https://fantasy.afl.com.au/assets/media/players/afl/1017751_450.png,2026-02-26 00:25:45.873242+00,,,,0,1017751,,,https://fantasy.afl.com.au/assets/media/players/afl/1017751_450.png,Josh Fahey,Josh Fahey,oshahey
03664bdf-d5fe-4891-b2f6-9368d6e11dea,8953891c-6af3-4f31-8386-7340f0c27f9c,Ethan Read,MID,https://fantasy.afl.com.au/assets/media/players/afl/1027033_450.png,2026-02-26 00:25:46.196086+00,20,,,0,1027033,gold-coast-suns,Gold Coast Suns,https://fantasy.afl.com.au/assets/media/players/afl/1027033_450.png,Ethan Read,Ethan Read,thanead
0411bc3e-834e-41ef-83e6-76a2ebb06eb3,82880eac-b132-4b23-93d7-0ec25ff0a023,Luker Kentfield,MID,https://fantasy.afl.com.au/assets/media/players/afl/1024337_450.png,2026-02-26 00:25:46.196086+00,44,,,0,1024337,melbourne-demons,Melbourne Demons,https://fantasy.afl.com.au/assets/media/players/afl/1024337_450.png,Luker Kentfield,Luker Kentfield,ukerentfield
045354b2-79ef-46c1-9e8c-ea1dcd8fa052,82880eac-b132-4b23-93d7-0ec25ff0a023,Jed Adams,FWD,https://fantasy.afl.com.au/assets/media/players/afl/1023174_450.png,2026-02-26 00:25:46.196086+00,26,,,0,1023174,melbourne-demons,Melbourne Demons,https://fantasy.afl.com.au/assets/media/players/afl/1023174_450.png,Jed Adams,Jed Adams,eddams
0485cc0a-9789-431a-bacc-2208a6c84f42,38694aa4-7f1c-4a5f-b306-d094532ae24a,Nik Cox,MID,https://fantasy.afl.com.au/assets/media/players/afl/1015827_450.png,2026-02-26 00:25:45.873242+00,13,,,0,1015827,essendon-bombers,Essendon Bombers,https://fantasy.afl.com.au/assets/media/players/afl/1015827_450.png,Nik Cox,Nik Cox,ikox
04d1d6b6-06fb-4137-bcd3-b365540a4488,,Anthony Scott,,https://fantasy.afl.com.au/assets/media/players/afl/992048_450.png,2026-02-26 00:25:46.196086+00,,,,0,992048,,,https://fantasy.afl.com.au/assets/media/players/afl/992048_450.png,Anthony Scott,Anthony Scott,nthonycott
0535367a-e0ab-45af-adae-750ba9c4673d,6689e156-49a9-4066-a22e-259375fa9b04,Gryan Miers,MID,https://fantasy.afl.com.au/assets/media/players/afl/1004938_450.png,2026-02-26 00:25:45.873242+00,32,,,0,1004938,geelong-cats,Geelong Cats,https://fantasy.afl.com.au/assets/media/players/afl/1004938_450.png,Gryan Miers,Gryan Miers,ryaniers
057fe230-b0ff-4f97-a7cc-5c0d30928d94,38694aa4-7f1c-4a5f-b306-d094532ae24a,Liam McMahon,MID,https://fantasy.afl.com.au/assets/media/players/afl/1012842_450.png,2026-02-26 00:25:46.196086+00,48,,,0,1012842,essendon-bombers,Essendon Bombers,https://fantasy.afl.com.au/assets/media/players/afl/1012842_450.png,Liam McMahon,Liam McMahon,iamcahon
05bddad1-8ba3-44e5-9340-df90dfd4a157,70c32ca0-2bec-4db6-9b70-b8c8327f51c1,Benny Barrett,MID,https://fantasy.afl.com.au/assets/media/players/afl/1022601_450.png,2026-02-26 00:25:46.196086+00,40,,,0,1022601,port-adelaide-power,Port Adelaide Power,https://fantasy.afl.com.au/assets/media/players/afl/1022601_450.png,Benny Barrett,Benny Barrett,ennyarrett
061433f2-4585-4cff-8dab-929ab6e39d31,d991371b-e2f7-4c95-ad7c-52ea89b07d7b,Jack Scrimshaw,MID,https://fantasy.afl.com.au/assets/media/players/afl/998114_450.png,2026-02-26 00:25:45.873242+00,14,,,0,998114,hawthorn-hawks,Hawthorn Hawks,https://fantasy.afl.com.au/assets/media/players/afl/998114_450.png,Jack Scrimshaw,Jack Scrimshaw,ackcrimshaw
0638655e-7fb5-4678-b47a-bcfdb0ea121b,914ab50f-d78d-4a28-aaef-6e4db1410600,Jack Sinclair,MID,https://fantasy.afl.com.au/assets/media/players/afl/994389_450.png,2026-02-26 00:25:45.873242+00,35,,,0,994389,st-kilda-saints,St Kilda Saints,https://fantasy.afl.com.au/assets/media/players/afl/994389_450.png,Jack Sinclair,Jack Sinclair,ackinclair
069d298b-1c2a-4239-8587-83bcb85a2de5,5a697f25-65ef-4a40-9446-c813bbd624dc,Chad Warner,DEF,https://fantasy.afl.com.au/assets/media/players/afl/1012014_450.png,2026-02-26 00:25:45.873242+00,1,,,0,1012014,sydney-swans,Sydney Swans,https://fantasy.afl.com.au/assets/media/players/afl/1012014_450.png,Chad Warner,Chad Warner,hadarner
06f9430c-81f3-4f38-876c-7092ec08a498,7fddbede-9cbf-4436-9845-1db1739b2476,Tylar Young,FWD,https://fantasy.afl.com.au/assets/media/players/afl/1018433_450.png,2026-02-26 00:25:46.196086+00,20,,,0,1018433,west-coast-eagles,West Coast Eagles,https://fantasy.afl.com.au/assets/media/players/afl/1018433_450.png,Tylar Young,Tylar Young,ylaroung
072e47ff-ccae-4752-bba1-a2f2ed9dd7c7,6d7d39fb-1136-4cc8-a68c-bb6a284f2245,Luke Pedlar,MID,https://fantasy.afl.com.au/assets/media/players/afl/1012218_450.png,2026-02-26 00:25:46.196086+00,10,,,0,1012218,adelaide-crows,Adelaide Crows,https://fantasy.afl.com.au/assets/media/players/afl/1012218_450.png,Luke Pedlar,Luke Pedlar,ukeedlar
079d0d24-3ae8-4161-91e0-c386c92f99b9,85de4282-cc6a-4db6-b4f6-8520b69c38de,Griffin Logue,FWD,https://fantasy.afl.com.au/assets/media/players/afl/997933_450.png,2026-02-26 00:25:46.196086+00,19,,,0,997933,north-melbourne-kangaroos,North Melbourne Kangaroos,https://fantasy.afl.com.au/assets/media/players/afl/997933_450.png,Griffin Logue,Griffin Logue,riffinogue
07e5fcb9-9da4-43f3-a8ad-b690ce24fb2d,,Callan Ward,,https://fantasy.afl.com.au/assets/media/players/afl/280109_450.png,2026-02-26 00:25:45.873242+00,,,,0,280109,,,https://fantasy.afl.com.au/assets/media/players/afl/280109_450.png,Callan Ward,Callan Ward,allanard
08b6f6bb-5d9c-4854-b895-7a1d17ec4dd6,6689e156-49a9-4066-a22e-259375fa9b04,Jay Polkinghorne,DEF,https://fantasy.afl.com.au/assets/media/players/afl/1027428_450.png,2026-02-26 00:25:46.196086+00,2,,,0,1027428,geelong-cats,Geelong Cats,https://fantasy.afl.com.au/assets/media/players/afl/1027428_450.png,Jay Polkinghorne,Jay Polkinghorne,ayolkinghorne
08d0eece-808f-468b-9eb6-af5184566031,501a05f7-174e-4a86-8cea-db048be8b646,Levi Ashcroft,MID,https://fantasy.afl.com.au/assets/media/players/afl/1028560_450.png,2026-02-26 00:25:45.873242+00,10,,,0,1028560,brisbane-lions,Brisbane Lions,https://fantasy.afl.com.au/assets/media/players/afl/1028560_450.png,Levi Ashcroft,Levi Ashcroft,evishcroft
09e38b04-60c8-4fcb-a50a-71ff9ddb0f44,8953891c-6af3-4f31-8386-7340f0c27f9c,Bailey Humphrey,MID,https://fantasy.afl.com.au/assets/media/players/afl/1023500_450.png,2026-02-26 00:25:46.196086+00,19,,,0,1023500,gold-coast-suns,Gold Coast Suns,https://fantasy.afl.com.au/assets/media/players/afl/1023500_450.png,Bailey Humphrey,Bailey Humphrey,aileyumphrey
09e57f5f-67f9-4d53-b506-89d2d6e39120,4a0822e2-ed7a-4fc4-8e70-bd1d1b92d3f8,Jamie Elliott,DEF,https://fantasy.afl.com.au/assets/media/players/afl/293801_450.png,2026-02-26 00:25:45.873242+00,5,,,0,293801,collingwood-magpies,Collingwood Magpies,https://fantasy.afl.com.au/assets/media/players/afl/293801_450.png,Jamie Elliott,Jamie Elliott,amielliott
0a27b157-130a-4413-8f3a-fddca281f5fd,8953891c-6af3-4f31-8386-7340f0c27f9c,Caleb Graham,MID,https://fantasy.afl.com.au/assets/media/players/afl/1006087_450.png,2026-02-26 00:25:46.196086+00,46,,,0,1006087,gold-coast-suns,Gold Coast Suns,https://fantasy.afl.com.au/assets/media/players/afl/1006087_450.png,Caleb Graham,Caleb Graham,alebraham
0a84d1cb-94ac-4988-9e81-37a0af357455,38694aa4-7f1c-4a5f-b306-d094532ae24a,Elijah Tsatas,DEF,https://fantasy.afl.com.au/assets/media/players/afl/1023785_450.png,2026-02-26 00:25:45.873242+00,5,,,0,1023785,essendon-bombers,Essendon Bombers,https://fantasy.afl.com.au/assets/media/players/afl/1023785_450.png,Elijah Tsatas,Elijah Tsatas,lijahsatas
0ac47b8b-c430-4cfa-bf32-cda7730648b1,,Sam Frost,,https://fantasy.afl.com.au/assets/media/players/afl/293738_450.png,2026-02-26 00:25:46.196086+00,,,,0,293738,,,https://fantasy.afl.com.au/assets/media/players/afl/293738_450.png,Sam Frost,Sam Frost,amrost
0ae9c367-cc73-4515-9e90-5c4ac798401f,0a73bf79-7321-4fd5-8b67-90fffabdcf01,Corey Wagner,MID,https://fantasy.afl.com.au/assets/media/players/afl/993940_450.png,2026-02-26 00:25:45.873242+00,34,,,0,993940,fremantle-dockers,Fremantle Dockers,https://fantasy.afl.com.au/assets/media/players/afl/993940_450.png,Corey Wagner,Corey Wagner,oreyagner
0b035750-dd41-4c71-bfa0-8ab143e87e6c,0a73bf79-7321-4fd5-8b67-90fffabdcf01,Cooper Simpson,FWD,https://fantasy.afl.com.au/assets/media/players/afl/1027656_450.png,2026-02-26 00:25:46.196086+00,29,,,0,1027656,fremantle-dockers,Fremantle Dockers,https://fantasy.afl.com.au/assets/media/players/afl/1027656_450.png,Cooper Simpson,Cooper Simpson,ooperimpson
0baefac1-a05f-49a6-a69e-f2cb9bff6e6b,8953891c-6af3-4f31-8386-7340f0c27f9c,Charlie Ballard,MID,https://fantasy.afl.com.au/assets/media/players/afl/1008882_450.png,2026-02-26 00:25:46.196086+00,10,,,0,1008882,gold-coast-suns,Gold Coast Suns,https://fantasy.afl.com.au/assets/media/players/afl/1008882_450.png,Charlie Ballard,Charlie Ballard,harlieallard
0bf15693-4f01-4cf3-bead-24d5bc9bd492,f70ca36c-612b-439f-850f-4a31fd2df499,Brodie Kemp,MID,https://fantasy.afl.com.au/assets/media/players/afl/1009241_450.png,2026-02-26 00:25:45.873242+00,17,,,0,1009241,carlton-blues,Carlton Blues,https://fantasy.afl.com.au/assets/media/players/afl/1009241_450.png,Brodie Kemp,Brodie Kemp,rodieemp
0c4f2153-e013-4dec-ac14-3ec9943a5638,85de4282-cc6a-4db6-b4f6-8520b69c38de,Josh Goater,RUCK,https://fantasy.afl.com.au/assets/media/players/afl/1017118_450.png,2026-02-26 00:25:45.873242+00,31,,,0,1017118,north-melbourne-kangaroos,North Melbourne Kangaroos,https://fantasy.afl.com.au/assets/media/players/afl/1017118_450.png,Josh Goater,Josh Goater,oshoater
0d038355-e869-434b-9b83-824c1aa99725,,Alwyn Davey Jnr,,https://fantasy.afl.com.au/assets/media/players/afl/1017933_450.png,2026-02-26 00:25:46.196086+00,,,,0,1017933,,,https://fantasy.afl.com.au/assets/media/players/afl/1017933_450.png,Alwyn Davey Jnr,Alwyn Davey Jnr,lwynaveynr
0d4b553d-4b4a-4578-9f7c-a44075e74b83,d991371b-e2f7-4c95-ad7c-52ea89b07d7b,Will Day,MID,https://fantasy.afl.com.au/assets/media/players/afl/1008550_450.png,2026-02-26 00:25:45.873242+00,12,,,0,1008550,hawthorn-hawks,Hawthorn Hawks,https://fantasy.afl.com.au/assets/media/players/afl/1008550_450.png,Will Day,Will Day,illay
0d773e5a-5b74-4984-86a5-b863a5b414e4,6e06405b-7cff-4d56-b852-48cc980c21bb,Hugo Ralphsmith,MID,https://fantasy.afl.com.au/assets/media/players/afl/1011985_450.png,2026-02-26 00:25:45.873242+00,13,,,0,1011985,richmond-tigers,Richmond Tigers,https://fantasy.afl.com.au/assets/media/players/afl/1011985_450.png,Hugo Ralphsmith,Hugo Ralphsmith,ugoalphsmith
0d85b739-6e3a-481c-8a98-3ffd6cb27d0c,38694aa4-7f1c-4a5f-b306-d094532ae24a,Nic Martin,MID,https://fantasy.afl.com.au/assets/media/players/afl/1026850_450.png,2026-02-26 00:25:45.873242+00,37,,,0,1026850,essendon-bombers,Essendon Bombers,https://fantasy.afl.com.au/assets/media/players/afl/1026850_450.png,Nic Martin,Nic Martin,icartin
0df39ce2-e5a2-4ce4-9969-727a0cdcb43b,,Brodie Smith,,https://fantasy.afl.com.au/assets/media/players/afl/291748_450.png,2026-02-26 00:25:45.873242+00,,,,0,291748,,,https://fantasy.afl.com.au/assets/media/players/afl/291748_450.png,Brodie Smith,Brodie Smith,rodiemith
0e3ecca4-fe90-42d3-aa45-43cef888ffa5,6e06405b-7cff-4d56-b852-48cc980c21bb,Toby Nankervis,FWD,https://fantasy.afl.com.au/assets/media/players/afl/298174_450.png,2026-02-26 00:25:45.873242+00,25,,,0,298174,richmond-tigers,Richmond Tigers,https://fantasy.afl.com.au/assets/media/players/afl/298174_450.png,Toby Nankervis,Toby Nankervis,obyankervis
0e896872-ce3f-4561-9051-32569be61289,0a73bf79-7321-4fd5-8b67-90fffabdcf01,Joshua Draper,MID,https://fantasy.afl.com.au/assets/media/players/afl/1020668_450.png,2026-02-26 00:25:46.196086+00,37,,,0,1020668,fremantle-dockers,Fremantle Dockers,https://fantasy.afl.com.au/assets/media/players/afl/1020668_450.png,Joshua Draper,Joshua Draper,oshuaraper
0ff2ce60-26e4-4261-b3f0-854077a54217,,Alex Sexton,,https://fantasy.afl.com.au/assets/media/players/afl/294643_450.png,2026-02-26 00:25:45.873242+00,,,,0,294643,,,https://fantasy.afl.com.au/assets/media/players/afl/294643_450.png,Alex Sexton,Alex Sexton,lexexton
1098be9e-3c46-4d64-84da-8b12169198b5,d991371b-e2f7-4c95-ad7c-52ea89b07d7b,Cody Anderson,MID,https://fantasy.afl.com.au/assets/media/players/afl/1028566_450.png,2026-02-26 00:25:45.873242+00,32,,,0,1028566,hawthorn-hawks,Hawthorn Hawks,https://fantasy.afl.com.au/assets/media/players/afl/1028566_450.png,Cody Anderson,Cody Anderson,odynderson
10bc20c5-c7e4-4eb7-97d8-d8157a281d10,6689e156-49a9-4066-a22e-259375fa9b04,Rhys Stanley,DEF,https://fantasy.afl.com.au/assets/media/players/afl/280317_450.png,2026-02-26 00:25:45.873242+00,1,,,0,280317,geelong-cats,Geelong Cats,https://fantasy.afl.com.au/assets/media/players/afl/280317_450.png,Rhys Stanley,Rhys Stanley,hystanley
11074e04-d61e-488a-935d-2cf9c2fcd1ab,501a05f7-174e-4a86-8cea-db048be8b646,Reece Torrent,MID,https://fantasy.afl.com.au/assets/media/players/afl/1024187_450.png,2026-02-26 00:25:45.873242+00,36,,,0,1024187,brisbane-lions,Brisbane Lions,https://fantasy.afl.com.au/assets/media/players/afl/1024187_450.png,Reece Torrent,Reece Torrent,eeceorrent
1134bc01-0d66-4de7-ba12-174bbed0a17f,6689e156-49a9-4066-a22e-259375fa9b04,Jack Martin,FWD,https://fantasy.afl.com.au/assets/media/players/afl/296190_450.png,2026-02-26 00:25:45.873242+00,19,,,0,296190,geelong-cats,Geelong Cats,https://fantasy.afl.com.au/assets/media/players/afl/296190_450.png,Jack Martin,Jack Martin,ackartin
11adc5ad-e0aa-472e-aa61-0f81b58019f1,f70ca36c-612b-439f-850f-4a31fd2df499,Rob Monahan,MID,https://fantasy.afl.com.au/assets/media/players/afl/1035129_450.png,2026-02-26 00:25:46.196086+00,34,,,0,1035129,carlton-blues,Carlton Blues,https://fantasy.afl.com.au/assets/media/players/afl/1035129_450.png,Rob Monahan,Rob Monahan,obonahan
11b3c26c-f1a9-437b-bb3f-3a2eb351f690,6d7d39fb-1136-4cc8-a68c-bb6a284f2245,Jordon Butts,MID,https://fantasy.afl.com.au/assets/media/players/afl/1004995_450.png,2026-02-26 00:25:46.196086+00,41,,,0,1004995,adelaide-crows,Adelaide Crows,https://fantasy.afl.com.au/assets/media/players/afl/1004995_450.png,Jordon Butts,Jordon Butts,ordonutts
11e95a3a-27b5-4f38-a0e7-dd2c7a747c39,6d7d39fb-1136-4cc8-a68c-bb6a284f2245,Nick Murray,MID,https://fantasy.afl.com.au/assets/media/players/afl/1008230_450.png,2026-02-26 00:25:46.196086+00,9,,,0,1008230,adelaide-crows,Adelaide Crows,https://fantasy.afl.com.au/assets/media/players/afl/1008230_450.png,Nick Murray,Nick Murray,ickurray
121deb07-6837-4747-8fc9-950e9fff8dc4,70c32ca0-2bec-4db6-9b70-b8c8327f51c1,Corey Durdin,MID,https://fantasy.afl.com.au/assets/media/players/afl/1008510_450.png,2026-02-26 00:25:46.196086+00,44,,,0,1008510,port-adelaide-power,Port Adelaide Power,https://fantasy.afl.com.au/assets/media/players/afl/1008510_450.png,Corey Durdin,Corey Durdin,oreyurdin
1244f552-28ab-446b-a8ce-54eaa1a6fdf6,0a73bf79-7321-4fd5-8b67-90fffabdcf01,Mason Cox,MID,https://fantasy.afl.com.au/assets/media/players/afl/998647_450.png,2026-02-26 00:25:45.873242+00,18,,,0,998647,fremantle-dockers,Fremantle Dockers,https://fantasy.afl.com.au/assets/media/players/afl/998647_450.png,Mason Cox,Mason Cox,asonox
12bcf10d-d1df-496c-9258-453594947d6e,5a697f25-65ef-4a40-9446-c813bbd624dc,Hayden McLean,DEF,https://fantasy.afl.com.au/assets/media/players/afl/1003203_450.png,2026-02-26 00:25:46.196086+00,2,,,0,1003203,sydney-swans,Sydney Swans,https://fantasy.afl.com.au/assets/media/players/afl/1003203_450.png,Hayden McLean,Hayden McLean,aydencean
12f6ab9c-8df1-4ed9-a5bb-981f52592116,0ceb3e8b-4504-4ddd-b7c6-e2bf4215eada,Connor Budarick,FWD,https://fantasy.afl.com.au/assets/media/players/afl/1008454_450.png,2026-02-26 00:25:45.873242+00,19,,,0,1008454,western-bulldogs,Western Bulldogs,https://fantasy.afl.com.au/assets/media/players/afl/1008454_450.png,Connor Budarick,Connor Budarick,onnorudarick
13c0df66-89e0-4b33-812d-f4074ed4d823,6e06405b-7cff-4d56-b852-48cc980c21bb,Jasper Alger,FWD,https://fantasy.afl.com.au/assets/media/players/afl/1028537_450.png,2026-02-26 00:25:46.196086+00,29,,,0,1028537,richmond-tigers,Richmond Tigers,https://fantasy.afl.com.au/assets/media/players/afl/1028537_450.png,Jasper Alger,Jasper Alger,asperlger
14267f0f-c802-4390-982b-1fdb8b711247,0a73bf79-7321-4fd5-8b67-90fffabdcf01,Andrew Brayshaw,DEF,https://fantasy.afl.com.au/assets/media/players/afl/1002232_450.png,2026-02-26 00:25:45.873242+00,8,,,0,1002232,fremantle-dockers,Fremantle Dockers,https://fantasy.afl.com.au/assets/media/players/afl/1002232_450.png,Andrew Brayshaw,Andrew Brayshaw,ndrewrayshaw
1432daf6-6b35-4426-9246-357819d840e1,38694aa4-7f1c-4a5f-b306-d094532ae24a,Xavier Duursma,FWD,https://fantasy.afl.com.au/assets/media/players/afl/1006096_450.png,2026-02-26 00:25:45.873242+00,28,,,0,1006096,essendon-bombers,Essendon Bombers,https://fantasy.afl.com.au/assets/media/players/afl/1006096_450.png,Xavier Duursma,Xavier Duursma,avieruursma
14b0c0a9-64ab-4e05-8f0b-49f313da0c24,6e06405b-7cff-4d56-b852-48cc980c21bb,Kaleb Smith,MID,https://fantasy.afl.com.au/assets/media/players/afl/1022999_450.png,2026-02-26 00:25:46.196086+00,49,,,0,1022999,richmond-tigers,Richmond Tigers,https://fantasy.afl.com.au/assets/media/players/afl/1022999_450.png,Kaleb Smith,Kaleb Smith,alebmith
1572f3b3-e9cd-45c6-9e98-62b5fdf1e49e,38694aa4-7f1c-4a5f-b306-d094532ae24a,Archer May,FWD,https://fantasy.afl.com.au/assets/media/players/afl/1029084_450.png,2026-02-26 00:25:46.196086+00,26,,,0,1029084,essendon-bombers,Essendon Bombers,https://fantasy.afl.com.au/assets/media/players/afl/1029084_450.png,Archer May,Archer May,rcheray
15cfe63b-4ccf-4fc8-b375-a8f4cbf6f468,6689e156-49a9-4066-a22e-259375fa9b04,Max Holmes,MID,https://fantasy.afl.com.au/assets/media/players/afl/1015889_450.png,2026-02-26 00:25:45.873242+00,9,,,0,1015889,geelong-cats,Geelong Cats,https://fantasy.afl.com.au/assets/media/players/afl/1015889_450.png,Max Holmes,Max Holmes,axolmes
15fd9633-56ba-4307-91ee-8406d20f5ee7,,Harry Boyd,,https://fantasy.afl.com.au/assets/media/players/afl/1000958_450.png,2026-02-26 00:25:46.196086+00,,,,0,1000958,,,https://fantasy.afl.com.au/assets/media/players/afl/1000958_450.png,Harry Boyd,Harry Boyd,arryoyd
1615bc01-8ef6-44d5-a052-8707948b2e64,6d7d39fb-1136-4cc8-a68c-bb6a284f2245,Daniel Curtin,DEF,https://fantasy.afl.com.au/assets/media/players/afl/1024023_450.png,2026-02-26 00:25:46.196086+00,6,,,0,1024023,adelaide-crows,Adelaide Crows,https://fantasy.afl.com.au/assets/media/players/afl/1024023_450.png,Daniel Curtin,Daniel Curtin,anielurtin
1621ed46-6bf3-4d6c-8f79-8d4a66d32352,5a697f25-65ef-4a40-9446-c813bbd624dc,Riley Bice,FWD,https://fantasy.afl.com.au/assets/media/players/afl/1008224_450.png,2026-02-26 00:25:46.196086+00,26,,,0,1008224,sydney-swans,Sydney Swans,https://fantasy.afl.com.au/assets/media/players/afl/1008224_450.png,Riley Bice,Riley Bice,ileyice
162712c8-b609-4130-bf4e-8913d0366360,f70ca36c-612b-439f-850f-4a31fd2df499,Liam Reidy,FWD,https://fantasy.afl.com.au/assets/media/players/afl/1023346_450.png,2026-02-26 00:25:45.873242+00,25,,,0,1023346,carlton-blues,Carlton Blues,https://fantasy.afl.com.au/assets/media/players/afl/1023346_450.png,Liam Reidy,Liam Reidy,iameidy
16330e2c-fd2d-412f-b134-7c4304ac1822,d991371b-e2f7-4c95-ad7c-52ea89b07d7b,Sam Butler,RUCK,https://fantasy.afl.com.au/assets/media/players/afl/1010708_450.png,2026-02-26 00:25:46.196086+00,30,,,0,1010708,hawthorn-hawks,Hawthorn Hawks,https://fantasy.afl.com.au/assets/media/players/afl/1010708_450.png,Sam Butler,Sam Butler,amutler
16465e85-6d62-4a74-8cad-b7a3c2714a30,f70ca36c-612b-439f-850f-4a31fd2df499,Zac Williams,DEF,https://fantasy.afl.com.au/assets/media/players/afl/294685_450.png,2026-02-26 00:25:45.873242+00,6,,,0,294685,carlton-blues,Carlton Blues,https://fantasy.afl.com.au/assets/media/players/afl/294685_450.png,Zac Williams,Zac Williams,acilliams
1653ade6-de6a-46f6-bf9f-b214224d45cb,0d8207f2-c6ac-43c7-b3b1-154eb1648fe5,Finn Callaghan,MID,https://fantasy.afl.com.au/assets/media/players/afl/1023266_450.png,2026-02-26 00:25:45.873242+00,17,,,0,1023266,gws-giants,GWS Giants,https://fantasy.afl.com.au/assets/media/players/afl/1023266_450.png,Finn Callaghan,Finn Callaghan,innallaghan
16cbf508-252c-4521-a880-fb2fdf79b77a,,Jayden Hunt,,https://fantasy.afl.com.au/assets/media/players/afl/994385_450.png,2026-02-26 00:25:45.873242+00,,,,0,994385,,,https://fantasy.afl.com.au/assets/media/players/afl/994385_450.png,Jayden Hunt,Jayden Hunt,aydenunt
176eb14b-601f-41b9-b80d-d13b971b8bc3,70c32ca0-2bec-4db6-9b70-b8c8327f51c1,Jase Burgoyne,DEF,https://fantasy.afl.com.au/assets/media/players/afl/1013462_450.png,2026-02-26 00:25:45.873242+00,7,,,0,1013462,port-adelaide-power,Port Adelaide Power,https://fantasy.afl.com.au/assets/media/players/afl/1013462_450.png,Jase Burgoyne,Jase Burgoyne,aseurgoyne
17cb739c-47ef-4988-b33c-94644e819db0,,Ted Clohesy,,https://fantasy.afl.com.au/assets/media/players/afl/1023542_450.png,2026-02-26 00:25:46.196086+00,,,,0,1023542,,,https://fantasy.afl.com.au/assets/media/players/afl/1023542_450.png,Ted Clohesy,Ted Clohesy,edlohesy
1812cb62-f824-447c-b4f7-045cba817424,5a697f25-65ef-4a40-9446-c813bbd624dc,Tom Hanily,MID,https://fantasy.afl.com.au/assets/media/players/afl/1027687_450.png,2026-02-26 00:25:46.196086+00,40,,,0,1027687,sydney-swans,Sydney Swans,https://fantasy.afl.com.au/assets/media/players/afl/1027687_450.png,Tom Hanily,Tom Hanily,omanily
1848ee00-2df1-4d4e-9988-8f220a34faa7,,Kynan Brown,,https://fantasy.afl.com.au/assets/media/players/afl/1027949_450.png,2026-02-26 00:25:46.196086+00,,,,0,1027949,,,https://fantasy.afl.com.au/assets/media/players/afl/1027949_450.png,Kynan Brown,Kynan Brown,ynanrown
185cd875-4da1-40a7-ade8-e198ca029ab4,d991371b-e2f7-4c95-ad7c-52ea89b07d7b,Bailey Macdonald,MID,https://fantasy.afl.com.au/assets/media/players/afl/1029261_450.png,2026-02-26 00:25:46.196086+00,42,,,0,1029261,hawthorn-hawks,Hawthorn Hawks,https://fantasy.afl.com.au/assets/media/players/afl/1029261_450.png,Bailey Macdonald,Bailey Macdonald,aileyacdonald
186d8ead-c623-4a88-b12b-7089ab8245af,6689e156-49a9-4066-a22e-259375fa9b04,Patrick Dangerfield,MID,https://fantasy.afl.com.au/assets/media/players/afl/270917_450.png,2026-02-26 00:25:45.873242+00,35,,,0,270917,geelong-cats,Geelong Cats,https://fantasy.afl.com.au/assets/media/players/afl/270917_450.png,Patrick Dangerfield,Patrick Dangerfield,atrickangerfield
187ca0af-539e-4c08-bd0c-94b979257e3c,501a05f7-174e-4a86-8cea-db048be8b646,Oscar Allen,DEF,https://fantasy.afl.com.au/assets/media/players/afl/1004385_450.png,2026-02-26 00:25:45.873242+00,4,,,0,1004385,brisbane-lions,Brisbane Lions,https://fantasy.afl.com.au/assets/media/players/afl/1004385_450.png,Oscar Allen,Oscar Allen,scarllen
18f408b1-650c-4772-b977-7e43f51c4882,4a0822e2-ed7a-4fc4-8e70-bd1d1b92d3f8,Bobby Hill,FWD,https://fantasy.afl.com.au/assets/media/players/afl/1006148_450.png,2026-02-26 00:25:45.873242+00,23,,,0,1006148,collingwood-magpies,Collingwood Magpies,https://fantasy.afl.com.au/assets/media/players/afl/1006148_450.png,Bobby Hill,Bobby Hill,obbyill
18fc74e8-e5f9-4b60-bf52-079d2e96266e,d991371b-e2f7-4c95-ad7c-52ea89b07d7b,Tom Barrass,MID,https://fantasy.afl.com.au/assets/media/players/afl/990290_450.png,2026-02-26 00:25:45.873242+00,37,,,0,990290,hawthorn-hawks,Hawthorn Hawks,https://fantasy.afl.com.au/assets/media/players/afl/990290_450.png,Tom Barrass,Tom Barrass,omarrass
192346b8-2c1c-4379-a789-cf7e53e6d017,0ceb3e8b-4504-4ddd-b7c6-e2bf4215eada,Ryan Gardner,MID,https://fantasy.afl.com.au/assets/media/players/afl/997501_450.png,2026-02-26 00:25:45.873242+00,43,,,0,997501,western-bulldogs,Western Bulldogs,https://fantasy.afl.com.au/assets/media/players/afl/997501_450.png,Ryan Gardner,Ryan Gardner,yanardner
198193a4-5a3a-4831-9fb5-75238c6efd12,f70ca36c-612b-439f-850f-4a31fd2df499,Patrick Cripps,DEF,https://fantasy.afl.com.au/assets/media/players/afl/990704_450.png,2026-02-26 00:25:45.873242+00,9,,,0,990704,carlton-blues,Carlton Blues,https://fantasy.afl.com.au/assets/media/players/afl/990704_450.png,Patrick Cripps,Patrick Cripps,atrickripps
19d76e44-0001-410e-bdec-5cc04fb7d541,70c32ca0-2bec-4db6-9b70-b8c8327f51c1,Jack Whitlock,MID,https://fantasy.afl.com.au/assets/media/players/afl/1032053_450.png,2026-02-26 00:25:46.196086+00,17,,,0,1032053,port-adelaide-power,Port Adelaide Power,https://fantasy.afl.com.au/assets/media/players/afl/1032053_450.png,Jack Whitlock,Jack Whitlock,ackhitlock
1a4fa32a-d93f-4f07-ae80-b8b1ba2fbba5,82880eac-b132-4b23-93d7-0ec25ff0a023,Jake Melksham,MID,https://fantasy.afl.com.au/assets/media/players/afl/280824_450.png,2026-02-26 00:25:46.196086+00,18,,,0,280824,melbourne-demons,Melbourne Demons,https://fantasy.afl.com.au/assets/media/players/afl/280824_450.png,Jake Melksham,Jake Melksham,akeelksham
1a50a7a1-a132-4879-8c30-882309793b88,,Oskar Smartt,,https://fantasy.afl.com.au/assets/media/players/afl/1027644_450.png,2026-02-26 00:25:46.196086+00,,,,0,1027644,,,https://fantasy.afl.com.au/assets/media/players/afl/1027644_450.png,Oskar Smartt,Oskar Smartt,skarmartt
1a621f65-f46a-4218-8bc4-0aaa49b901d0,914ab50f-d78d-4a28-aaef-6e4db1410600,Sam Flanders,MID,https://fantasy.afl.com.au/assets/media/players/afl/1009260_450.png,2026-02-26 00:25:45.873242+00,9,,,0,1009260,st-kilda-saints,St Kilda Saints,https://fantasy.afl.com.au/assets/media/players/afl/1009260_450.png,Sam Flanders,Sam Flanders,amlanders
1a9c9fee-9922-413a-b759-9b20e006d245,6e06405b-7cff-4d56-b852-48cc980c21bb,Oliver Hayes-Brown,MID,https://fantasy.afl.com.au/assets/media/players/afl/1035199_450.png,2026-02-26 00:25:45.873242+00,47,,,0,1035199,richmond-tigers,Richmond Tigers,https://fantasy.afl.com.au/assets/media/players/afl/1035199_450.png,Oliver Hayes-Brown,Oliver Hayes-Brown,liverayesrown
1a9d2609-bfe9-437e-a015-4d00ce2bcf64,0a73bf79-7321-4fd5-8b67-90fffabdcf01,Jye Amiss,FWD,https://fantasy.afl.com.au/assets/media/players/afl/1020594_450.png,2026-02-26 00:25:45.873242+00,24,,,0,1020594,fremantle-dockers,Fremantle Dockers,https://fantasy.afl.com.au/assets/media/players/afl/1020594_450.png,Jye Amiss,Jye Amiss,yemiss
1aa4938c-cc8c-4704-ba19-51266d5d091c,70c32ca0-2bec-4db6-9b70-b8c8327f51c1,Lachie Jones,MID,https://fantasy.afl.com.au/assets/media/players/afl/1011583_450.png,2026-02-26 00:25:46.196086+00,34,,,0,1011583,port-adelaide-power,Port Adelaide Power,https://fantasy.afl.com.au/assets/media/players/afl/1011583_450.png,Lachie Jones,Lachie Jones,achieones
1b6ee71a-812c-4f46-a86f-fdcb5aceba83,,Blake Leidler,,https://fantasy.afl.com.au/assets/media/players/afl/1028564_450.png,2026-02-26 00:25:46.196086+00,,,,0,1028564,,,https://fantasy.afl.com.au/assets/media/players/afl/1028564_450.png,Blake Leidler,Blake Leidler,lakeeidler
1b8715cb-803d-4822-bf29-845b00e741a3,6e06405b-7cff-4d56-b852-48cc980c21bb,Liam Fawcett,MID,https://fantasy.afl.com.au/assets/media/players/afl/1022383_450.png,2026-02-26 00:25:46.196086+00,43,,,0,1022383,richmond-tigers,Richmond Tigers,https://fantasy.afl.com.au/assets/media/players/afl/1022383_450.png,Liam Fawcett,Liam Fawcett,iamawcett
1bba8ef6-6388-49a1-87c5-e0bd115e5a0b,0d8207f2-c6ac-43c7-b3b1-154eb1648fe5,Jack Buckley,MID,https://fantasy.afl.com.au/assets/media/players/afl/1009708_450.png,2026-02-26 00:25:45.873242+00,44,,,0,1009708,gws-giants,GWS Giants,https://fantasy.afl.com.au/assets/media/players/afl/1009708_450.png,Jack Buckley,Jack Buckley,ackuckley
1be31a8c-6d56-4549-a123-f460496f665c,70c32ca0-2bec-4db6-9b70-b8c8327f51c1,Darcy Byrne-Jones,MID,https://fantasy.afl.com.au/assets/media/players/afl/991930_450.png,2026-02-26 00:25:45.873242+00,33,,,0,991930,port-adelaide-power,Port Adelaide Power,https://fantasy.afl.com.au/assets/media/players/afl/991930_450.png,Darcy Byrne-Jones,Darcy Byrne-Jones,arcyyrneones
1c2a7b56-6796-4776-ba88-c3167b4e5ed1,0ceb3e8b-4504-4ddd-b7c6-e2bf4215eada,Matthew Kennedy,DEF,https://fantasy.afl.com.au/assets/media/players/afl/1001398_450.png,2026-02-26 00:25:45.873242+00,8,,,0,1001398,western-bulldogs,Western Bulldogs,https://fantasy.afl.com.au/assets/media/players/afl/1001398_450.png,Matthew Kennedy,Matthew Kennedy,atthewennedy
1c63af25-5f8d-4a1a-80bf-c784cb20a5f4,8953891c-6af3-4f31-8386-7340f0c27f9c,Elliott Himmelberg,MID,https://fantasy.afl.com.au/assets/media/players/afl/1005199_450.png,2026-02-26 00:25:46.196086+00,12,,,0,1005199,gold-coast-suns,Gold Coast Suns,https://fantasy.afl.com.au/assets/media/players/afl/1005199_450.png,Elliott Himmelberg,Elliott Himmelberg,lliottimmelberg
1ca2fda2-fd38-4a96-ac5a-ed7c039b582d,914ab50f-d78d-4a28-aaef-6e4db1410600,Liam Henry,FWD,https://fantasy.afl.com.au/assets/media/players/afl/1005988_450.png,2026-02-26 00:25:45.873242+00,23,,,0,1005988,st-kilda-saints,St Kilda Saints,https://fantasy.afl.com.au/assets/media/players/afl/1005988_450.png,Liam Henry,Liam Henry,iamenry
1cb8062f-6690-4dd2-b4c9-2586e14d51f6,6689e156-49a9-4066-a22e-259375fa9b04,Lawson Humphries,MID,https://fantasy.afl.com.au/assets/media/players/afl/1013464_450.png,2026-02-26 00:25:45.873242+00,17,,,0,1013464,geelong-cats,Geelong Cats,https://fantasy.afl.com.au/assets/media/players/afl/1013464_450.png,Lawson Humphries,Lawson Humphries,awsonumphries
1ce4d9ed-74da-410b-9d07-8006c895b53e,0ceb3e8b-4504-4ddd-b7c6-e2bf4215eada,Josh Dolan,FWD,https://fantasy.afl.com.au/assets/media/players/afl/1034235_450.png,2026-02-26 00:25:46.196086+00,26,,,0,1034235,western-bulldogs,Western Bulldogs,https://fantasy.afl.com.au/assets/media/players/afl/1034235_450.png,Josh Dolan,Josh Dolan,osholan
1d358578-7525-4d12-b503-480302a8b632,501a05f7-174e-4a86-8cea-db048be8b646,Keidean Coleman,MID,https://fantasy.afl.com.au/assets/media/players/afl/1006059_450.png,2026-02-26 00:25:45.873242+00,18,,,0,1006059,brisbane-lions,Brisbane Lions,https://fantasy.afl.com.au/assets/media/players/afl/1006059_450.png,Keidean Coleman,Keidean Coleman,eideanoleman
1d5aea9a-54f4-4498-8152-4588a9d79647,4a0822e2-ed7a-4fc4-8e70-bd1d1b92d3f8,Tew Jiath,MID,https://fantasy.afl.com.au/assets/media/players/afl/1032017_450.png,2026-02-26 00:25:46.196086+00,19,,,0,1032017,collingwood-magpies,Collingwood Magpies,https://fantasy.afl.com.au/assets/media/players/afl/1032017_450.png,Tew Jiath,Tew Jiath,ewiath
1dc38882-e99e-41e4-872d-3f4e4b25e8b8,6e06405b-7cff-4d56-b852-48cc980c21bb,Patrick Retschko,RUCK,https://fantasy.afl.com.au/assets/media/players/afl/1032081_450.png,2026-02-26 00:25:45.873242+00,33,,,0,1032081,richmond-tigers,Richmond Tigers,https://fantasy.afl.com.au/assets/media/players/afl/1032081_450.png,Patrick Retschko,Patrick Retschko,atricketschko
1e33ba40-9763-48e7-973b-c780fe770691,38694aa4-7f1c-4a5f-b306-d094532ae24a,Kyle Langford,DEF,https://fantasy.afl.com.au/assets/media/players/afl/298630_450.png,2026-02-26 00:25:45.873242+00,4,,,0,298630,essendon-bombers,Essendon Bombers,https://fantasy.afl.com.au/assets/media/players/afl/298630_450.png,Kyle Langford,Kyle Langford,yleangford
1e712e1f-98d3-47f7-861b-b945f0657144,0d8207f2-c6ac-43c7-b3b1-154eb1648fe5,James Leake,RUCK,https://fantasy.afl.com.au/assets/media/players/afl/1032119_450.png,2026-02-26 00:25:45.873242+00,30,,,0,1032119,gws-giants,GWS Giants,https://fantasy.afl.com.au/assets/media/players/afl/1032119_450.png,James Leake,James Leake,ameseake
1ec18aa5-dc6d-473b-9d61-66b3b0b8eeb0,0a73bf79-7321-4fd5-8b67-90fffabdcf01,Bailey Banfield,MID,https://fantasy.afl.com.au/assets/media/players/afl/998180_450.png,2026-02-26 00:25:45.873242+00,41,,,0,998180,fremantle-dockers,Fremantle Dockers,https://fantasy.afl.com.au/assets/media/players/afl/998180_450.png,Bailey Banfield,Bailey Banfield,aileyanfield
1ed46e36-0787-435f-96b7-9ccbf89e3fee,6d7d39fb-1136-4cc8-a68c-bb6a284f2245,Ben Keays,DEF,https://fantasy.afl.com.au/assets/media/players/afl/993946_450.png,2026-02-26 00:25:45.873242+00,2,,,0,993946,adelaide-crows,Adelaide Crows,https://fantasy.afl.com.au/assets/media/players/afl/993946_450.png,Ben Keays,Ben Keays,eneays
1f013159-d11f-4ec5-a5bf-6d00a7d076f4,,Kamdyn McIntosh,,https://fantasy.afl.com.au/assets/media/players/afl/294592_450.png,2026-02-26 00:25:45.873242+00,,,,0,294592,,,https://fantasy.afl.com.au/assets/media/players/afl/294592_450.png,Kamdyn McIntosh,Kamdyn McIntosh,amdyncntosh
1f1e0260-a51e-4b9a-b7f4-9df13c06e10e,0d8207f2-c6ac-43c7-b3b1-154eb1648fe5,Leek Aleer,FWD,https://fantasy.afl.com.au/assets/media/players/afl/1008691_450.png,2026-02-26 00:25:46.196086+00,21,,,0,1008691,gws-giants,GWS Giants,https://fantasy.afl.com.au/assets/media/players/afl/1008691_450.png,Leek Aleer,Leek Aleer,eekleer
1f7b19cb-3ae1-4d70-bdf3-052081cadc53,8953891c-6af3-4f31-8386-7340f0c27f9c,Matt Rowell,MID,https://fantasy.afl.com.au/assets/media/players/afl/1009208_450.png,2026-02-26 00:25:45.873242+00,18,,,0,1009208,gold-coast-suns,Gold Coast Suns,https://fantasy.afl.com.au/assets/media/players/afl/1009208_450.png,Matt Rowell,Matt Rowell,attowell
1fb84f08-5669-4b43-bfda-48338defd8ac,0ceb3e8b-4504-4ddd-b7c6-e2bf4215eada,Harvey Gallagher,MID,https://fantasy.afl.com.au/assets/media/players/afl/1017087_450.png,2026-02-26 00:25:45.873242+00,12,,,0,1017087,western-bulldogs,Western Bulldogs,https://fantasy.afl.com.au/assets/media/players/afl/1017087_450.png,Harvey Gallagher,Harvey Gallagher,arveyallagher
1fcc8738-48e0-45b9-b13f-c82f6d5369e2,85de4282-cc6a-4db6-b4f6-8520b69c38de,Paul Curtis,FWD,https://fantasy.afl.com.au/assets/media/players/afl/1002947_450.png,2026-02-26 00:25:45.873242+00,25,,,0,1002947,north-melbourne-kangaroos,North Melbourne Kangaroos,https://fantasy.afl.com.au/assets/media/players/afl/1002947_450.png,Paul Curtis,Paul Curtis,aulurtis
2062d6ff-0442-4e73-92ce-3fcb1998b573,6d7d39fb-1136-4cc8-a68c-bb6a284f2245,Josh Worrell,FWD,https://fantasy.afl.com.au/assets/media/players/afl/1011981_450.png,2026-02-26 00:25:45.873242+00,24,,,0,1011981,adelaide-crows,Adelaide Crows,https://fantasy.afl.com.au/assets/media/players/afl/1011981_450.png,Josh Worrell,Josh Worrell,oshorrell
20b0b6eb-08bc-4a51-abb2-9fc69996d7f7,4a0822e2-ed7a-4fc4-8e70-bd1d1b92d3f8,Nick Daicos,MID,https://fantasy.afl.com.au/assets/media/players/afl/1023261_450.png,2026-02-26 00:25:45.873242+00,35,,,0,1023261,collingwood-magpies,Collingwood Magpies,https://fantasy.afl.com.au/assets/media/players/afl/1023261_450.png,Nick Daicos,Nick Daicos,ickaicos
20db506b-601c-4823-9296-3cc2afb796dc,0d8207f2-c6ac-43c7-b3b1-154eb1648fe5,Logan Smith,MID,https://fantasy.afl.com.au/assets/media/players/afl/1032161_450.png,2026-02-26 00:25:45.873242+00,36,,,0,1032161,gws-giants,GWS Giants,https://fantasy.afl.com.au/assets/media/players/afl/1032161_450.png,Logan Smith,Logan Smith,oganmith
225bb935-7377-4be6-ad6e-2481628b900c,5a697f25-65ef-4a40-9446-c813bbd624dc,Malcolm Rosas,MID,https://fantasy.afl.com.au/assets/media/players/afl/1005986_450.png,2026-02-26 00:25:46.196086+00,10,,,0,1005986,sydney-swans,Sydney Swans,https://fantasy.afl.com.au/assets/media/players/afl/1005986_450.png,Malcolm Rosas,Malcolm Rosas,alcolmosas
2319818d-d136-40a7-970a-57936dbefd8a,5a697f25-65ef-4a40-9446-c813bbd624dc,Sam Wicks,MID,https://fantasy.afl.com.au/assets/media/players/afl/1006232_450.png,2026-02-26 00:25:46.196086+00,15,,,0,1006232,sydney-swans,Sydney Swans,https://fantasy.afl.com.au/assets/media/players/afl/1006232_450.png,Sam Wicks,Sam Wicks,amicks
23207171-19fb-4fd9-b105-9461c37412ce,70c32ca0-2bec-4db6-9b70-b8c8327f51c1,Will Brodie,FWD,https://fantasy.afl.com.au/assets/media/players/afl/998129_450.png,2026-02-26 00:25:45.873242+00,23,,,0,998129,port-adelaide-power,Port Adelaide Power,https://fantasy.afl.com.au/assets/media/players/afl/998129_450.png,Will Brodie,Will Brodie,illrodie
2398d8a7-37f0-41c1-8db5-e6a087ad3e87,0a73bf79-7321-4fd5-8b67-90fffabdcf01,Patrick Voss,FWD,https://fantasy.afl.com.au/assets/media/players/afl/1017754_450.png,2026-02-26 00:25:46.196086+00,20,,,0,1017754,fremantle-dockers,Fremantle Dockers,https://fantasy.afl.com.au/assets/media/players/afl/1017754_450.png,Patrick Voss,Patrick Voss,atrickoss
23dfa8d0-ea51-43c3-b7fc-2ccb80458527,0d8207f2-c6ac-43c7-b3b1-154eb1648fe5,Sam Taylor,MID,https://fantasy.afl.com.au/assets/media/players/afl/1005247_450.png,2026-02-26 00:25:46.196086+00,15,,,0,1005247,gws-giants,GWS Giants,https://fantasy.afl.com.au/assets/media/players/afl/1005247_450.png,Sam Taylor,Sam Taylor,amaylor
24642037-aeb5-4642-b97c-9f7269abc38c,0ceb3e8b-4504-4ddd-b7c6-e2bf4215eada,Joel Freijah,FWD,https://fantasy.afl.com.au/assets/media/players/afl/1027704_450.png,2026-02-26 00:25:45.873242+00,27,,,0,1027704,western-bulldogs,Western Bulldogs,https://fantasy.afl.com.au/assets/media/players/afl/1027704_450.png,Joel Freijah,Joel Freijah,oelreijah
248f3322-15b9-4925-8e6c-462d28e9351c,914ab50f-d78d-4a28-aaef-6e4db1410600,Darcy Wilson,FWD,https://fantasy.afl.com.au/assets/media/players/afl/1027875_450.png,2026-02-26 00:25:45.873242+00,22,,,0,1027875,st-kilda-saints,St Kilda Saints,https://fantasy.afl.com.au/assets/media/players/afl/1027875_450.png,Darcy Wilson,Darcy Wilson,arcyilson
252aa81a-0c54-40b7-b075-4a27c2f92d9d,5a697f25-65ef-4a40-9446-c813bbd624dc,Ned Bowman,FWD,https://fantasy.afl.com.au/assets/media/players/afl/1027406_450.png,2026-02-26 00:25:46.196086+00,23,,,0,1027406,sydney-swans,Sydney Swans,https://fantasy.afl.com.au/assets/media/players/afl/1027406_450.png,Ned Bowman,Ned Bowman,edowman
256fef7e-a1b4-40cf-bec2-08331a3a0752,4a0822e2-ed7a-4fc4-8e70-bd1d1b92d3f8,Harvey Harrison,MID,https://fantasy.afl.com.au/assets/media/players/afl/1015332_450.png,2026-02-26 00:25:46.196086+00,36,,,0,1015332,collingwood-magpies,Collingwood Magpies,https://fantasy.afl.com.au/assets/media/players/afl/1015332_450.png,Harvey Harrison,Harvey Harrison,arveyarrison
25b1a2ef-8ffd-4097-b5c3-b3c9f8109880,8953891c-6af3-4f31-8386-7340f0c27f9c,Noah Anderson,MID,https://fantasy.afl.com.au/assets/media/players/afl/1009199_450.png,2026-02-26 00:25:45.873242+00,15,,,0,1009199,gold-coast-suns,Gold Coast Suns,https://fantasy.afl.com.au/assets/media/players/afl/1009199_450.png,Noah Anderson,Noah Anderson,oahnderson
26d20142-5778-4409-a1ca-c0fcb3416a9d,6e06405b-7cff-4d56-b852-48cc980c21bb,Thomas Sims,MID,https://fantasy.afl.com.au/assets/media/players/afl/1018996_450.png,2026-02-26 00:25:46.196086+00,38,,,0,1018996,richmond-tigers,Richmond Tigers,https://fantasy.afl.com.au/assets/media/players/afl/1018996_450.png,Thomas Sims,Thomas Sims,homasims
26e03f1d-13ed-4397-beaa-89e9ee2377a5,85de4282-cc6a-4db6-b4f6-8520b69c38de,George Wardlaw,DEF,https://fantasy.afl.com.au/assets/media/players/afl/1023477_450.png,2026-02-26 00:25:45.873242+00,6,,,0,1023477,north-melbourne-kangaroos,North Melbourne Kangaroos,https://fantasy.afl.com.au/assets/media/players/afl/1023477_450.png,George Wardlaw,George Wardlaw,eorgeardlaw
27295d87-9304-46f5-ab0f-97c1d1716574,6689e156-49a9-4066-a22e-259375fa9b04,Tom Stewart,MID,https://fantasy.afl.com.au/assets/media/players/afl/291800_450.png,2026-02-26 00:25:45.873242+00,44,,,0,291800,geelong-cats,Geelong Cats,https://fantasy.afl.com.au/assets/media/players/afl/291800_450.png,Tom Stewart,Tom Stewart,omtewart
273b9d4d-af07-4a3e-89de-c6e4ac14cc39,0ceb3e8b-4504-4ddd-b7c6-e2bf4215eada,Cody Weightman,DEF,https://fantasy.afl.com.au/assets/media/players/afl/1011803_450.png,2026-02-26 00:25:45.873242+00,3,,,0,1011803,western-bulldogs,Western Bulldogs,https://fantasy.afl.com.au/assets/media/players/afl/1011803_450.png,Cody Weightman,Cody Weightman,odyeightman
277c7551-68ba-4ab9-9d2a-87b160443a41,6e06405b-7cff-4d56-b852-48cc980c21bb,Jacob Hopper,DEF,https://fantasy.afl.com.au/assets/media/players/afl/993903_450.png,2026-02-26 00:25:45.873242+00,2,,,0,993903,richmond-tigers,Richmond Tigers,https://fantasy.afl.com.au/assets/media/players/afl/993903_450.png,Jacob Hopper,Jacob Hopper,acobopper
27890923-239c-4c62-b67c-9566eae47357,85de4282-cc6a-4db6-b4f6-8520b69c38de,Caleb Daniel,DEF,https://fantasy.afl.com.au/assets/media/players/afl/295136_450.png,2026-02-26 00:25:45.873242+00,5,,,0,295136,north-melbourne-kangaroos,North Melbourne Kangaroos,https://fantasy.afl.com.au/assets/media/players/afl/295136_450.png,Caleb Daniel,Caleb Daniel,alebaniel
2794436f-87a1-4aad-a3d6-547e8b89e6d7,f70ca36c-612b-439f-850f-4a31fd2df499,Harry O'Farrell,FWD,https://fantasy.afl.com.au/assets/media/players/afl/1028526_450.png,2026-02-26 00:25:46.196086+00,22,,,0,1028526,carlton-blues,Carlton Blues,https://fantasy.afl.com.au/assets/media/players/afl/1028526_450.png,Harry O'Farrell,Harry O'Farrell,arryarrell
281134ec-aaec-4032-beb0-a23961f8e7b9,914ab50f-d78d-4a28-aaef-6e4db1410600,Lance Collard,DEF,https://fantasy.afl.com.au/assets/media/players/afl/1017959_450.png,2026-02-26 00:25:46.196086+00,4,,,0,1017959,st-kilda-saints,St Kilda Saints,https://fantasy.afl.com.au/assets/media/players/afl/1017959_450.png,Lance Collard,Lance Collard,anceollard
288a82eb-f3d2-4af2-8426-c87a0daf94f8,0ceb3e8b-4504-4ddd-b7c6-e2bf4215eada,Luke Cleary,MID,https://fantasy.afl.com.au/assets/media/players/afl/1015929_450.png,2026-02-26 00:25:46.196086+00,36,,,0,1015929,western-bulldogs,Western Bulldogs,https://fantasy.afl.com.au/assets/media/players/afl/1015929_450.png,Luke Cleary,Luke Cleary,ukeleary
2890e2f9-9678-41e3-b767-5b1052714ccd,70c32ca0-2bec-4db6-9b70-b8c8327f51c1,Christian Moraes,MID,https://fantasy.afl.com.au/assets/media/players/afl/1028563_450.png,2026-02-26 00:25:46.196086+00,11,,,0,1028563,port-adelaide-power,Port Adelaide Power,https://fantasy.afl.com.au/assets/media/players/afl/1028563_450.png,Christian Moraes,Christian Moraes,hristianoraes
289eaa46-c2c2-4017-81a3-262089282c62,82880eac-b132-4b23-93d7-0ec25ff0a023,Shane McAdam,FWD,https://fantasy.afl.com.au/assets/media/players/afl/298470_450.png,2026-02-26 00:25:46.196086+00,23,,,0,298470,melbourne-demons,Melbourne Demons,https://fantasy.afl.com.au/assets/media/players/afl/298470_450.png,Shane McAdam,Shane McAdam,hanecdam
28a369d9-c9f7-4481-88e3-cc9e486d25d6,6e06405b-7cff-4d56-b852-48cc980c21bb,Samson Ryan,RUCK,https://fantasy.afl.com.au/assets/media/players/afl/1012386_450.png,2026-02-26 00:25:45.873242+00,32,,,0,1012386,richmond-tigers,Richmond Tigers,https://fantasy.afl.com.au/assets/media/players/afl/1012386_450.png,Samson Ryan,Samson Ryan,amsonyan
29103e1b-1bdc-4845-93d9-b0b59f40899c,,Jaxon Binns,,https://fantasy.afl.com.au/assets/media/players/afl/1023533_450.png,2026-02-26 00:25:45.873242+00,,,,0,1023533,,,https://fantasy.afl.com.au/assets/media/players/afl/1023533_450.png,Jaxon Binns,Jaxon Binns,axoninns
294b2bf6-524f-4cfe-a433-247680ebd374,f70ca36c-612b-439f-850f-4a31fd2df499,Will White,MID,https://fantasy.afl.com.au/assets/media/players/afl/1027713_450.png,2026-02-26 00:25:46.196086+00,38,,,0,1027713,carlton-blues,Carlton Blues,https://fantasy.afl.com.au/assets/media/players/afl/1027713_450.png,Will White,Will White,illhite
29611a1e-7b3f-4973-9c49-4fa33169021a,6d7d39fb-1136-4cc8-a68c-bb6a284f2245,Thomas Edwards,MID,https://fantasy.afl.com.au/assets/media/players/afl/1018323_450.png,2026-02-26 00:25:46.196086+00,11,,,0,1018323,adelaide-crows,Adelaide Crows,https://fantasy.afl.com.au/assets/media/players/afl/1018323_450.png,Thomas Edwards,Thomas Edwards,homasdwards
29719583-9545-45fa-b319-13429bc91a5a,f70ca36c-612b-439f-850f-4a31fd2df499,Mitch McGovern,MID,https://fantasy.afl.com.au/assets/media/players/afl/297255_450.png,2026-02-26 00:25:45.873242+00,11,,,0,297255,carlton-blues,Carlton Blues,https://fantasy.afl.com.au/assets/media/players/afl/297255_450.png,Mitch McGovern,Mitch McGovern,itchcovern
29dc4688-a16a-4e28-89bd-c6f36292f129,0d8207f2-c6ac-43c7-b3b1-154eb1648fe5,Toby Bedford,MID,https://fantasy.afl.com.au/assets/media/players/afl/1008139_450.png,2026-02-26 00:25:45.873242+00,14,,,0,1008139,gws-giants,GWS Giants,https://fantasy.afl.com.au/assets/media/players/afl/1008139_450.png,Toby Bedford,Toby Bedford,obyedford
29fc2360-b082-4d1d-ba27-95f75f6d8ff0,,Callum Jamieson,,https://fantasy.afl.com.au/assets/media/players/afl/1011243_450.png,2026-02-26 00:25:46.196086+00,,,,0,1011243,,,https://fantasy.afl.com.au/assets/media/players/afl/1011243_450.png,Callum Jamieson,Callum Jamieson,allumamieson
2a8ac662-ee06-4b77-8d4a-b370faafd902,6d7d39fb-1136-4cc8-a68c-bb6a284f2245,Isaac Cumming,MID,https://fantasy.afl.com.au/assets/media/players/afl/1001396_450.png,2026-02-26 00:25:45.873242+00,44,,,0,1001396,adelaide-crows,Adelaide Crows,https://fantasy.afl.com.au/assets/media/players/afl/1001396_450.png,Isaac Cumming,Isaac Cumming,saacumming
2ad83839-180d-4c4c-9990-f80fd36b8e2d,d991371b-e2f7-4c95-ad7c-52ea89b07d7b,Dylan Moore,DEF,https://fantasy.afl.com.au/assets/media/players/afl/1006314_450.png,2026-02-26 00:25:45.873242+00,8,,,0,1006314,hawthorn-hawks,Hawthorn Hawks,https://fantasy.afl.com.au/assets/media/players/afl/1006314_450.png,Dylan Moore,Dylan Moore,ylanoore
2ade2f4a-96fa-45b0-b14a-27e9a4c56c5e,d991371b-e2f7-4c95-ad7c-52ea89b07d7b,Harry Morrison,DEF,https://fantasy.afl.com.au/assets/media/players/afl/1000963_450.png,2026-02-26 00:25:45.873242+00,1,,,0,1000963,hawthorn-hawks,Hawthorn Hawks,https://fantasy.afl.com.au/assets/media/players/afl/1000963_450.png,Harry Morrison,Harry Morrison,arryorrison
2b4de705-a852-4812-8d87-779cd93f7ffb,4a0822e2-ed7a-4fc4-8e70-bd1d1b92d3f8,Charlie West,FWD,https://fantasy.afl.com.au/assets/media/players/afl/1027382_450.png,2026-02-26 00:25:46.196086+00,29,,,0,1027382,collingwood-magpies,Collingwood Magpies,https://fantasy.afl.com.au/assets/media/players/afl/1027382_450.png,Charlie West,Charlie West,harlieest
2b9f10bd-e25b-49c1-a032-ed1e8509fd88,914ab50f-d78d-4a28-aaef-6e4db1410600,Eamonn Armstrong,MID,https://fantasy.afl.com.au/assets/media/players/afl/1039730_450.png,2026-02-26 00:25:46.196086+00,46,,,0,1039730,st-kilda-saints,St Kilda Saints,https://fantasy.afl.com.au/assets/media/players/afl/1039730_450.png,Eamonn Armstrong,Eamonn Armstrong,amonnrmstrong
2ba4226f-07f5-4d88-8726-607803e94649,,Oleg Markov,,https://fantasy.afl.com.au/assets/media/players/afl/298358_450.png,2026-02-26 00:25:46.196086+00,,,,0,298358,,,https://fantasy.afl.com.au/assets/media/players/afl/298358_450.png,Oleg Markov,Oleg Markov,legarkov
2bb1c79a-11bc-4e1a-bbbc-434d52087b90,7fddbede-9cbf-4436-9845-1db1739b2476,Rhett Bazzo,MID,https://fantasy.afl.com.au/assets/media/players/afl/1017718_450.png,2026-02-26 00:25:46.196086+00,33,,,0,1017718,west-coast-eagles,West Coast Eagles,https://fantasy.afl.com.au/assets/media/players/afl/1017718_450.png,Rhett Bazzo,Rhett Bazzo,hettazzo
2ce815e5-24d7-40d4-a59d-bd55f3bacf74,f70ca36c-612b-439f-850f-4a31fd2df499,Jacob Weitering,FWD,https://fantasy.afl.com.au/assets/media/players/afl/993832_450.png,2026-02-26 00:25:45.873242+00,23,,,0,993832,carlton-blues,Carlton Blues,https://fantasy.afl.com.au/assets/media/players/afl/993832_450.png,Jacob Weitering,Jacob Weitering,acobeitering
2d1ab157-adac-4ba9-9aab-9720e7c41aaf,f70ca36c-612b-439f-850f-4a31fd2df499,Matt Duffy,MID,https://fantasy.afl.com.au/assets/media/players/afl/1039720_450.png,2026-02-26 00:25:46.196086+00,41,,,0,1039720,carlton-blues,Carlton Blues,https://fantasy.afl.com.au/assets/media/players/afl/1039720_450.png,Matt Duffy,Matt Duffy,attuffy
2d1c4346-2cf5-49c9-9e71-61b07a8bf253,6e06405b-7cff-4d56-b852-48cc980c21bb,Tom Brown,FWD,https://fantasy.afl.com.au/assets/media/players/afl/1017086_450.png,2026-02-26 00:25:46.196086+00,30,,,0,1017086,richmond-tigers,Richmond Tigers,https://fantasy.afl.com.au/assets/media/players/afl/1017086_450.png,Tom Brown,Tom Brown,omrown
2d202031-6442-4162-bd36-3577ac6e1060,914ab50f-d78d-4a28-aaef-6e4db1410600,Hugh Boxshall,MID,https://fantasy.afl.com.au/assets/media/players/afl/1029148_450.png,2026-02-26 00:25:45.873242+00,38,,,0,1029148,st-kilda-saints,St Kilda Saints,https://fantasy.afl.com.au/assets/media/players/afl/1029148_450.png,Hugh Boxshall,Hugh Boxshall,ughoxshall
2da0be09-9635-46b6-85e2-d631994b1938,7fddbede-9cbf-4436-9845-1db1739b2476,Malakai Champion,MID,https://fantasy.afl.com.au/assets/media/players/afl/1029136_450.png,2026-02-26 00:25:46.196086+00,37,,,0,1029136,west-coast-eagles,West Coast Eagles,https://fantasy.afl.com.au/assets/media/players/afl/1029136_450.png,Malakai Champion,Malakai Champion,alakaihampion
2daf14de-b674-443a-8d06-4b3c592ffd29,6e06405b-7cff-4d56-b852-48cc980c21bb,Ben Miller,MID,https://fantasy.afl.com.au/assets/media/players/afl/1002403_450.png,2026-02-26 00:25:46.196086+00,12,,,0,1002403,richmond-tigers,Richmond Tigers,https://fantasy.afl.com.au/assets/media/players/afl/1002403_450.png,Ben Miller,Ben Miller,eniller
2dd2456a-0f1d-4e82-bc78-af6b36639192,4a0822e2-ed7a-4fc4-8e70-bd1d1b92d3f8,Harry Perryman,MID,https://fantasy.afl.com.au/assets/media/players/afl/998205_450.png,2026-02-26 00:25:45.873242+00,12,,,0,998205,collingwood-magpies,Collingwood Magpies,https://fantasy.afl.com.au/assets/media/players/afl/998205_450.png,Harry Perryman,Harry Perryman,arryerryman
2de3e3d0-6c49-4a27-b43f-e275eb84a1e1,0d8207f2-c6ac-43c7-b3b1-154eb1648fe5,Callum M. Brown,MID,https://fantasy.afl.com.au/assets/media/players/afl/1014038_450.png,2026-02-26 00:25:46.196086+00,46,,,0,1014038,gws-giants,GWS Giants,https://fantasy.afl.com.au/assets/media/players/afl/1014038_450.png,Callum M. Brown,Callum M. Brown,allumrown
2df9464a-efaf-4093-8d36-d0d5941b8cc4,,Coen Livingstone,,https://fantasy.afl.com.au/assets/media/players/afl/1028291_450.png,2026-02-26 00:25:45.873242+00,,,,0,1028291,,,https://fantasy.afl.com.au/assets/media/players/afl/1028291_450.png,Coen Livingstone,Coen Livingstone,oenivingstone
2e1b3528-3348-4b6e-9849-8ff2386780c3,0d8207f2-c6ac-43c7-b3b1-154eb1648fe5,Nathan Wardius,MID,https://fantasy.afl.com.au/assets/media/players/afl/1034066_450.png,2026-02-26 00:25:46.196086+00,42,,,0,1034066,gws-giants,GWS Giants,https://fantasy.afl.com.au/assets/media/players/afl/1034066_450.png,Nathan Wardius,Nathan Wardius,athanardius
2e594f95-12c5-4499-bf36-df35d50e36ee,5a697f25-65ef-4a40-9446-c813bbd624dc,Dane Rampe,FWD,https://fantasy.afl.com.au/assets/media/players/afl/290307_450.png,2026-02-26 00:25:45.873242+00,24,,,0,290307,sydney-swans,Sydney Swans,https://fantasy.afl.com.au/assets/media/players/afl/290307_450.png,Dane Rampe,Dane Rampe,aneampe
2ebd023b-a8f3-4e55-9dab-e43e96dd641a,6689e156-49a9-4066-a22e-259375fa9b04,Bailey Smith,DEF,https://fantasy.afl.com.au/assets/media/players/afl/1006130_450.png,2026-02-26 00:25:45.873242+00,3,,,0,1006130,geelong-cats,Geelong Cats,https://fantasy.afl.com.au/assets/media/players/afl/1006130_450.png,Bailey Smith,Bailey Smith,aileymith
2f819ae6-6948-4c76-b4d4-972f72615c12,f70ca36c-612b-439f-850f-4a31fd2df499,Flynn Young,MID,https://fantasy.afl.com.au/assets/media/players/afl/1020877_450.png,2026-02-26 00:25:46.196086+00,45,,,0,1020877,carlton-blues,Carlton Blues,https://fantasy.afl.com.au/assets/media/players/afl/1020877_450.png,Flynn Young,Flynn Young,lynnoung
2f8a834b-7e38-4316-bcc7-e151dd16d7d4,6d7d39fb-1136-4cc8-a68c-bb6a284f2245,Izak Rankine,FWD,https://fantasy.afl.com.au/assets/media/players/afl/1001195_450.png,2026-02-26 00:25:45.873242+00,23,,,0,1001195,adelaide-crows,Adelaide Crows,https://fantasy.afl.com.au/assets/media/players/afl/1001195_450.png,Izak Rankine,Izak Rankine,zakankine
2fa1e38d-391a-4542-8e2f-89671313343b,7fddbede-9cbf-4436-9845-1db1739b2476,Tom McCarthy,MID,https://fantasy.afl.com.au/assets/media/players/afl/1036124_450.png,2026-02-26 00:25:46.196086+00,18,,,0,1036124,west-coast-eagles,West Coast Eagles,https://fantasy.afl.com.au/assets/media/players/afl/1036124_450.png,Tom McCarthy,Tom McCarthy,omcarthy
2fa8d99a-dcaa-4891-b8e5-94fa70a99782,0ceb3e8b-4504-4ddd-b7c6-e2bf4215eada,Zac Walker,MID,https://fantasy.afl.com.au/assets/media/players/afl/1041619_450.png,2026-02-26 00:25:46.196086+00,41,,,0,1041619,western-bulldogs,Western Bulldogs,https://fantasy.afl.com.au/assets/media/players/afl/1041619_450.png,Zac Walker,Zac Walker,acalker
2faafd46-cbe5-4758-931f-54478f0b2be3,7fddbede-9cbf-4436-9845-1db1739b2476,Harley Reid,MID,https://fantasy.afl.com.au/assets/media/players/afl/1023492_450.png,2026-02-26 00:25:45.873242+00,9,,,0,1023492,west-coast-eagles,West Coast Eagles,https://fantasy.afl.com.au/assets/media/players/afl/1023492_450.png,Harley Reid,Harley Reid,arleyeid
302e5539-20a9-4f04-8f3b-885c5c703662,38694aa4-7f1c-4a5f-b306-d094532ae24a,Archie Roberts,FWD,https://fantasy.afl.com.au/assets/media/players/afl/1023515_450.png,2026-02-26 00:25:45.873242+00,21,,,0,1023515,essendon-bombers,Essendon Bombers,https://fantasy.afl.com.au/assets/media/players/afl/1023515_450.png,Archie Roberts,Archie Roberts,rchieoberts
30807856-68d2-4953-b9e5-ea64e527fe83,7fddbede-9cbf-4436-9845-1db1739b2476,Harvey Johnston,FWD,https://fantasy.afl.com.au/assets/media/players/afl/1027969_450.png,2026-02-26 00:25:46.196086+00,24,,,0,1027969,west-coast-eagles,West Coast Eagles,https://fantasy.afl.com.au/assets/media/players/afl/1027969_450.png,Harvey Johnston,Harvey Johnston,arveyohnston
3182a259-0390-4bce-93b3-61d3a04373ac,501a05f7-174e-4a86-8cea-db048be8b646,Will Ashcroft,DEF,https://fantasy.afl.com.au/assets/media/players/afl/1023517_450.png,2026-02-26 00:25:45.873242+00,8,,,0,1023517,brisbane-lions,Brisbane Lions,https://fantasy.afl.com.au/assets/media/players/afl/1023517_450.png,Will Ashcroft,Will Ashcroft,illshcroft
318ac4fb-231e-46d3-9992-2bab963c034a,501a05f7-174e-4a86-8cea-db048be8b646,Will McLachlan,FWD,https://fantasy.afl.com.au/assets/media/players/afl/1029405_450.png,2026-02-26 00:25:46.196086+00,28,,,0,1029405,brisbane-lions,Brisbane Lions,https://fantasy.afl.com.au/assets/media/players/afl/1029405_450.png,Will McLachlan,Will McLachlan,illcachlan
31f49a3a-e5c6-435c-a94a-26f245759d48,6689e156-49a9-4066-a22e-259375fa9b04,Oliver Dempsey,FWD,https://fantasy.afl.com.au/assets/media/players/afl/1025034_450.png,2026-02-26 00:25:45.873242+00,28,,,0,1025034,geelong-cats,Geelong Cats,https://fantasy.afl.com.au/assets/media/players/afl/1025034_450.png,Oliver Dempsey,Oliver Dempsey,liverempsey
323ec3f5-f9e5-436e-af55-d0df7cc600d9,7fddbede-9cbf-4436-9845-1db1739b2476,Elliot Yeo,DEF,https://fantasy.afl.com.au/assets/media/players/afl/292128_450.png,2026-02-26 00:25:45.873242+00,6,,,0,292128,west-coast-eagles,West Coast Eagles,https://fantasy.afl.com.au/assets/media/players/afl/292128_450.png,Elliot Yeo,Elliot Yeo,llioteo
32676086-725c-4868-9f32-09b8a86ae1ff,85de4282-cc6a-4db6-b4f6-8520b69c38de,Charlie Spargo,MID,https://fantasy.afl.com.au/assets/media/players/afl/1002282_450.png,2026-02-26 00:25:46.196086+00,13,,,0,1002282,north-melbourne-kangaroos,North Melbourne Kangaroos,https://fantasy.afl.com.au/assets/media/players/afl/1002282_450.png,Charlie Spargo,Charlie Spargo,harliepargo
327d744c-4904-4140-bdd2-03af2fa38e9c,6d7d39fb-1136-4cc8-a68c-bb6a284f2245,Chayce Jones,DEF,https://fantasy.afl.com.au/assets/media/players/afl/1006203_450.png,2026-02-26 00:25:45.873242+00,1,,,0,1006203,adelaide-crows,Adelaide Crows,https://fantasy.afl.com.au/assets/media/players/afl/1006203_450.png,Chayce Jones,Chayce Jones,hayceones
32f1ce42-1c86-4959-a9e4-53bae5c7f177,6e06405b-7cff-4d56-b852-48cc980c21bb,Campbell Gray,MID,https://fantasy.afl.com.au/assets/media/players/afl/1036103_450.png,2026-02-26 00:25:46.196086+00,50,,,0,1036103,richmond-tigers,Richmond Tigers,https://fantasy.afl.com.au/assets/media/players/afl/1036103_450.png,Campbell Gray,Campbell Gray,ampbellray
33683604-981d-4851-ac0b-92ff1c4a6520,5a697f25-65ef-4a40-9446-c813bbd624dc,Nick Blakey,FWD,https://fantasy.afl.com.au/assets/media/players/afl/1006028_450.png,2026-02-26 00:25:45.873242+00,22,,,0,1006028,sydney-swans,Sydney Swans,https://fantasy.afl.com.au/assets/media/players/afl/1006028_450.png,Nick Blakey,Nick Blakey,icklakey
3377b6ce-770c-4ea5-b648-970672ea1691,6d7d39fb-1136-4cc8-a68c-bb6a284f2245,Oscar Ryan,FWD,https://fantasy.afl.com.au/assets/media/players/afl/1027893_450.png,2026-02-26 00:25:46.196086+00,22,,,0,1027893,adelaide-crows,Adelaide Crows,https://fantasy.afl.com.au/assets/media/players/afl/1027893_450.png,Oscar Ryan,Oscar Ryan,scaryan
33d5679d-5d70-4379-8a05-9113765fca57,4a0822e2-ed7a-4fc4-8e70-bd1d1b92d3f8,Dan Houston,DEF,https://fantasy.afl.com.au/assets/media/players/afl/994295_450.png,2026-02-26 00:25:45.873242+00,9,,,0,994295,collingwood-magpies,Collingwood Magpies,https://fantasy.afl.com.au/assets/media/players/afl/994295_450.png,Dan Houston,Dan Houston,anouston
3420d18e-6061-40df-88e3-d066d0d5065e,914ab50f-d78d-4a28-aaef-6e4db1410600,Nasiah Wanganeen-Milera,DEF,https://fantasy.afl.com.au/assets/media/players/afl/1015507_450.png,2026-02-26 00:25:45.873242+00,7,,,0,1015507,st-kilda-saints,St Kilda Saints,https://fantasy.afl.com.au/assets/media/players/afl/1015507_450.png,Nasiah Wanganeen-Milera,Nasiah Wanganeen-Milera,asiahanganeenilera
34279ae1-d66f-4b21-9f46-633b9f21c12f,4a0822e2-ed7a-4fc4-8e70-bd1d1b92d3f8,Joel Cochran,FWD,https://fantasy.afl.com.au/assets/media/players/afl/1029000_450.png,2026-02-26 00:25:46.196086+00,27,,,0,1029000,collingwood-magpies,Collingwood Magpies,https://fantasy.afl.com.au/assets/media/players/afl/1029000_450.png,Joel Cochran,Joel Cochran,oelochran
348b95ea-1834-4183-857c-19173065928f,914ab50f-d78d-4a28-aaef-6e4db1410600,Tom De Koning,FWD,https://fantasy.afl.com.au/assets/media/players/afl/1004912_450.png,2026-02-26 00:25:45.873242+00,21,,,0,1004912,st-kilda-saints,St Kilda Saints,https://fantasy.afl.com.au/assets/media/players/afl/1004912_450.png,Tom De Koning,Tom De Koning,omeoning
349c0313-15e9-4bea-83b0-f36c3811cf7a,,Jasper Scaife,,https://fantasy.afl.com.au/assets/media/players/afl/1018122_450.png,2026-02-26 00:25:46.196086+00,,,,0,1018122,,,https://fantasy.afl.com.au/assets/media/players/afl/1018122_450.png,Jasper Scaife,Jasper Scaife,aspercaife
34ebd061-8e75-4f4f-bea2-c72484cfd248,d991371b-e2f7-4c95-ad7c-52ea89b07d7b,Mitch Lewis,DEF,https://fantasy.afl.com.au/assets/media/players/afl/1000887_450.png,2026-02-26 00:25:45.873242+00,2,,,0,1000887,hawthorn-hawks,Hawthorn Hawks,https://fantasy.afl.com.au/assets/media/players/afl/1000887_450.png,Mitch Lewis,Mitch Lewis,itchewis
34fda884-0e5e-487f-8928-607cd651d685,,Alex Cincotta,,https://fantasy.afl.com.au/assets/media/players/afl/1016268_450.png,2026-02-26 00:25:46.196086+00,,,,0,1016268,,,https://fantasy.afl.com.au/assets/media/players/afl/1016268_450.png,Alex Cincotta,Alex Cincotta,lexincotta
3555c1a9-509a-4cfd-8135-4ff26256a320,0d8207f2-c6ac-43c7-b3b1-154eb1648fe5,Tom Green,MID,https://fantasy.afl.com.au/assets/media/players/afl/1009528_450.png,2026-02-26 00:25:45.873242+00,12,,,0,1009528,gws-giants,GWS Giants,https://fantasy.afl.com.au/assets/media/players/afl/1009528_450.png,Tom Green,Tom Green,omreen
35b7a9de-7142-4d4a-be2b-a8b5e82058b4,,Todd Goldstein,,https://fantasy.afl.com.au/assets/media/players/afl/271129_450.png,2026-02-26 00:25:45.873242+00,,,,0,271129,,,https://fantasy.afl.com.au/assets/media/players/afl/271129_450.png,Todd Goldstein,Todd Goldstein,oddoldstein
36c82d1f-59ba-43cc-aca1-3d68ef708df1,8953891c-6af3-4f31-8386-7340f0c27f9c,Bodhi Uwland,DEF,https://fantasy.afl.com.au/assets/media/players/afl/1017665_450.png,2026-02-26 00:25:45.873242+00,6,,,0,1017665,gold-coast-suns,Gold Coast Suns,https://fantasy.afl.com.au/assets/media/players/afl/1017665_450.png,Bodhi Uwland,Bodhi Uwland,odhiwland
371d0d1b-751c-4195-a65f-98391148a97c,501a05f7-174e-4a86-8cea-db048be8b646,Bruce Reville,MID,https://fantasy.afl.com.au/assets/media/players/afl/1009317_450.png,2026-02-26 00:25:45.873242+00,38,,,0,1009317,brisbane-lions,Brisbane Lions,https://fantasy.afl.com.au/assets/media/players/afl/1009317_450.png,Bruce Reville,Bruce Reville,ruceeville
374b49db-d35d-42b3-960b-683969b16be4,5a697f25-65ef-4a40-9446-c813bbd624dc,William Edwards,FWD,https://fantasy.afl.com.au/assets/media/players/afl/1017757_450.png,2026-02-26 00:25:46.196086+00,28,,,0,1017757,sydney-swans,Sydney Swans,https://fantasy.afl.com.au/assets/media/players/afl/1017757_450.png,William Edwards,William Edwards,illiamdwards
37586496-0c50-4239-81a4-16a05476f34d,,Will Phillips,,https://fantasy.afl.com.au/assets/media/players/afl/1012829_450.png,2026-02-26 00:25:45.873242+00,,,,0,1012829,,,https://fantasy.afl.com.au/assets/media/players/afl/1012829_450.png,Will Phillips,Will Phillips,illhillips
3769ad6f-1f23-4009-8ab7-8c83861697c2,4a0822e2-ed7a-4fc4-8e70-bd1d1b92d3f8,Roan Steele,MID,https://fantasy.afl.com.au/assets/media/players/afl/1027501_450.png,2026-02-26 00:25:46.196086+00,45,,,0,1027501,collingwood-magpies,Collingwood Magpies,https://fantasy.afl.com.au/assets/media/players/afl/1027501_450.png,Roan Steele,Roan Steele,oanteele
37c11db5-2cbd-4e42-b63d-3b0eb655673c,4a0822e2-ed7a-4fc4-8e70-bd1d1b92d3f8,Jack Crisp,FWD,https://fantasy.afl.com.au/assets/media/players/afl/293871_450.png,2026-02-26 00:25:45.873242+00,25,,,0,293871,collingwood-magpies,Collingwood Magpies,https://fantasy.afl.com.au/assets/media/players/afl/293871_450.png,Jack Crisp,Jack Crisp,ackrisp
37edd1ef-6a34-4d15-8dc2-c1cd70455a95,0d8207f2-c6ac-43c7-b3b1-154eb1648fe5,Lachie Ash,DEF,https://fantasy.afl.com.au/assets/media/players/afl/1009253_450.png,2026-02-26 00:25:45.873242+00,7,,,0,1009253,gws-giants,GWS Giants,https://fantasy.afl.com.au/assets/media/players/afl/1009253_450.png,Lachie Ash,Lachie Ash,achiesh
37f96d51-b96d-4249-a4ce-da967df4afeb,85de4282-cc6a-4db6-b4f6-8520b69c38de,Taylor Goad,FWD,https://fantasy.afl.com.au/assets/media/players/afl/1031506_450.png,2026-02-26 00:25:45.873242+00,22,,,0,1031506,north-melbourne-kangaroos,North Melbourne Kangaroos,https://fantasy.afl.com.au/assets/media/players/afl/1031506_450.png,Taylor Goad,Taylor Goad,ayloroad
3805201e-b5dd-4bce-a704-7ed5fae1732c,,Zaine Cordy,,https://fantasy.afl.com.au/assets/media/players/afl/991939_450.png,2026-02-26 00:25:46.196086+00,,,,0,991939,,,https://fantasy.afl.com.au/assets/media/players/afl/991939_450.png,Zaine Cordy,Zaine Cordy,aineordy
3857ca34-2b5c-4605-9ba9-b9a9b672df4a,4a0822e2-ed7a-4fc4-8e70-bd1d1b92d3f8,Darcy Cameron,MID,https://fantasy.afl.com.au/assets/media/players/afl/990291_450.png,2026-02-26 00:25:45.873242+00,14,,,0,990291,collingwood-magpies,Collingwood Magpies,https://fantasy.afl.com.au/assets/media/players/afl/990291_450.png,Darcy Cameron,Darcy Cameron,arcyameron
3860ddeb-bc07-43ee-ada9-f2838afa816b,82880eac-b132-4b23-93d7-0ec25ff0a023,Jack Viney,DEF,https://fantasy.afl.com.au/assets/media/players/afl/291902_450.png,2026-02-26 00:25:45.873242+00,7,,,0,291902,melbourne-demons,Melbourne Demons,https://fantasy.afl.com.au/assets/media/players/afl/291902_450.png,Jack Viney,Jack Viney,ackiney
3866e847-5849-4da4-81c3-8f59e660ed50,6689e156-49a9-4066-a22e-259375fa9b04,Tyson Stengle,MID,https://fantasy.afl.com.au/assets/media/players/afl/997230_450.png,2026-02-26 00:25:45.873242+00,18,,,0,997230,geelong-cats,Geelong Cats,https://fantasy.afl.com.au/assets/media/players/afl/997230_450.png,Tyson Stengle,Tyson Stengle,ysontengle
38a12c70-f533-4277-9d8c-364a7f8fcc7b,6d7d39fb-1136-4cc8-a68c-bb6a284f2245,Zac Taylor,MID,https://fantasy.afl.com.au/assets/media/players/afl/1017065_450.png,2026-02-26 00:25:45.873242+00,19,,,0,1017065,adelaide-crows,Adelaide Crows,https://fantasy.afl.com.au/assets/media/players/afl/1017065_450.png,Zac Taylor,Zac Taylor,acaylor
3a1666d4-fa1a-4574-b465-af183bfb16e0,0ceb3e8b-4504-4ddd-b7c6-e2bf4215eada,Luke Kennedy,MID,https://fantasy.afl.com.au/assets/media/players/afl/1032112_450.png,2026-02-26 00:25:45.873242+00,35,,,0,1032112,western-bulldogs,Western Bulldogs,https://fantasy.afl.com.au/assets/media/players/afl/1032112_450.png,Luke Kennedy,Luke Kennedy,ukeennedy
3a36fbe7-60e5-4622-a6d5-8f7e1bd32962,70c32ca0-2bec-4db6-9b70-b8c8327f51c1,Kane Farrell,DEF,https://fantasy.afl.com.au/assets/media/players/afl/1002253_450.png,2026-02-26 00:25:45.873242+00,6,,,0,1002253,port-adelaide-power,Port Adelaide Power,https://fantasy.afl.com.au/assets/media/players/afl/1002253_450.png,Kane Farrell,Kane Farrell,anearrell
3b2b2962-a163-4add-8b09-0121395fc893,70c32ca0-2bec-4db6-9b70-b8c8327f51c1,Joe Berry,DEF,https://fantasy.afl.com.au/assets/media/players/afl/1028529_450.png,2026-02-26 00:25:46.196086+00,5,,,0,1028529,port-adelaide-power,Port Adelaide Power,https://fantasy.afl.com.au/assets/media/players/afl/1028529_450.png,Joe Berry,Joe Berry,oeerry
3b6f5097-fa74-4b31-947d-cdce400e7ea4,6e06405b-7cff-4d56-b852-48cc980c21bb,Taj Hotton,MID,https://fantasy.afl.com.au/assets/media/players/afl/1032106_450.png,2026-02-26 00:25:46.196086+00,10,,,0,1032106,richmond-tigers,Richmond Tigers,https://fantasy.afl.com.au/assets/media/players/afl/1032106_450.png,Taj Hotton,Taj Hotton,ajotton
3b709e5e-07ee-40ce-9b03-93e0750c0284,4a0822e2-ed7a-4fc4-8e70-bd1d1b92d3f8,Daniel McStay,MID,https://fantasy.afl.com.au/assets/media/players/afl/297504_450.png,2026-02-26 00:25:45.873242+00,11,,,0,297504,collingwood-magpies,Collingwood Magpies,https://fantasy.afl.com.au/assets/media/players/afl/297504_450.png,Daniel McStay,Daniel McStay,anielctay
3b73ad88-112c-449c-98f2-198c828d4c80,f70ca36c-612b-439f-850f-4a31fd2df499,Sam Walsh,MID,https://fantasy.afl.com.au/assets/media/players/afl/1006094_450.png,2026-02-26 00:25:45.873242+00,18,,,0,1006094,carlton-blues,Carlton Blues,https://fantasy.afl.com.au/assets/media/players/afl/1006094_450.png,Sam Walsh,Sam Walsh,amalsh
3bb4360f-e02f-4e78-8134-08320d96da04,f70ca36c-612b-439f-850f-4a31fd2df499,Matthew Cottrell,MID,https://fantasy.afl.com.au/assets/media/players/afl/1008154_450.png,2026-02-26 00:25:45.873242+00,46,,,0,1008154,carlton-blues,Carlton Blues,https://fantasy.afl.com.au/assets/media/players/afl/1008154_450.png,Matthew Cottrell,Matthew Cottrell,atthewottrell
3ca2e5f6-7620-4dd2-bbcc-c4c0a5e403dd,82880eac-b132-4b23-93d7-0ec25ff0a023,Jack Henderson,MID,https://fantasy.afl.com.au/assets/media/players/afl/1008183_450.png,2026-02-26 00:25:46.196086+00,43,,,0,1008183,melbourne-demons,Melbourne Demons,https://fantasy.afl.com.au/assets/media/players/afl/1008183_450.png,Jack Henderson,Jack Henderson,ackenderson
3d1eeb71-dcbf-49e3-ab09-bf5b6ba668de,85de4282-cc6a-4db6-b4f6-8520b69c38de,Wil Dawson,MID,https://fantasy.afl.com.au/assets/media/players/afl/1028551_450.png,2026-02-26 00:25:46.196086+00,18,,,0,1028551,north-melbourne-kangaroos,North Melbourne Kangaroos,https://fantasy.afl.com.au/assets/media/players/afl/1028551_450.png,Wil Dawson,Wil Dawson,ilawson
3d93b140-4519-4f54-ae31-cbd0949d9d42,914ab50f-d78d-4a28-aaef-6e4db1410600,Ryan Byrnes,MID,https://fantasy.afl.com.au/assets/media/players/afl/1011994_450.png,2026-02-26 00:25:45.873242+00,13,,,0,1011994,st-kilda-saints,St Kilda Saints,https://fantasy.afl.com.au/assets/media/players/afl/1011994_450.png,Ryan Byrnes,Ryan Byrnes,yanyrnes
3db5353f-53f3-4c4c-95d4-5dc808c19a6d,7fddbede-9cbf-4436-9845-1db1739b2476,Bo Allan,FWD,https://fantasy.afl.com.au/assets/media/players/afl/1028449_450.png,2026-02-26 00:25:46.196086+00,26,,,0,1028449,west-coast-eagles,West Coast Eagles,https://fantasy.afl.com.au/assets/media/players/afl/1028449_450.png,Bo Allan,Bo Allan,ollan
3e61310f-8a29-413c-8ffa-e6e92c1d8fc8,,Mitch Duncan,,https://fantasy.afl.com.au/assets/media/players/afl/281065_450.png,2026-02-26 00:25:45.873242+00,,,,0,281065,,,https://fantasy.afl.com.au/assets/media/players/afl/281065_450.png,Mitch Duncan,Mitch Duncan,itchuncan
3e79b1f8-164e-451f-85c9-62ed65aeea1e,,Darcy Tucker,,https://fantasy.afl.com.au/assets/media/players/afl/993816_450.png,2026-02-26 00:25:45.873242+00,,,,0,993816,,,https://fantasy.afl.com.au/assets/media/players/afl/993816_450.png,Darcy Tucker,Darcy Tucker,arcyucker
3ea35ed4-eb5a-4e3d-bf02-504e55e406b8,6689e156-49a9-4066-a22e-259375fa9b04,Tanner Bruhn,DEF,https://fantasy.afl.com.au/assets/media/players/afl/1012805_450.png,2026-02-26 00:25:45.873242+00,4,,,0,1012805,geelong-cats,Geelong Cats,https://fantasy.afl.com.au/assets/media/players/afl/1012805_450.png,Tanner Bruhn,Tanner Bruhn,annerruhn
3ea5e22e-40a0-4692-b80b-a54be9bd4d86,5a697f25-65ef-4a40-9446-c813bbd624dc,Caiden Cleary,MID,https://fantasy.afl.com.au/assets/media/players/afl/1024057_450.png,2026-02-26 00:25:46.196086+00,33,,,0,1024057,sydney-swans,Sydney Swans,https://fantasy.afl.com.au/assets/media/players/afl/1024057_450.png,Caiden Cleary,Caiden Cleary,aidenleary
3ebbea8f-3ee3-4bcc-8973-30e1fcc651e4,501a05f7-174e-4a86-8cea-db048be8b646,Lincoln McCarthy,MID,https://fantasy.afl.com.au/assets/media/players/afl/293581_450.png,2026-02-26 00:25:45.873242+00,11,,,0,293581,brisbane-lions,Brisbane Lions,https://fantasy.afl.com.au/assets/media/players/afl/293581_450.png,Lincoln McCarthy,Lincoln McCarthy,incolncarthy
3f0aed5e-ec84-4488-bd27-eb857f8011d2,d991371b-e2f7-4c95-ad7c-52ea89b07d7b,Lloyd Meek,MID,https://fantasy.afl.com.au/assets/media/players/afl/1000980_450.png,2026-02-26 00:25:45.873242+00,17,,,0,1000980,hawthorn-hawks,Hawthorn Hawks,https://fantasy.afl.com.au/assets/media/players/afl/1000980_450.png,Lloyd Meek,Lloyd Meek,loydeek
41124b10-57ef-4389-b983-0f963c4ce6dd,6689e156-49a9-4066-a22e-259375fa9b04,Sam De Koning,MID,https://fantasy.afl.com.au/assets/media/players/afl/1009229_450.png,2026-02-26 00:25:46.196086+00,16,,,0,1009229,geelong-cats,Geelong Cats,https://fantasy.afl.com.au/assets/media/players/afl/1009229_450.png,Sam De Koning,Sam De Koning,ameoning
41758deb-4fbf-498f-bd15-3770b67e1d82,f70ca36c-612b-439f-850f-4a31fd2df499,Jagga Smith,DEF,https://fantasy.afl.com.au/assets/media/players/afl/1028515_450.png,2026-02-26 00:25:45.873242+00,7,,,0,1028515,carlton-blues,Carlton Blues,https://fantasy.afl.com.au/assets/media/players/afl/1028515_450.png,Jagga Smith,Jagga Smith,aggamith
41b2f3e2-8a1c-4ee8-a21a-e719c28be6e6,f70ca36c-612b-439f-850f-4a31fd2df499,Oliver Hollands,DEF,https://fantasy.afl.com.au/assets/media/players/afl/1023495_450.png,2026-02-26 00:25:45.873242+00,4,,,0,1023495,carlton-blues,Carlton Blues,https://fantasy.afl.com.au/assets/media/players/afl/1023495_450.png,Oliver Hollands,Oliver Hollands,liverollands
41dd9269-fce3-46ae-8eef-0adcb31d2716,7fddbede-9cbf-4436-9845-1db1739b2476,Jake Waterman,DEF,https://fantasy.afl.com.au/assets/media/players/afl/996554_450.png,2026-02-26 00:25:45.873242+00,2,,,0,996554,west-coast-eagles,West Coast Eagles,https://fantasy.afl.com.au/assets/media/players/afl/996554_450.png,Jake Waterman,Jake Waterman,akeaterman
431f2603-d4b8-48b6-be61-e1f4a9a4aab7,0ceb3e8b-4504-4ddd-b7c6-e2bf4215eada,Ryley Sanders,MID,https://fantasy.afl.com.au/assets/media/players/afl/1017939_450.png,2026-02-26 00:25:45.873242+00,9,,,0,1017939,western-bulldogs,Western Bulldogs,https://fantasy.afl.com.au/assets/media/players/afl/1017939_450.png,Ryley Sanders,Ryley Sanders,yleyanders
431fba35-756e-4a54-a535-f243677554ec,70c32ca0-2bec-4db6-9b70-b8c8327f51c1,Mani Liddy,MID,https://fantasy.afl.com.au/assets/media/players/afl/1008649_450.png,2026-02-26 00:25:46.196086+00,50,,,0,1008649,port-adelaide-power,Port Adelaide Power,https://fantasy.afl.com.au/assets/media/players/afl/1008649_450.png,Mani Liddy,Mani Liddy,aniiddy
43575e92-5e95-4fe5-abec-fe446f9d6711,d991371b-e2f7-4c95-ad7c-52ea89b07d7b,Josh Battle,FWD,https://fantasy.afl.com.au/assets/media/players/afl/998134_450.png,2026-02-26 00:25:45.873242+00,24,,,0,998134,hawthorn-hawks,Hawthorn Hawks,https://fantasy.afl.com.au/assets/media/players/afl/998134_450.png,Josh Battle,Josh Battle,oshattle
43afdcfc-84b5-46ef-bc84-fc393cd317f5,8953891c-6af3-4f31-8386-7340f0c27f9c,Nick Holman,DEF,https://fantasy.afl.com.au/assets/media/players/afl/297456_450.png,2026-02-26 00:25:45.873242+00,7,,,0,297456,gold-coast-suns,Gold Coast Suns,https://fantasy.afl.com.au/assets/media/players/afl/297456_450.png,Nick Holman,Nick Holman,ickolman
444a981e-9595-4d96-8d04-018dc01bdcef,,Travis Boak,,https://fantasy.afl.com.au/assets/media/players/afl/250365_450.png,2026-02-26 00:25:45.873242+00,,,,0,250365,,,https://fantasy.afl.com.au/assets/media/players/afl/250365_450.png,Travis Boak,Travis Boak,ravisoak
44728d9b-f7a4-44fb-a79e-f30302e3d6a8,0ceb3e8b-4504-4ddd-b7c6-e2bf4215eada,Sam Darcy,MID,https://fantasy.afl.com.au/assets/media/players/afl/1017126_450.png,2026-02-26 00:25:45.873242+00,10,,,0,1017126,western-bulldogs,Western Bulldogs,https://fantasy.afl.com.au/assets/media/players/afl/1017126_450.png,Sam Darcy,Sam Darcy,amarcy
44ae14b0-9188-4941-8105-083a42cd8bd9,7fddbede-9cbf-4436-9845-1db1739b2476,Dylan Williams,MID,https://fantasy.afl.com.au/assets/media/players/afl/1009195_450.png,2026-02-26 00:25:45.873242+00,36,,,0,1009195,west-coast-eagles,West Coast Eagles,https://fantasy.afl.com.au/assets/media/players/afl/1009195_450.png,Dylan Williams,Dylan Williams,ylanilliams
450d3c66-5e6b-4fd2-9e9d-694ee06aa867,0ceb3e8b-4504-4ddd-b7c6-e2bf4215eada,Sam Davidson,MID,https://fantasy.afl.com.au/assets/media/players/afl/1036123_450.png,2026-02-26 00:25:46.196086+00,42,,,0,1036123,western-bulldogs,Western Bulldogs,https://fantasy.afl.com.au/assets/media/players/afl/1036123_450.png,Sam Davidson,Sam Davidson,amavidson
455d0e91-04ce-4bca-86da-6b26f8e88cb7,0a73bf79-7321-4fd5-8b67-90fffabdcf01,Sam Switkowski,MID,https://fantasy.afl.com.au/assets/media/players/afl/992059_450.png,2026-02-26 00:25:45.873242+00,39,,,0,992059,fremantle-dockers,Fremantle Dockers,https://fantasy.afl.com.au/assets/media/players/afl/992059_450.png,Sam Switkowski,Sam Switkowski,amwitkowski
45794e7c-69fd-4162-ba06-be9804b7ff11,82880eac-b132-4b23-93d7-0ec25ff0a023,Max Heath,FWD,https://fantasy.afl.com.au/assets/media/players/afl/1015886_450.png,2026-02-26 00:25:45.873242+00,27,,,0,1015886,melbourne-demons,Melbourne Demons,https://fantasy.afl.com.au/assets/media/players/afl/1015886_450.png,Max Heath,Max Heath,axeath
45c00840-b784-454a-878a-2728bbb67b60,7fddbede-9cbf-4436-9845-1db1739b2476,Jack Williams,MID,https://fantasy.afl.com.au/assets/media/players/afl/1020371_450.png,2026-02-26 00:25:46.196086+00,34,,,0,1020371,west-coast-eagles,West Coast Eagles,https://fantasy.afl.com.au/assets/media/players/afl/1020371_450.png,Jack Williams,Jack Williams,ackilliams
45d47e60-8569-441d-89d6-da7815b4d72d,38694aa4-7f1c-4a5f-b306-d094532ae24a,Lewis Hayes,MID,https://fantasy.afl.com.au/assets/media/players/afl/1023487_450.png,2026-02-26 00:25:46.196086+00,18,,,0,1023487,essendon-bombers,Essendon Bombers,https://fantasy.afl.com.au/assets/media/players/afl/1023487_450.png,Lewis Hayes,Lewis Hayes,ewisayes
46303c54-e38f-4ef3-892a-23d65c99e9fa,70c32ca0-2bec-4db6-9b70-b8c8327f51c1,Jordon Sweet,FWD,https://fantasy.afl.com.au/assets/media/players/afl/992330_450.png,2026-02-26 00:25:45.873242+00,24,,,0,992330,port-adelaide-power,Port Adelaide Power,https://fantasy.afl.com.au/assets/media/players/afl/992330_450.png,Jordon Sweet,Jordon Sweet,ordonweet
479152e6-ba9c-475f-8eaf-b62400fa3278,,Will Hoskin-Elliott,,https://fantasy.afl.com.au/assets/media/players/afl/291720_450.png,2026-02-26 00:25:45.873242+00,,,,0,291720,,,https://fantasy.afl.com.au/assets/media/players/afl/291720_450.png,Will Hoskin-Elliott,Will Hoskin-Elliott,illoskinlliott
48a6a628-ce79-4381-bddf-3df6d828de6d,5a697f25-65ef-4a40-9446-c813bbd624dc,Patrick Snell,MID,https://fantasy.afl.com.au/assets/media/players/afl/1024685_450.png,2026-02-26 00:25:46.196086+00,41,,,0,1024685,sydney-swans,Sydney Swans,https://fantasy.afl.com.au/assets/media/players/afl/1024685_450.png,Patrick Snell,Patrick Snell,atricknell
496b901b-86fb-4ab0-b761-2f9c0627fb33,8953891c-6af3-4f31-8386-7340f0c27f9c,Jy Farrar,MID,https://fantasy.afl.com.au/assets/media/players/afl/999715_450.png,2026-02-26 00:25:46.196086+00,50,,,0,999715,gold-coast-suns,Gold Coast Suns,https://fantasy.afl.com.au/assets/media/players/afl/999715_450.png,Jy Farrar,Jy Farrar,yarrar
499bb336-f535-403c-bfc2-bd18704df951,82880eac-b132-4b23-93d7-0ec25ff0a023,Christian Salem,DEF,https://fantasy.afl.com.au/assets/media/players/afl/296359_450.png,2026-02-26 00:25:45.873242+00,3,,,0,296359,melbourne-demons,Melbourne Demons,https://fantasy.afl.com.au/assets/media/players/afl/296359_450.png,Christian Salem,Christian Salem,hristianalem
49a5673c-e686-42aa-9b5e-d13a69bae333,501a05f7-174e-4a86-8cea-db048be8b646,Shadeau Brain,MID,https://fantasy.afl.com.au/assets/media/players/afl/1028105_450.png,2026-02-26 00:25:46.196086+00,34,,,0,1028105,brisbane-lions,Brisbane Lions,https://fantasy.afl.com.au/assets/media/players/afl/1028105_450.png,Shadeau Brain,Shadeau Brain,hadeaurain
49cba1d2-630f-44ef-8449-00c154b89d0b,0d8207f2-c6ac-43c7-b3b1-154eb1648fe5,Ryan Angwin,DEF,https://fantasy.afl.com.au/assets/media/players/afl/1015777_450.png,2026-02-26 00:25:45.873242+00,9,,,0,1015777,gws-giants,GWS Giants,https://fantasy.afl.com.au/assets/media/players/afl/1015777_450.png,Ryan Angwin,Ryan Angwin,yanngwin
4a36b8ff-a738-49b8-8778-31258a06c6f9,38694aa4-7f1c-4a5f-b306-d094532ae24a,Will Setterfield,MID,https://fantasy.afl.com.au/assets/media/players/afl/998215_450.png,2026-02-26 00:25:45.873242+00,12,,,0,998215,essendon-bombers,Essendon Bombers,https://fantasy.afl.com.au/assets/media/players/afl/998215_450.png,Will Setterfield,Will Setterfield,illetterfield
4b79d3f6-d448-46fd-bf00-034e48e010ff,5a697f25-65ef-4a40-9446-c813bbd624dc,Riak Andrew,FWD,https://fantasy.afl.com.au/assets/media/players/afl/1027659_450.png,2026-02-26 00:25:46.196086+00,20,,,0,1027659,sydney-swans,Sydney Swans,https://fantasy.afl.com.au/assets/media/players/afl/1027659_450.png,Riak Andrew,Riak Andrew,iakndrew
4b7f0818-13d2-456f-8bc1-b8e4de70be1e,85de4282-cc6a-4db6-b4f6-8520b69c38de,Dylan Stephens,MID,https://fantasy.afl.com.au/assets/media/players/afl/1004848_450.png,2026-02-26 00:25:45.873242+00,15,,,0,1004848,north-melbourne-kangaroos,North Melbourne Kangaroos,https://fantasy.afl.com.au/assets/media/players/afl/1004848_450.png,Dylan Stephens,Dylan Stephens,ylantephens
4b942869-c7b6-41af-8fa5-ac1dd5d361b5,0a73bf79-7321-4fd5-8b67-90fffabdcf01,Jaeger O'Meara,DEF,https://fantasy.afl.com.au/assets/media/players/afl/294613_450.png,2026-02-26 00:25:45.873242+00,2,,,0,294613,fremantle-dockers,Fremantle Dockers,https://fantasy.afl.com.au/assets/media/players/afl/294613_450.png,Jaeger O'Meara,Jaeger O'Meara,aegereara
4bfcc5a4-f596-4492-b112-bdc8990bd212,85de4282-cc6a-4db6-b4f6-8520b69c38de,Colby McKercher,MID,https://fantasy.afl.com.au/assets/media/players/afl/1024272_450.png,2026-02-26 00:25:45.873242+00,10,,,0,1024272,north-melbourne-kangaroos,North Melbourne Kangaroos,https://fantasy.afl.com.au/assets/media/players/afl/1024272_450.png,Colby McKercher,Colby McKercher,olbycercher
4c28b247-befe-4a1a-bc64-0e083fb31487,d991371b-e2f7-4c95-ad7c-52ea89b07d7b,Jaime Uhr-Henry,MID,https://fantasy.afl.com.au/assets/media/players/afl/1039499_450.png,2026-02-26 00:25:45.873242+00,43,,,0,1039499,hawthorn-hawks,Hawthorn Hawks,https://fantasy.afl.com.au/assets/media/players/afl/1039499_450.png,Jaime Uhr-Henry,Jaime Uhr-Henry,aimehrenry
4c9cce2a-1855-429b-a48b-9d4d541d9907,38694aa4-7f1c-4a5f-b306-d094532ae24a,Lachlan Blakiston,MID,https://fantasy.afl.com.au/assets/media/players/afl/1028196_450.png,2026-02-26 00:25:46.196086+00,46,,,0,1028196,essendon-bombers,Essendon Bombers,https://fantasy.afl.com.au/assets/media/players/afl/1028196_450.png,Lachlan Blakiston,Lachlan Blakiston,achlanlakiston
4caa7b95-b00a-4e48-a4b6-4641404b3053,70c32ca0-2bec-4db6-9b70-b8c8327f51c1,Ivan Soldo,MID,https://fantasy.afl.com.au/assets/media/players/afl/998529_450.png,2026-02-26 00:25:45.873242+00,13,,,0,998529,port-adelaide-power,Port Adelaide Power,https://fantasy.afl.com.au/assets/media/players/afl/998529_450.png,Ivan Soldo,Ivan Soldo,vanoldo
4cd1d48e-0cdd-48a5-ace5-77a971de3296,38694aa4-7f1c-4a5f-b306-d094532ae24a,Saad El-Hawli,MID,https://fantasy.afl.com.au/assets/media/players/afl/1015919_450.png,2026-02-26 00:25:45.873242+00,41,,,0,1015919,essendon-bombers,Essendon Bombers,https://fantasy.afl.com.au/assets/media/players/afl/1015919_450.png,Saad El-Hawli,Saad El-Hawli,aadlawli
4dc1c84f-3828-4d7b-b7bd-1032707bee0e,0a73bf79-7321-4fd5-8b67-90fffabdcf01,Karl Worner,FWD,https://fantasy.afl.com.au/assets/media/players/afl/1021015_450.png,2026-02-26 00:25:46.196086+00,23,,,0,1021015,fremantle-dockers,Fremantle Dockers,https://fantasy.afl.com.au/assets/media/players/afl/1021015_450.png,Karl Worner,Karl Worner,arlorner
4ea8b193-d2cf-4156-89e7-577d62b34c7b,85de4282-cc6a-4db6-b4f6-8520b69c38de,Cooper Harvey,MID,https://fantasy.afl.com.au/assets/media/players/afl/1020979_450.png,2026-02-26 00:25:46.196086+00,37,,,0,1020979,north-melbourne-kangaroos,North Melbourne Kangaroos,https://fantasy.afl.com.au/assets/media/players/afl/1020979_450.png,Cooper Harvey,Cooper Harvey,ooperarvey
4eb7a447-c4c3-48cc-8998-b38215bb2e04,0ceb3e8b-4504-4ddd-b7c6-e2bf4215eada,Aaron Naughton,MID,https://fantasy.afl.com.au/assets/media/players/afl/1002404_450.png,2026-02-26 00:25:45.873242+00,33,,,0,1002404,western-bulldogs,Western Bulldogs,https://fantasy.afl.com.au/assets/media/players/afl/1002404_450.png,Aaron Naughton,Aaron Naughton,aronaughton
4f3ee75e-b389-4335-b1d1-f908964b96d6,7fddbede-9cbf-4436-9845-1db1739b2476,Tyrell Dewar,MID,https://fantasy.afl.com.au/assets/media/players/afl/1023142_450.png,2026-02-26 00:25:46.196086+00,43,,,0,1023142,west-coast-eagles,West Coast Eagles,https://fantasy.afl.com.au/assets/media/players/afl/1023142_450.png,Tyrell Dewar,Tyrell Dewar,yrellewar
4f5bfce9-437d-49ce-a6df-fab0164184f8,6e06405b-7cff-4d56-b852-48cc980c21bb,Tom Lynch,MID,https://fantasy.afl.com.au/assets/media/players/afl/293813_450.png,2026-02-26 00:25:45.873242+00,19,,,0,293813,richmond-tigers,Richmond Tigers,https://fantasy.afl.com.au/assets/media/players/afl/293813_450.png,Tom Lynch,Tom Lynch,omynch
50a1b409-e75f-4c60-907a-65a0d42c6739,6689e156-49a9-4066-a22e-259375fa9b04,James Worpel,FWD,https://fantasy.afl.com.au/assets/media/players/afl/1002222_450.png,2026-02-26 00:25:45.873242+00,29,,,0,1002222,geelong-cats,Geelong Cats,https://fantasy.afl.com.au/assets/media/players/afl/1002222_450.png,James Worpel,James Worpel,amesorpel
50b3607b-3871-4ffc-9ce3-de9d3dea8190,501a05f7-174e-4a86-8cea-db048be8b646,Jack Payne,MID,https://fantasy.afl.com.au/assets/media/players/afl/1002347_450.png,2026-02-26 00:25:46.196086+00,40,,,0,1002347,brisbane-lions,Brisbane Lions,https://fantasy.afl.com.au/assets/media/players/afl/1002347_450.png,Jack Payne,Jack Payne,ackayne
50d406f3-9e2b-4080-9d0d-a3652faf2567,f70ca36c-612b-439f-850f-4a31fd2df499,Billy Wilson,MID,https://fantasy.afl.com.au/assets/media/players/afl/1027678_450.png,2026-02-26 00:25:46.196086+00,15,,,0,1027678,carlton-blues,Carlton Blues,https://fantasy.afl.com.au/assets/media/players/afl/1027678_450.png,Billy Wilson,Billy Wilson,illyilson
51458b40-14b6-4e8b-9719-dc2b378642ea,38694aa4-7f1c-4a5f-b306-d094532ae24a,Isaac Kako,MID,https://fantasy.afl.com.au/assets/media/players/afl/1028554_450.png,2026-02-26 00:25:45.873242+00,10,,,0,1028554,essendon-bombers,Essendon Bombers,https://fantasy.afl.com.au/assets/media/players/afl/1028554_450.png,Isaac Kako,Isaac Kako,saacako
51c090af-d38d-4dff-83a5-ebcd2b5ebda5,5a697f25-65ef-4a40-9446-c813bbd624dc,Taylor Adams,DEF,https://fantasy.afl.com.au/assets/media/players/afl/291776_450.png,2026-02-26 00:25:45.873242+00,3,,,0,291776,sydney-swans,Sydney Swans,https://fantasy.afl.com.au/assets/media/players/afl/291776_450.png,Taylor Adams,Taylor Adams,aylordams
5218c2ec-e916-4105-963a-e24aa3be0acc,6e06405b-7cff-4d56-b852-48cc980c21bb,Noah Balta,FWD,https://fantasy.afl.com.au/assets/media/players/afl/1002245_450.png,2026-02-26 00:25:45.873242+00,21,,,0,1002245,richmond-tigers,Richmond Tigers,https://fantasy.afl.com.au/assets/media/players/afl/1002245_450.png,Noah Balta,Noah Balta,oahalta
52a8eae5-5260-4d3d-9daf-90ab733c1794,501a05f7-174e-4a86-8cea-db048be8b646,Dayne Zorko,MID,https://fantasy.afl.com.au/assets/media/players/afl/261224_450.png,2026-02-26 00:25:45.873242+00,15,,,0,261224,brisbane-lions,Brisbane Lions,https://fantasy.afl.com.au/assets/media/players/afl/261224_450.png,Dayne Zorko,Dayne Zorko,ayneorko
52e8ec20-73b6-4b02-8d7b-800ca31a8f3a,d991371b-e2f7-4c95-ad7c-52ea89b07d7b,Noah Mraz,FWD,https://fantasy.afl.com.au/assets/media/players/afl/1028643_450.png,2026-02-26 00:25:46.196086+00,21,,,0,1028643,hawthorn-hawks,Hawthorn Hawks,https://fantasy.afl.com.au/assets/media/players/afl/1028643_450.png,Noah Mraz,Noah Mraz,oahraz
52f500f5-9d06-4364-a0a5-c0eadc5c61aa,70c32ca0-2bec-4db6-9b70-b8c8327f51c1,Jason Horne-Francis,MID,https://fantasy.afl.com.au/assets/media/players/afl/1011640_450.png,2026-02-26 00:25:45.873242+00,18,,,0,1011640,port-adelaide-power,Port Adelaide Power,https://fantasy.afl.com.au/assets/media/players/afl/1011640_450.png,Jason Horne-Francis,Jason Horne-Francis,asonornerancis
53160aad-4a04-42b3-a27d-7644763b06b0,4a0822e2-ed7a-4fc4-8e70-bd1d1b92d3f8,Oscar Steene,FWD,https://fantasy.afl.com.au/assets/media/players/afl/1022844_450.png,2026-02-26 00:25:45.873242+00,21,,,0,1022844,collingwood-magpies,Collingwood Magpies,https://fantasy.afl.com.au/assets/media/players/afl/1022844_450.png,Oscar Steene,Oscar Steene,scarteene
53a82dfe-1275-416c-9342-a5f96eab125c,85de4282-cc6a-4db6-b4f6-8520b69c38de,Jy Simpkin,MID,https://fantasy.afl.com.au/assets/media/players/afl/993998_450.png,2026-02-26 00:25:45.873242+00,12,,,0,993998,north-melbourne-kangaroos,North Melbourne Kangaroos,https://fantasy.afl.com.au/assets/media/players/afl/993998_450.png,Jy Simpkin,Jy Simpkin,yimpkin
53d16adb-d2b3-4f57-8cde-ebe93ced112d,8953891c-6af3-4f31-8386-7340f0c27f9c,Zak Evans,MID,https://fantasy.afl.com.au/assets/media/players/afl/1038801_450.png,2026-02-26 00:25:46.196086+00,36,,,0,1038801,gold-coast-suns,Gold Coast Suns,https://fantasy.afl.com.au/assets/media/players/afl/1038801_450.png,Zak Evans,Zak Evans,akvans
543f48b5-2e83-4d98-bfbb-60012baecc72,d991371b-e2f7-4c95-ad7c-52ea89b07d7b,Massimo D'Ambrosio,MID,https://fantasy.afl.com.au/assets/media/players/afl/1005144_450.png,2026-02-26 00:25:45.873242+00,16,,,0,1005144,hawthorn-hawks,Hawthorn Hawks,https://fantasy.afl.com.au/assets/media/players/afl/1005144_450.png,Massimo D'Ambrosio,Massimo D'Ambrosio,assimombrosio
547ea2d7-b297-4b30-a249-b9b954377ffe,0a73bf79-7321-4fd5-8b67-90fffabdcf01,Alex Pearce,FWD,https://fantasy.afl.com.au/assets/media/players/afl/298409_450.png,2026-02-26 00:25:46.196086+00,25,,,0,298409,fremantle-dockers,Fremantle Dockers,https://fantasy.afl.com.au/assets/media/players/afl/298409_450.png,Alex Pearce,Alex Pearce,lexearce
55e973ce-dc08-457e-a92a-e59d408ae41b,,Nat Fyfe,,https://fantasy.afl.com.au/assets/media/players/afl/291570_450.png,2026-02-26 00:25:45.873242+00,,,,0,291570,,,https://fantasy.afl.com.au/assets/media/players/afl/291570_450.png,Nat Fyfe,Nat Fyfe,atyfe
564305e0-8a4a-4e17-a302-a695e9cbb273,,Dylan Shiel,,https://fantasy.afl.com.au/assets/media/players/afl/291783_450.png,2026-02-26 00:25:45.873242+00,,,,0,291783,,,https://fantasy.afl.com.au/assets/media/players/afl/291783_450.png,Dylan Shiel,Dylan Shiel,ylanhiel
56812f47-991b-4533-809c-2d2e0de7ed64,f70ca36c-612b-439f-850f-4a31fd2df499,Campbell Chesser,RUCK,https://fantasy.afl.com.au/assets/media/players/afl/1017057_450.png,2026-02-26 00:25:46.196086+00,31,,,0,1017057,carlton-blues,Carlton Blues,https://fantasy.afl.com.au/assets/media/players/afl/1017057_450.png,Campbell Chesser,Campbell Chesser,ampbellhesser
56c84f2e-2e97-4f09-87ff-4c8910202679,0d8207f2-c6ac-43c7-b3b1-154eb1648fe5,Toby McMullin,RUCK,https://fantasy.afl.com.au/assets/media/players/afl/1027971_450.png,2026-02-26 00:25:46.196086+00,31,,,0,1027971,gws-giants,GWS Giants,https://fantasy.afl.com.au/assets/media/players/afl/1027971_450.png,Toby McMullin,Toby McMullin,obycullin
5772a988-698a-42cc-a311-09cb51141116,f70ca36c-612b-439f-850f-4a31fd2df499,Blake Acres,MID,https://fantasy.afl.com.au/assets/media/players/afl/296294_450.png,2026-02-26 00:25:45.873242+00,13,,,0,296294,carlton-blues,Carlton Blues,https://fantasy.afl.com.au/assets/media/players/afl/296294_450.png,Blake Acres,Blake Acres,lakecres
578496c4-a301-4432-94ba-1a1cffdecc6e,,Sam Docherty,,https://fantasy.afl.com.au/assets/media/players/afl/295518_450.png,2026-02-26 00:25:45.873242+00,,,,0,295518,,,https://fantasy.afl.com.au/assets/media/players/afl/295518_450.png,Sam Docherty,Sam Docherty,amocherty
57ba3496-8fdb-4d0d-9cc0-ffdbce8e8147,70c32ca0-2bec-4db6-9b70-b8c8327f51c1,Aliir Aliir,FWD,https://fantasy.afl.com.au/assets/media/players/afl/294469_450.png,2026-02-26 00:25:45.873242+00,21,,,0,294469,port-adelaide-power,Port Adelaide Power,https://fantasy.afl.com.au/assets/media/players/afl/294469_450.png,Aliir Aliir,Aliir Aliir,liirliir
5817e104-1955-4231-99f8-dd68588ccf34,85de4282-cc6a-4db6-b4f6-8520b69c38de,Nick Larkey,FWD,https://fantasy.afl.com.au/assets/media/players/afl/1001017_450.png,2026-02-26 00:25:45.873242+00,20,,,0,1001017,north-melbourne-kangaroos,North Melbourne Kangaroos,https://fantasy.afl.com.au/assets/media/players/afl/1001017_450.png,Nick Larkey,Nick Larkey,ickarkey
590a3670-ddc7-4bbd-a692-cbef213029d9,5a697f25-65ef-4a40-9446-c813bbd624dc,Callum Mills,MID,https://fantasy.afl.com.au/assets/media/players/afl/993905_450.png,2026-02-26 00:25:45.873242+00,14,,,0,993905,sydney-swans,Sydney Swans,https://fantasy.afl.com.au/assets/media/players/afl/993905_450.png,Callum Mills,Callum Mills,allumills
59346a02-959b-405b-b2b4-29dfec012b7b,0d8207f2-c6ac-43c7-b3b1-154eb1648fe5,Toby Greene,DEF,https://fantasy.afl.com.au/assets/media/players/afl/295344_450.png,2026-02-26 00:25:45.873242+00,4,,,0,295344,gws-giants,GWS Giants,https://fantasy.afl.com.au/assets/media/players/afl/295344_450.png,Toby Greene,Toby Greene,obyreene
596d0cd3-1d55-481a-bca3-8142e6fd636a,,Liam Jones,,https://fantasy.afl.com.au/assets/media/players/afl/281078_450.png,2026-02-26 00:25:46.196086+00,,,,0,281078,,,https://fantasy.afl.com.au/assets/media/players/afl/281078_450.png,Liam Jones,Liam Jones,iamones
59b2fca1-3142-4a74-b104-fe579ea3df0a,,Jack Billings,,https://fantasy.afl.com.au/assets/media/players/afl/296351_450.png,2026-02-26 00:25:45.873242+00,,,,0,296351,,,https://fantasy.afl.com.au/assets/media/players/afl/296351_450.png,Jack Billings,Jack Billings,ackillings
5a3c7be9-331d-4316-a0ca-7d6fdaeb589d,4a0822e2-ed7a-4fc4-8e70-bd1d1b92d3f8,Josh Daicos,DEF,https://fantasy.afl.com.au/assets/media/players/afl/1005054_450.png,2026-02-26 00:25:45.873242+00,7,,,0,1005054,collingwood-magpies,Collingwood Magpies,https://fantasy.afl.com.au/assets/media/players/afl/1005054_450.png,Josh Daicos,Josh Daicos,oshaicos
5a3da537-f71f-4bfd-9496-16d4c5a90302,0d8207f2-c6ac-43c7-b3b1-154eb1648fe5,Joe Fonti,MID,https://fantasy.afl.com.au/assets/media/players/afl/1032629_450.png,2026-02-26 00:25:46.196086+00,37,,,0,1032629,gws-giants,GWS Giants,https://fantasy.afl.com.au/assets/media/players/afl/1032629_450.png,Joe Fonti,Joe Fonti,oeonti
5b76f2c2-beda-47c9-bdbf-9d08de9ba1fe,0ceb3e8b-4504-4ddd-b7c6-e2bf4215eada,Ed Richards,FWD,https://fantasy.afl.com.au/assets/media/players/afl/1008280_450.png,2026-02-26 00:25:45.873242+00,20,,,0,1008280,western-bulldogs,Western Bulldogs,https://fantasy.afl.com.au/assets/media/players/afl/1008280_450.png,Ed Richards,Ed Richards,dichards
5b9e6182-778f-4ab7-9ae0-79ceb8830b17,5a697f25-65ef-4a40-9446-c813bbd624dc,Harry Cunningham,DEF,https://fantasy.afl.com.au/assets/media/players/afl/291978_450.png,2026-02-26 00:25:45.873242+00,7,,,0,291978,sydney-swans,Sydney Swans,https://fantasy.afl.com.au/assets/media/players/afl/291978_450.png,Harry Cunningham,Harry Cunningham,arryunningham
5be4a56d-e907-4145-82f8-293ae9b2a26e,5a697f25-65ef-4a40-9446-c813bbd624dc,Isaac Heeney,DEF,https://fantasy.afl.com.au/assets/media/players/afl/298539_450.png,2026-02-26 00:25:45.873242+00,5,,,0,298539,sydney-swans,Sydney Swans,https://fantasy.afl.com.au/assets/media/players/afl/298539_450.png,Isaac Heeney,Isaac Heeney,saaceeney
5be70cbb-aec2-400e-9537-c328e5b88c26,6d7d39fb-1136-4cc8-a68c-bb6a284f2245,Lachlan Sholl,MID,https://fantasy.afl.com.au/assets/media/players/afl/1006136_450.png,2026-02-26 00:25:45.873242+00,38,,,0,1006136,adelaide-crows,Adelaide Crows,https://fantasy.afl.com.au/assets/media/players/afl/1006136_450.png,Lachlan Sholl,Lachlan Sholl,achlanholl
5c10d582-9fd5-4a8d-89cd-759c4fba07fa,,Lachie Jaques,,https://fantasy.afl.com.au/assets/media/players/afl/1028493_450.png,2026-02-26 00:25:46.196086+00,,,,0,1028493,,,https://fantasy.afl.com.au/assets/media/players/afl/1028493_450.png,Lachie Jaques,Lachie Jaques,achieaques
5c2e789d-e285-43e6-8287-ebf8372128a7,7fddbede-9cbf-4436-9845-1db1739b2476,Matthew Owies,MID,https://fantasy.afl.com.au/assets/media/players/afl/1013973_450.png,2026-02-26 00:25:46.196086+00,16,,,0,1013973,west-coast-eagles,West Coast Eagles,https://fantasy.afl.com.au/assets/media/players/afl/1013973_450.png,Matthew Owies,Matthew Owies,atthewwies
5c59e93e-e303-4ffe-ad54-8969cdbd8045,,Michael Walters,,https://fantasy.afl.com.au/assets/media/players/afl/281007_450.png,2026-02-26 00:25:45.873242+00,,,,0,281007,,,https://fantasy.afl.com.au/assets/media/players/afl/281007_450.png,Michael Walters,Michael Walters,ichaelalters
5dc2e6b2-5d5a-4792-a5c4-2dce52c00c39,914ab50f-d78d-4a28-aaef-6e4db1410600,Alex Dodson,FWD,https://fantasy.afl.com.au/assets/media/players/afl/1027011_450.png,2026-02-26 00:25:45.873242+00,30,,,0,1027011,st-kilda-saints,St Kilda Saints,https://fantasy.afl.com.au/assets/media/players/afl/1027011_450.png,Alex Dodson,Alex Dodson,lexodson
5de52a47-2c42-4318-bc27-8c4408890c3f,6e06405b-7cff-4d56-b852-48cc980c21bb,Dion Prestia,DEF,https://fantasy.afl.com.au/assets/media/players/afl/290627_450.png,2026-02-26 00:25:45.873242+00,3,,,0,290627,richmond-tigers,Richmond Tigers,https://fantasy.afl.com.au/assets/media/players/afl/290627_450.png,Dion Prestia,Dion Prestia,ionrestia
5e823bdc-2625-43d4-8ef2-b10c6f1d3e54,6d7d39fb-1136-4cc8-a68c-bb6a284f2245,Taylor Walker,MID,https://fantasy.afl.com.au/assets/media/players/afl/280506_450.png,2026-02-26 00:25:45.873242+00,13,,,0,280506,adelaide-crows,Adelaide Crows,https://fantasy.afl.com.au/assets/media/players/afl/280506_450.png,Taylor Walker,Taylor Walker,ayloralker
5e90cb2e-33a0-4b16-b338-2e6714ad08b0,914ab50f-d78d-4a28-aaef-6e4db1410600,Jack Silvagni,DEF,https://fantasy.afl.com.au/assets/media/players/afl/1001028_450.png,2026-02-26 00:25:45.873242+00,3,,,0,1001028,st-kilda-saints,St Kilda Saints,https://fantasy.afl.com.au/assets/media/players/afl/1001028_450.png,Jack Silvagni,Jack Silvagni,ackilvagni
5e994994-5ecb-4c1b-a3e5-dc557be0276a,6d7d39fb-1136-4cc8-a68c-bb6a284f2245,Sam Berry,DEF,https://fantasy.afl.com.au/assets/media/players/afl/1012807_450.png,2026-02-26 00:25:45.873242+00,3,,,0,1012807,adelaide-crows,Adelaide Crows,https://fantasy.afl.com.au/assets/media/players/afl/1012807_450.png,Sam Berry,Sam Berry,amerry
5efad662-216e-4579-96c1-6fdd530ace3f,914ab50f-d78d-4a28-aaef-6e4db1410600,Tobie Travaglia,DEF,https://fantasy.afl.com.au/assets/media/players/afl/1028538_450.png,2026-02-26 00:25:46.196086+00,5,,,0,1028538,st-kilda-saints,St Kilda Saints,https://fantasy.afl.com.au/assets/media/players/afl/1028538_450.png,Tobie Travaglia,Tobie Travaglia,obieravaglia
5f299e08-1cdd-47aa-94e9-e071a424996e,6689e156-49a9-4066-a22e-259375fa9b04,Mark Blicavs,MID,https://fantasy.afl.com.au/assets/media/players/afl/296733_450.png,2026-02-26 00:25:45.873242+00,46,,,0,296733,geelong-cats,Geelong Cats,https://fantasy.afl.com.au/assets/media/players/afl/296733_450.png,Mark Blicavs,Mark Blicavs,arklicavs
5f5d40ea-3e2e-40db-8ffd-67fbad498c1e,70c32ca0-2bec-4db6-9b70-b8c8327f51c1,Willem Drew,FWD,https://fantasy.afl.com.au/assets/media/players/afl/1000972_450.png,2026-02-26 00:25:45.873242+00,28,,,0,1000972,port-adelaide-power,Port Adelaide Power,https://fantasy.afl.com.au/assets/media/players/afl/1000972_450.png,Willem Drew,Willem Drew,illemrew
5ffaee28-538f-4a51-912d-ca830685ab49,4a0822e2-ed7a-4fc4-8e70-bd1d1b92d3f8,Reef McInnes,FWD,https://fantasy.afl.com.au/assets/media/players/afl/1013278_450.png,2026-02-26 00:25:46.196086+00,26,,,0,1013278,collingwood-magpies,Collingwood Magpies,https://fantasy.afl.com.au/assets/media/players/afl/1013278_450.png,Reef McInnes,Reef McInnes,eefcnnes
602954f0-95eb-4239-92e4-ad1cf28e33e2,6689e156-49a9-4066-a22e-259375fa9b04,George Stevens,MID,https://fantasy.afl.com.au/assets/media/players/afl/1023681_450.png,2026-02-26 00:25:45.873242+00,15,,,0,1023681,geelong-cats,Geelong Cats,https://fantasy.afl.com.au/assets/media/players/afl/1023681_450.png,George Stevens,George Stevens,eorgetevens
6038840e-eee8-49c5-9f07-bf7f604a55b3,d991371b-e2f7-4c95-ad7c-52ea89b07d7b,Matt Hill,MID,https://fantasy.afl.com.au/assets/media/players/afl/1039500_450.png,2026-02-26 00:25:46.196086+00,41,,,0,1039500,hawthorn-hawks,Hawthorn Hawks,https://fantasy.afl.com.au/assets/media/players/afl/1039500_450.png,Matt Hill,Matt Hill,attill
60448b21-7f2a-484f-bb08-0a817b46b511,501a05f7-174e-4a86-8cea-db048be8b646,Lachie Neale,MID,https://fantasy.afl.com.au/assets/media/players/afl/293535_450.png,2026-02-26 00:25:45.873242+00,9,,,0,293535,brisbane-lions,Brisbane Lions,https://fantasy.afl.com.au/assets/media/players/afl/293535_450.png,Lachie Neale,Lachie Neale,achieeale
612d7b4a-8991-4060-a91b-b6aafd0da129,38694aa4-7f1c-4a5f-b306-d094532ae24a,Kayle Gerreyn,FWD,https://fantasy.afl.com.au/assets/media/players/afl/1029159_450.png,2026-02-26 00:25:45.873242+00,19,,,0,1029159,essendon-bombers,Essendon Bombers,https://fantasy.afl.com.au/assets/media/players/afl/1029159_450.png,Kayle Gerreyn,Kayle Gerreyn,ayleerreyn
61860eb5-a4a7-420e-a63b-f707e6ffaef6,0d8207f2-c6ac-43c7-b3b1-154eb1648fe5,Oliver Hannaford,MID,https://fantasy.afl.com.au/assets/media/players/afl/1028485_450.png,2026-02-26 00:25:45.873242+00,13,,,0,1028485,gws-giants,GWS Giants,https://fantasy.afl.com.au/assets/media/players/afl/1028485_450.png,Oliver Hannaford,Oliver Hannaford,liverannaford
61bc999f-de16-479a-9872-6d74b0084ada,85de4282-cc6a-4db6-b4f6-8520b69c38de,Cooper Trembath,MID,https://fantasy.afl.com.au/assets/media/players/afl/1031988_450.png,2026-02-26 00:25:46.196086+00,47,,,0,1031988,north-melbourne-kangaroos,North Melbourne Kangaroos,https://fantasy.afl.com.au/assets/media/players/afl/1031988_450.png,Cooper Trembath,Cooper Trembath,ooperrembath
625ccfcb-1199-4656-9267-6032fb27be53,6689e156-49a9-4066-a22e-259375fa9b04,Oliver Wiltshire,FWD,https://fantasy.afl.com.au/assets/media/players/afl/1020881_450.png,2026-02-26 00:25:46.196086+00,21,,,0,1020881,geelong-cats,Geelong Cats,https://fantasy.afl.com.au/assets/media/players/afl/1020881_450.png,Oliver Wiltshire,Oliver Wiltshire,liveriltshire
626ecd30-45ea-45cb-a8d7-3b259aed60c8,6e06405b-7cff-4d56-b852-48cc980c21bb,Seth Campbell,MID,https://fantasy.afl.com.au/assets/media/players/afl/1023275_450.png,2026-02-26 00:25:46.196086+00,44,,,0,1023275,richmond-tigers,Richmond Tigers,https://fantasy.afl.com.au/assets/media/players/afl/1023275_450.png,Seth Campbell,Seth Campbell,ethampbell
629bf35c-8c7b-4de2-a832-bf452d4125d4,,Robbie Fox,,https://fantasy.afl.com.au/assets/media/players/afl/291848_450.png,2026-02-26 00:25:46.196086+00,,,,0,291848,,,https://fantasy.afl.com.au/assets/media/players/afl/291848_450.png,Robbie Fox,Robbie Fox,obbieox
63854249-14b3-4391-8994-2766fe442962,8953891c-6af3-4f31-8386-7340f0c27f9c,Jed Walter,DEF,https://fantasy.afl.com.au/assets/media/players/afl/1023736_450.png,2026-02-26 00:25:46.196086+00,4,,,0,1023736,gold-coast-suns,Gold Coast Suns,https://fantasy.afl.com.au/assets/media/players/afl/1023736_450.png,Jed Walter,Jed Walter,edalter
63922218-aa85-4a1c-a657-ef5a25521ce9,8953891c-6af3-4f31-8386-7340f0c27f9c,Jamarra Ugle-Hagan,MID,https://fantasy.afl.com.au/assets/media/players/afl/1009301_450.png,2026-02-26 00:25:45.873242+00,9,,,0,1009301,gold-coast-suns,Gold Coast Suns,https://fantasy.afl.com.au/assets/media/players/afl/1009301_450.png,Jamarra Ugle-Hagan,Jamarra Ugle-Hagan,amarragleagan
639a9718-3267-4809-88aa-c1bb6c287ad7,,Orazio Fantasia,,https://fantasy.afl.com.au/assets/media/players/afl/296334_450.png,2026-02-26 00:25:46.196086+00,,,,0,296334,,,https://fantasy.afl.com.au/assets/media/players/afl/296334_450.png,Orazio Fantasia,Orazio Fantasia,razioantasia
63b845a7-e214-4ab6-9719-a18fc5d3e579,38694aa4-7f1c-4a5f-b306-d094532ae24a,Andrew McGrath,DEF,https://fantasy.afl.com.au/assets/media/players/afl/998102_450.png,2026-02-26 00:25:45.873242+00,1,,,0,998102,essendon-bombers,Essendon Bombers,https://fantasy.afl.com.au/assets/media/players/afl/998102_450.png,Andrew McGrath,Andrew McGrath,ndrewcrath
6440d248-6f23-4400-bf36-ca368aa5243f,82880eac-b132-4b23-93d7-0ec25ff0a023,Tom Sparrow,MID,https://fantasy.afl.com.au/assets/media/players/afl/999391_450.png,2026-02-26 00:25:45.873242+00,32,,,0,999391,melbourne-demons,Melbourne Demons,https://fantasy.afl.com.au/assets/media/players/afl/999391_450.png,Tom Sparrow,Tom Sparrow,omparrow
65525abf-66f5-4982-89c6-deb5861f0f3d,8953891c-6af3-4f31-8386-7340f0c27f9c,Maurice Rioli,MID,https://fantasy.afl.com.au/assets/media/players/afl/1009551_450.png,2026-02-26 00:25:46.196086+00,17,,,0,1009551,gold-coast-suns,Gold Coast Suns,https://fantasy.afl.com.au/assets/media/players/afl/1009551_450.png,Maurice Rioli,Maurice Rioli,auriceioli
65ef5e0d-393d-4b1c-98f5-ed877c6de877,,Oscar McInerney,,https://fantasy.afl.com.au/assets/media/players/afl/1005521_450.png,2026-02-26 00:25:45.873242+00,,,,0,1005521,,,https://fantasy.afl.com.au/assets/media/players/afl/1005521_450.png,Oscar McInerney,Oscar McInerney,scarcnerney
65ef7bd3-2b61-439e-a07a-fd27526794fe,6d7d39fb-1136-4cc8-a68c-bb6a284f2245,James Peatling,FWD,https://fantasy.afl.com.au/assets/media/players/afl/1006013_450.png,2026-02-26 00:25:45.873242+00,25,,,0,1006013,adelaide-crows,Adelaide Crows,https://fantasy.afl.com.au/assets/media/players/afl/1006013_450.png,James Peatling,James Peatling,ameseatling
66157a6f-abc4-4c13-a736-1dbc753ec979,0d8207f2-c6ac-43c7-b3b1-154eb1648fe5,Stephen Coniglio,DEF,https://fantasy.afl.com.au/assets/media/players/afl/291969_450.png,2026-02-26 00:25:45.873242+00,3,,,0,291969,gws-giants,GWS Giants,https://fantasy.afl.com.au/assets/media/players/afl/291969_450.png,Stephen Coniglio,Stephen Coniglio,tephenoniglio
6648bc1c-1318-45ba-8940-660ff69f1982,,Xavier Ivisic,,https://fantasy.afl.com.au/assets/media/players/afl/1028489_450.png,2026-02-26 00:25:45.873242+00,,,,0,1028489,,,https://fantasy.afl.com.au/assets/media/players/afl/1028489_450.png,Xavier Ivisic,Xavier Ivisic,aviervisic
668232ae-bb95-4fe1-a2af-6a6093fdd342,914ab50f-d78d-4a28-aaef-6e4db1410600,Mason Wood,RUCK,https://fantasy.afl.com.au/assets/media/players/afl/295340_450.png,2026-02-26 00:25:45.873242+00,32,,,0,295340,st-kilda-saints,St Kilda Saints,https://fantasy.afl.com.au/assets/media/players/afl/295340_450.png,Mason Wood,Mason Wood,asonood
6730ae9e-301b-4195-afa0-9c7b4e4b2bcb,0ceb3e8b-4504-4ddd-b7c6-e2bf4215eada,Tom Liberatore,FWD,https://fantasy.afl.com.au/assets/media/players/afl/290799_450.png,2026-02-26 00:25:45.873242+00,21,,,0,290799,western-bulldogs,Western Bulldogs,https://fantasy.afl.com.au/assets/media/players/afl/290799_450.png,Tom Liberatore,Tom Liberatore,omiberatore
674e420a-f95d-4095-97ef-5b6485f9e153,0d8207f2-c6ac-43c7-b3b1-154eb1648fe5,Jake Riccardi,FWD,https://fantasy.afl.com.au/assets/media/players/afl/1008123_450.png,2026-02-26 00:25:45.873242+00,26,,,0,1008123,gws-giants,GWS Giants,https://fantasy.afl.com.au/assets/media/players/afl/1008123_450.png,Jake Riccardi,Jake Riccardi,akeiccardi
677d533d-bb98-4d66-90d5-f8d62a8b6301,5a697f25-65ef-4a40-9446-c813bbd624dc,Braeden Campbell,MID,https://fantasy.afl.com.au/assets/media/players/afl/1013133_450.png,2026-02-26 00:25:45.873242+00,16,,,0,1013133,sydney-swans,Sydney Swans,https://fantasy.afl.com.au/assets/media/players/afl/1013133_450.png,Braeden Campbell,Braeden Campbell,raedenampbell
6781f0ca-36fb-44ab-9d3b-e65d83a3daad,,Lennox Hoffman,,https://fantasy.afl.com.au/assets/media/players/afl/1032114_450.png,2026-02-26 00:25:46.196086+00,,,,0,1032114,,,https://fantasy.afl.com.au/assets/media/players/afl/1032114_450.png,Lennox Hoffman,Lennox Hoffman,ennoxoffman
67c1cc03-5488-4eee-80b8-c5d507ed316f,8953891c-6af3-4f31-8386-7340f0c27f9c,Cooper Bell,FWD,https://fantasy.afl.com.au/assets/media/players/afl/1029065_450.png,2026-02-26 00:25:46.196086+00,31,,,0,1029065,gold-coast-suns,Gold Coast Suns,https://fantasy.afl.com.au/assets/media/players/afl/1029065_450.png,Cooper Bell,Cooper Bell,ooperell
67c65726-4ba5-456c-b5ab-6fbad024114c,,Lachlan Murphy,,https://fantasy.afl.com.au/assets/media/players/afl/1000998_450.png,2026-02-26 00:25:45.873242+00,,,,0,1000998,,,https://fantasy.afl.com.au/assets/media/players/afl/1000998_450.png,Lachlan Murphy,Lachlan Murphy,achlanurphy
67efe8ef-70e8-4279-96e6-fb1ffeedb7d1,0d8207f2-c6ac-43c7-b3b1-154eb1648fe5,Harrison Oliver,MID,https://fantasy.afl.com.au/assets/media/players/afl/1028562_450.png,2026-02-26 00:25:46.196086+00,19,,,0,1028562,gws-giants,GWS Giants,https://fantasy.afl.com.au/assets/media/players/afl/1028562_450.png,Harrison Oliver,Harrison Oliver,arrisonliver
68168148-d11a-4d34-9206-a47a2bc194eb,,Thomas Berry,,https://fantasy.afl.com.au/assets/media/players/afl/1006100_450.png,2026-02-26 00:25:46.196086+00,,,,0,1006100,,,https://fantasy.afl.com.au/assets/media/players/afl/1006100_450.png,Thomas Berry,Thomas Berry,homaserry
6825c679-3bc8-476d-8e87-d8a0dae71c71,0a73bf79-7321-4fd5-8b67-90fffabdcf01,Nathan O'Driscoll,RUCK,https://fantasy.afl.com.au/assets/media/players/afl/1013220_450.png,2026-02-26 00:25:45.873242+00,30,,,0,1013220,fremantle-dockers,Fremantle Dockers,https://fantasy.afl.com.au/assets/media/players/afl/1013220_450.png,Nathan O'Driscoll,Nathan O'Driscoll,athanriscoll
68474868-8695-4787-a2f1-b5c7a0078fdf,f70ca36c-612b-439f-850f-4a31fd2df499,Oliver Florent,MID,https://fantasy.afl.com.au/assets/media/players/afl/998103_450.png,2026-02-26 00:25:45.873242+00,14,,,0,998103,carlton-blues,Carlton Blues,https://fantasy.afl.com.au/assets/media/players/afl/998103_450.png,Oliver Florent,Oliver Florent,liverlorent
685e631c-62ef-402c-80fe-7f9bd1dc0ce2,38694aa4-7f1c-4a5f-b306-d094532ae24a,Jordan Ridley,MID,https://fantasy.afl.com.au/assets/media/players/afl/1001026_450.png,2026-02-26 00:25:45.873242+00,14,,,0,1001026,essendon-bombers,Essendon Bombers,https://fantasy.afl.com.au/assets/media/players/afl/1001026_450.png,Jordan Ridley,Jordan Ridley,ordanidley
69747463-b301-442b-8e00-3c28acc3dfbb,8953891c-6af3-4f31-8386-7340f0c27f9c,Touk Miller,MID,https://fantasy.afl.com.au/assets/media/players/afl/298272_450.png,2026-02-26 00:25:45.873242+00,11,,,0,298272,gold-coast-suns,Gold Coast Suns,https://fantasy.afl.com.au/assets/media/players/afl/298272_450.png,Touk Miller,Touk Miller,oukiller
69be53e5-b463-4ca8-8221-787f661fecca,0ceb3e8b-4504-4ddd-b7c6-e2bf4215eada,Rory Lobb,DEF,https://fantasy.afl.com.au/assets/media/players/afl/990740_450.png,2026-02-26 00:25:46.196086+00,7,,,0,990740,western-bulldogs,Western Bulldogs,https://fantasy.afl.com.au/assets/media/players/afl/990740_450.png,Rory Lobb,Rory Lobb,oryobb
6a0c47c4-8f96-4df9-b74e-caf93624c342,6e06405b-7cff-4d56-b852-48cc980c21bb,Jayden Short,MID,https://fantasy.afl.com.au/assets/media/players/afl/992049_450.png,2026-02-26 00:25:45.873242+00,15,,,0,992049,richmond-tigers,Richmond Tigers,https://fantasy.afl.com.au/assets/media/players/afl/992049_450.png,Jayden Short,Jayden Short,aydenhort
6a3023d2-b0df-4cc0-99ca-570b89e6ff7f,82880eac-b132-4b23-93d7-0ec25ff0a023,Kysaiah Pickett,MID,https://fantasy.afl.com.au/assets/media/players/afl/1008541_450.png,2026-02-26 00:25:45.873242+00,36,,,0,1008541,melbourne-demons,Melbourne Demons,https://fantasy.afl.com.au/assets/media/players/afl/1008541_450.png,Kysaiah Pickett,Kysaiah Pickett,ysaiahickett
6a59c870-70e3-41cd-a78e-9c9f598e6bfa,6689e156-49a9-4066-a22e-259375fa9b04,Keighton Matofai-Forbes,RUCK,https://fantasy.afl.com.au/assets/media/players/afl/1032141_450.png,2026-02-26 00:25:46.196086+00,31,,,0,1032141,geelong-cats,Geelong Cats,https://fantasy.afl.com.au/assets/media/players/afl/1032141_450.png,Keighton Matofai-Forbes,Keighton Matofai-Forbes,eightonatofaiorbes
6a724e7b-edc9-4cf9-8e93-70e7ca72b437,6689e156-49a9-4066-a22e-259375fa9b04,Jed Bews,FWD,https://fantasy.afl.com.au/assets/media/players/afl/293883_450.png,2026-02-26 00:25:46.196086+00,24,,,0,293883,geelong-cats,Geelong Cats,https://fantasy.afl.com.au/assets/media/players/afl/293883_450.png,Jed Bews,Jed Bews,edews
6b159ced-ead5-4c72-8efd-404da9940cff,8953891c-6af3-4f31-8386-7340f0c27f9c,Sam Collins,FWD,https://fantasy.afl.com.au/assets/media/players/afl/295446_450.png,2026-02-26 00:25:46.196086+00,25,,,0,295446,gold-coast-suns,Gold Coast Suns,https://fantasy.afl.com.au/assets/media/players/afl/295446_450.png,Sam Collins,Sam Collins,amollins
6b4303ea-9a19-4a84-9234-a2a33e0ddfeb,,Taj Woewodin,,https://fantasy.afl.com.au/assets/media/players/afl/1018425_450.png,2026-02-26 00:25:46.196086+00,,,,0,1018425,,,https://fantasy.afl.com.au/assets/media/players/afl/1018425_450.png,Taj Woewodin,Taj Woewodin,ajoewodin
6c424f9c-cc7b-4c90-a42b-443c63c240f4,0d8207f2-c6ac-43c7-b3b1-154eb1648fe5,Jack Ough,FWD,https://fantasy.afl.com.au/assets/media/players/afl/1028539_450.png,2026-02-26 00:25:45.873242+00,28,,,0,1028539,gws-giants,GWS Giants,https://fantasy.afl.com.au/assets/media/players/afl/1028539_450.png,Jack Ough,Jack Ough,ackugh
6c7debf1-0734-4cad-b67d-3394385c0c71,4a0822e2-ed7a-4fc4-8e70-bd1d1b92d3f8,Harry DeMattia,MID,https://fantasy.afl.com.au/assets/media/players/afl/1027673_450.png,2026-02-26 00:25:46.196086+00,13,,,0,1027673,collingwood-magpies,Collingwood Magpies,https://fantasy.afl.com.au/assets/media/players/afl/1027673_450.png,Harry DeMattia,Harry DeMattia,arryeattia
6c903374-2160-4d93-af36-c577fc3a0bea,8953891c-6af3-4f31-8386-7340f0c27f9c,Lachlan Gulbin,MID,https://fantasy.afl.com.au/assets/media/players/afl/1029304_450.png,2026-02-26 00:25:46.196086+00,39,,,0,1029304,gold-coast-suns,Gold Coast Suns,https://fantasy.afl.com.au/assets/media/players/afl/1029304_450.png,Lachlan Gulbin,Lachlan Gulbin,achlanulbin
6cace217-151f-437b-b745-a092434d54f9,5a697f25-65ef-4a40-9446-c813bbd624dc,Brodie Grundy,DEF,https://fantasy.afl.com.au/assets/media/players/afl/293957_450.png,2026-02-26 00:25:45.873242+00,4,,,0,293957,sydney-swans,Sydney Swans,https://fantasy.afl.com.au/assets/media/players/afl/293957_450.png,Brodie Grundy,Brodie Grundy,rodierundy
6ce71c4a-b19e-40cd-bdab-ecdd407a3eeb,914ab50f-d78d-4a28-aaef-6e4db1410600,Paddy Dow,MID,https://fantasy.afl.com.au/assets/media/players/afl/1002256_450.png,2026-02-26 00:25:45.873242+00,15,,,0,1002256,st-kilda-saints,St Kilda Saints,https://fantasy.afl.com.au/assets/media/players/afl/1002256_450.png,Paddy Dow,Paddy Dow,addyow
6d3750de-0482-45a9-807e-806e955f0b81,4a0822e2-ed7a-4fc4-8e70-bd1d1b92d3f8,Tim Membrey,FWD,https://fantasy.afl.com.au/assets/media/players/afl/294596_450.png,2026-02-26 00:25:45.873242+00,28,,,0,294596,collingwood-magpies,Collingwood Magpies,https://fantasy.afl.com.au/assets/media/players/afl/294596_450.png,Tim Membrey,Tim Membrey,imembrey
6d6eda1d-63f2-442e-99f5-286dcbb8ad10,501a05f7-174e-4a86-8cea-db048be8b646,Zac Bailey,MID,https://fantasy.afl.com.au/assets/media/players/afl/1002312_450.png,2026-02-26 00:25:45.873242+00,33,,,0,1002312,brisbane-lions,Brisbane Lions,https://fantasy.afl.com.au/assets/media/players/afl/1002312_450.png,Zac Bailey,Zac Bailey,acailey
6d852d8f-48c0-44fe-98c3-eaf580383ecd,501a05f7-174e-4a86-8cea-db048be8b646,Sam Marshall,FWD,https://fantasy.afl.com.au/assets/media/players/afl/1028520_450.png,2026-02-26 00:25:45.873242+00,20,,,0,1028520,brisbane-lions,Brisbane Lions,https://fantasy.afl.com.au/assets/media/players/afl/1028520_450.png,Sam Marshall,Sam Marshall,amarshall
6dd03fed-aee9-45e5-b57e-b490f1824e07,914ab50f-d78d-4a28-aaef-6e4db1410600,Liam Stocker,MID,https://fantasy.afl.com.au/assets/media/players/afl/1008312_450.png,2026-02-26 00:25:45.873242+00,14,,,0,1008312,st-kilda-saints,St Kilda Saints,https://fantasy.afl.com.au/assets/media/players/afl/1008312_450.png,Liam Stocker,Liam Stocker,iamtocker
6e06be23-c2e2-455a-8645-6320ae490105,501a05f7-174e-4a86-8cea-db048be8b646,Ty Gallop,FWD,https://fantasy.afl.com.au/assets/media/players/afl/1034411_450.png,2026-02-26 00:25:46.196086+00,22,,,0,1034411,brisbane-lions,Brisbane Lions,https://fantasy.afl.com.au/assets/media/players/afl/1034411_450.png,Ty Gallop,Ty Gallop,yallop
6f0c003d-d8b8-45fb-a27a-3ef2a4b3b22d,d991371b-e2f7-4c95-ad7c-52ea89b07d7b,Bodie Ryan,FWD,https://fantasy.afl.com.au/assets/media/players/afl/1022473_450.png,2026-02-26 00:25:46.196086+00,26,,,0,1022473,hawthorn-hawks,Hawthorn Hawks,https://fantasy.afl.com.au/assets/media/players/afl/1022473_450.png,Bodie Ryan,Bodie Ryan,odieyan
6f76c002-e893-4098-ac43-9d464f38044f,8953891c-6af3-4f31-8386-7340f0c27f9c,Max Knobel,MID,https://fantasy.afl.com.au/assets/media/players/afl/1027701_450.png,2026-02-26 00:25:45.873242+00,37,,,0,1027701,gold-coast-suns,Gold Coast Suns,https://fantasy.afl.com.au/assets/media/players/afl/1027701_450.png,Max Knobel,Max Knobel,axnobel
6ffc6a77-3fce-4ee3-8829-42c1b6acae8e,,Sean Lemmens,,https://fantasy.afl.com.au/assets/media/players/afl/294013_450.png,2026-02-26 00:25:46.196086+00,,,,0,294013,,,https://fantasy.afl.com.au/assets/media/players/afl/294013_450.png,Sean Lemmens,Sean Lemmens,eanemmens
7005de36-4e34-47d4-9a4e-8c1ff0d2fed8,82880eac-b132-4b23-93d7-0ec25ff0a023,Blake Howes,FWD,https://fantasy.afl.com.au/assets/media/players/afl/1017122_450.png,2026-02-26 00:25:45.873242+00,22,,,0,1017122,melbourne-demons,Melbourne Demons,https://fantasy.afl.com.au/assets/media/players/afl/1017122_450.png,Blake Howes,Blake Howes,lakeowes
70a7a496-af78-4048-a74c-7b49f932341d,,Ben Paton,,https://fantasy.afl.com.au/assets/media/players/afl/1004985_450.png,2026-02-26 00:25:45.873242+00,,,,0,1004985,,,https://fantasy.afl.com.au/assets/media/players/afl/1004985_450.png,Ben Paton,Ben Paton,enaton
70cae9eb-a915-497f-9296-34779358301a,0a73bf79-7321-4fd5-8b67-90fffabdcf01,Oscar McDonald,FWD,https://fantasy.afl.com.au/assets/media/players/afl/992472_450.png,2026-02-26 00:25:46.196086+00,21,,,0,992472,fremantle-dockers,Fremantle Dockers,https://fantasy.afl.com.au/assets/media/players/afl/992472_450.png,Oscar McDonald,Oscar McDonald,scarconald
70fea83b-d54b-49b3-9e73-daa08a9d14ae,6e06405b-7cff-4d56-b852-48cc980c21bb,Judson Clarke,FWD,https://fantasy.afl.com.au/assets/media/players/afl/1017043_450.png,2026-02-26 00:25:46.196086+00,23,,,0,1017043,richmond-tigers,Richmond Tigers,https://fantasy.afl.com.au/assets/media/players/afl/1017043_450.png,Judson Clarke,Judson Clarke,udsonlarke
71119f95-a426-4675-a390-95a90fe4a610,501a05f7-174e-4a86-8cea-db048be8b646,Zane Zakostelsky,FWD,https://fantasy.afl.com.au/assets/media/players/afl/1032650_450.png,2026-02-26 00:25:46.196086+00,21,,,0,1032650,brisbane-lions,Brisbane Lions,https://fantasy.afl.com.au/assets/media/players/afl/1032650_450.png,Zane Zakostelsky,Zane Zakostelsky,aneakostelsky
713d4120-2dea-4641-9a5e-03a73f69ef47,85de4282-cc6a-4db6-b4f6-8520b69c38de,Luke Davies-Uniacke,MID,https://fantasy.afl.com.au/assets/media/players/afl/1002267_450.png,2026-02-26 00:25:45.873242+00,9,,,0,1002267,north-melbourne-kangaroos,North Melbourne Kangaroos,https://fantasy.afl.com.au/assets/media/players/afl/1002267_450.png,Luke Davies-Uniacke,Luke Davies-Uniacke,ukeaviesniacke
7161314a-4757-4629-8287-d2f91578f87b,38694aa4-7f1c-4a5f-b306-d094532ae24a,Peter Wright,FWD,https://fantasy.afl.com.au/assets/media/players/afl/298289_450.png,2026-02-26 00:25:45.873242+00,20,,,0,298289,essendon-bombers,Essendon Bombers,https://fantasy.afl.com.au/assets/media/players/afl/298289_450.png,Peter Wright,Peter Wright,eterright
722a0eca-81dd-458d-8db4-36e637b81af8,914ab50f-d78d-4a28-aaef-6e4db1410600,Mitch Owens,MID,https://fantasy.afl.com.au/assets/media/players/afl/1023272_450.png,2026-02-26 00:25:45.873242+00,10,,,0,1023272,st-kilda-saints,St Kilda Saints,https://fantasy.afl.com.au/assets/media/players/afl/1023272_450.png,Mitch Owens,Mitch Owens,itchwens
724955c6-511b-4948-a9b8-6d917eaafde9,5a697f25-65ef-4a40-9446-c813bbd624dc,Mitchell Edwards,FWD,https://fantasy.afl.com.au/assets/media/players/afl/1024304_450.png,2026-02-26 00:25:45.873242+00,28,,,0,1024304,sydney-swans,Sydney Swans,https://fantasy.afl.com.au/assets/media/players/afl/1024304_450.png,Mitchell Edwards,Mitchell Edwards,itchelldwards
72761eab-3add-41a2-b734-580129d41cff,f70ca36c-612b-439f-850f-4a31fd2df499,Adam Cerra,DEF,https://fantasy.afl.com.au/assets/media/players/afl/1002239_450.png,2026-02-26 00:25:45.873242+00,5,,,0,1002239,carlton-blues,Carlton Blues,https://fantasy.afl.com.au/assets/media/players/afl/1002239_450.png,Adam Cerra,Adam Cerra,damerra
72bbd57b-097f-466a-bf96-b111a17760e6,4a0822e2-ed7a-4fc4-8e70-bd1d1b92d3f8,Wil Parker,MID,https://fantasy.afl.com.au/assets/media/players/afl/1012873_450.png,2026-02-26 00:25:46.196086+00,15,,,0,1012873,collingwood-magpies,Collingwood Magpies,https://fantasy.afl.com.au/assets/media/players/afl/1012873_450.png,Wil Parker,Wil Parker,ilarker
72d2db44-bf8a-4175-a285-f1a97112c5d4,,David Swallow,,https://fantasy.afl.com.au/assets/media/players/afl/290832_450.png,2026-02-26 00:25:45.873242+00,,,,0,290832,,,https://fantasy.afl.com.au/assets/media/players/afl/290832_450.png,David Swallow,David Swallow,avidwallow
72de0ba6-56b2-4729-a9a9-107885a9f9ee,914ab50f-d78d-4a28-aaef-6e4db1410600,Marcus Windhager,DEF,https://fantasy.afl.com.au/assets/media/players/afl/1023270_450.png,2026-02-26 00:25:45.873242+00,2,,,0,1023270,st-kilda-saints,St Kilda Saints,https://fantasy.afl.com.au/assets/media/players/afl/1023270_450.png,Marcus Windhager,Marcus Windhager,arcusindhager
72fcceba-b133-474d-a3c0-3163fdb621d5,4a0822e2-ed7a-4fc4-8e70-bd1d1b92d3f8,Scott Pendlebury,MID,https://fantasy.afl.com.au/assets/media/players/afl/260257_450.png,2026-02-26 00:25:45.873242+00,10,,,0,260257,collingwood-magpies,Collingwood Magpies,https://fantasy.afl.com.au/assets/media/players/afl/260257_450.png,Scott Pendlebury,Scott Pendlebury,cottendlebury
734e9738-1069-4f0f-99d6-b94aeb65a194,70c32ca0-2bec-4db6-9b70-b8c8327f51c1,Logan Evans,FWD,https://fantasy.afl.com.au/assets/media/players/afl/1019938_450.png,2026-02-26 00:25:45.873242+00,22,,,0,1019938,port-adelaide-power,Port Adelaide Power,https://fantasy.afl.com.au/assets/media/players/afl/1019938_450.png,Logan Evans,Logan Evans,oganvans
736f7f09-a1e9-4d12-9536-a340ad1c6fef,7fddbede-9cbf-4436-9845-1db1739b2476,Tom Cole,FWD,https://fantasy.afl.com.au/assets/media/players/afl/993820_450.png,2026-02-26 00:25:45.873242+00,28,,,0,993820,west-coast-eagles,West Coast Eagles,https://fantasy.afl.com.au/assets/media/players/afl/993820_450.png,Tom Cole,Tom Cole,omole
73a466dd-8afd-4719-b4a2-707728857972,0ceb3e8b-4504-4ddd-b7c6-e2bf4215eada,Tim English,MID,https://fantasy.afl.com.au/assets/media/players/afl/1004592_450.png,2026-02-26 00:25:45.873242+00,44,,,0,1004592,western-bulldogs,Western Bulldogs,https://fantasy.afl.com.au/assets/media/players/afl/1004592_450.png,Tim English,Tim English,imnglish
74631b1f-74c2-4fc2-b7b3-6755f13ffef7,8953891c-6af3-4f31-8386-7340f0c27f9c,Jarrod Witts,FWD,https://fantasy.afl.com.au/assets/media/players/afl/291975_450.png,2026-02-26 00:25:45.873242+00,28,,,0,291975,gold-coast-suns,Gold Coast Suns,https://fantasy.afl.com.au/assets/media/players/afl/291975_450.png,Jarrod Witts,Jarrod Witts,arroditts
74b9f62a-4361-447e-9bc1-3e05c673ae75,0ceb3e8b-4504-4ddd-b7c6-e2bf4215eada,Michael Sellwood,MID,https://fantasy.afl.com.au/assets/media/players/afl/1020621_450.png,2026-02-26 00:25:46.196086+00,37,,,0,1020621,western-bulldogs,Western Bulldogs,https://fantasy.afl.com.au/assets/media/players/afl/1020621_450.png,Michael Sellwood,Michael Sellwood,ichaelellwood
74c6f59f-8433-4b07-a004-435706a9c5f9,85de4282-cc6a-4db6-b4f6-8520b69c38de,Tristan Xerri,MID,https://fantasy.afl.com.au/assets/media/players/afl/1004965_450.png,2026-02-26 00:25:45.873242+00,38,,,0,1004965,north-melbourne-kangaroos,North Melbourne Kangaroos,https://fantasy.afl.com.au/assets/media/players/afl/1004965_450.png,Tristan Xerri,Tristan Xerri,ristanerri
75145d18-a9b9-4618-bfd9-d3d918a7154e,f70ca36c-612b-439f-850f-4a31fd2df499,Cooper Lord,MID,https://fantasy.afl.com.au/assets/media/players/afl/1032108_450.png,2026-02-26 00:25:45.873242+00,36,,,0,1032108,carlton-blues,Carlton Blues,https://fantasy.afl.com.au/assets/media/players/afl/1032108_450.png,Cooper Lord,Cooper Lord,ooperord
754a5b97-2bfc-4bf5-8c6f-a949f4384a0c,0ceb3e8b-4504-4ddd-b7c6-e2bf4215eada,Lachlan Smith,MID,https://fantasy.afl.com.au/assets/media/players/afl/1027702_450.png,2026-02-26 00:25:45.873242+00,40,,,0,1027702,western-bulldogs,Western Bulldogs,https://fantasy.afl.com.au/assets/media/players/afl/1027702_450.png,Lachlan Smith,Lachlan Smith,achlanmith
755b2a3f-3f7b-40b6-b97f-9da27acc1810,4a0822e2-ed7a-4fc4-8e70-bd1d1b92d3f8,Ned Long,MID,https://fantasy.afl.com.au/assets/media/players/afl/1017124_450.png,2026-02-26 00:25:45.873242+00,44,,,0,1017124,collingwood-magpies,Collingwood Magpies,https://fantasy.afl.com.au/assets/media/players/afl/1017124_450.png,Ned Long,Ned Long,edong
7569188f-1213-40c2-bc31-77998fed9deb,0ceb3e8b-4504-4ddd-b7c6-e2bf4215eada,Rhylee West,MID,https://fantasy.afl.com.au/assets/media/players/afl/1006127_450.png,2026-02-26 00:25:45.873242+00,14,,,0,1006127,western-bulldogs,Western Bulldogs,https://fantasy.afl.com.au/assets/media/players/afl/1006127_450.png,Rhylee West,Rhylee West,hyleeest
758a8fdc-9e3a-42cf-bd9d-0af8b5ebde3c,0a73bf79-7321-4fd5-8b67-90fffabdcf01,Neil Erasmus,FWD,https://fantasy.afl.com.au/assets/media/players/afl/1020250_450.png,2026-02-26 00:25:45.873242+00,28,,,0,1020250,fremantle-dockers,Fremantle Dockers,https://fantasy.afl.com.au/assets/media/players/afl/1020250_450.png,Neil Erasmus,Neil Erasmus,eilrasmus
76122e88-dae7-432d-b7ec-68f42d0e449e,914ab50f-d78d-4a28-aaef-6e4db1410600,Dougal Howard,FWD,https://fantasy.afl.com.au/assets/media/players/afl/993480_450.png,2026-02-26 00:25:46.196086+00,20,,,0,993480,st-kilda-saints,St Kilda Saints,https://fantasy.afl.com.au/assets/media/players/afl/993480_450.png,Dougal Howard,Dougal Howard,ougaloward
76332344-dde4-496a-924e-e7162d6ef618,0d8207f2-c6ac-43c7-b3b1-154eb1648fe5,Brent Daniels,MID,https://fantasy.afl.com.au/assets/media/players/afl/1002251_450.png,2026-02-26 00:25:45.873242+00,16,,,0,1002251,gws-giants,GWS Giants,https://fantasy.afl.com.au/assets/media/players/afl/1002251_450.png,Brent Daniels,Brent Daniels,rentaniels
764d58b7-c3a1-4de2-bfb6-2fb72784f30a,38694aa4-7f1c-4a5f-b306-d094532ae24a,Jayden Nguyen,MID,https://fantasy.afl.com.au/assets/media/players/afl/1018987_450.png,2026-02-26 00:25:45.873242+00,42,,,0,1018987,essendon-bombers,Essendon Bombers,https://fantasy.afl.com.au/assets/media/players/afl/1018987_450.png,Jayden Nguyen,Jayden Nguyen,aydenguyen
76b0d010-52e3-4d5e-9431-e4a6b8bb6cdb,,Kallan Dawson,,https://fantasy.afl.com.au/assets/media/players/afl/1012144_450.png,2026-02-26 00:25:46.196086+00,,,,0,1012144,,,https://fantasy.afl.com.au/assets/media/players/afl/1012144_450.png,Kallan Dawson,Kallan Dawson,allanawson
777e144f-c16e-4c7f-8b68-afd83c31d73a,,Jason Johannisen,,https://fantasy.afl.com.au/assets/media/players/afl/294101_450.png,2026-02-26 00:25:45.873242+00,,,,0,294101,,,https://fantasy.afl.com.au/assets/media/players/afl/294101_450.png,Jason Johannisen,Jason Johannisen,asonohannisen
77855a2b-d4f6-481d-966e-322fc3049cb6,6d7d39fb-1136-4cc8-a68c-bb6a284f2245,Billy Dowling,RUCK,https://fantasy.afl.com.au/assets/media/players/afl/1015329_450.png,2026-02-26 00:25:45.873242+00,31,,,0,1015329,adelaide-crows,Adelaide Crows,https://fantasy.afl.com.au/assets/media/players/afl/1015329_450.png,Billy Dowling,Billy Dowling,illyowling
77b53baf-4141-48d3-a4d1-3dd73138c57e,82880eac-b132-4b23-93d7-0ec25ff0a023,Kade Chandler,MID,https://fantasy.afl.com.au/assets/media/players/afl/1005330_450.png,2026-02-26 00:25:45.873242+00,37,,,0,1005330,melbourne-demons,Melbourne Demons,https://fantasy.afl.com.au/assets/media/players/afl/1005330_450.png,Kade Chandler,Kade Chandler,adehandler
78e2ff5a-2b5e-4ade-9ec3-037ef6978879,8953891c-6af3-4f31-8386-7340f0c27f9c,Lachie Weller,MID,https://fantasy.afl.com.au/assets/media/players/afl/298524_450.png,2026-02-26 00:25:45.873242+00,14,,,0,298524,gold-coast-suns,Gold Coast Suns,https://fantasy.afl.com.au/assets/media/players/afl/298524_450.png,Lachie Weller,Lachie Weller,achieeller
78fe5cf7-7552-408c-93eb-711834de3003,6689e156-49a9-4066-a22e-259375fa9b04,Toby Conway,DEF,https://fantasy.afl.com.au/assets/media/players/afl/1017063_450.png,2026-02-26 00:25:45.873242+00,6,,,0,1017063,geelong-cats,Geelong Cats,https://fantasy.afl.com.au/assets/media/players/afl/1017063_450.png,Toby Conway,Toby Conway,obyonway
79233d44-4a97-4a16-af1a-ad0235a6f45d,38694aa4-7f1c-4a5f-b306-d094532ae24a,Jade Gresham,MID,https://fantasy.afl.com.au/assets/media/players/afl/298421_450.png,2026-02-26 00:25:45.873242+00,11,,,0,298421,essendon-bombers,Essendon Bombers,https://fantasy.afl.com.au/assets/media/players/afl/298421_450.png,Jade Gresham,Jade Gresham,aderesham
792e51ab-9524-4916-8bad-11b18947f16b,38694aa4-7f1c-4a5f-b306-d094532ae24a,Matt Guelfi,MID,https://fantasy.afl.com.au/assets/media/players/afl/996232_450.png,2026-02-26 00:25:45.873242+00,35,,,0,996232,essendon-bombers,Essendon Bombers,https://fantasy.afl.com.au/assets/media/players/afl/996232_450.png,Matt Guelfi,Matt Guelfi,attuelfi
798c4b12-b3c2-42c8-8490-ff6cbf78cf44,4a0822e2-ed7a-4fc4-8e70-bd1d1b92d3f8,Edward Allan,MID,https://fantasy.afl.com.au/assets/media/players/afl/1022915_450.png,2026-02-26 00:25:45.873242+00,16,,,0,1022915,collingwood-magpies,Collingwood Magpies,https://fantasy.afl.com.au/assets/media/players/afl/1022915_450.png,Edward Allan,Edward Allan,dwardllan
79c34743-09d5-4fe1-9525-c44467693724,85de4282-cc6a-4db6-b4f6-8520b69c38de,Zac Banch,MID,https://fantasy.afl.com.au/assets/media/players/afl/1020930_450.png,2026-02-26 00:25:46.196086+00,45,,,0,1020930,north-melbourne-kangaroos,North Melbourne Kangaroos,https://fantasy.afl.com.au/assets/media/players/afl/1020930_450.png,Zac Banch,Zac Banch,acanch
79c46df0-0687-41cb-82f4-945c3710d232,d991371b-e2f7-4c95-ad7c-52ea89b07d7b,Jack Gunston,FWD,https://fantasy.afl.com.au/assets/media/players/afl/291351_450.png,2026-02-26 00:25:45.873242+00,19,,,0,291351,hawthorn-hawks,Hawthorn Hawks,https://fantasy.afl.com.au/assets/media/players/afl/291351_450.png,Jack Gunston,Jack Gunston,ackunston
7a362f62-b435-4d1c-8804-326feeae34cd,d991371b-e2f7-4c95-ad7c-52ea89b07d7b,Conor Nash,MID,https://fantasy.afl.com.au/assets/media/players/afl/1007124_450.png,2026-02-26 00:25:45.873242+00,11,,,0,1007124,hawthorn-hawks,Hawthorn Hawks,https://fantasy.afl.com.au/assets/media/players/afl/1007124_450.png,Conor Nash,Conor Nash,onorash
7a399a6b-872a-4cfc-9f58-46b8ddf98b1a,0d8207f2-c6ac-43c7-b3b1-154eb1648fe5,Xavier O'Halloran,MID,https://fantasy.afl.com.au/assets/media/players/afl/1006135_450.png,2026-02-26 00:25:46.196086+00,33,,,0,1006135,gws-giants,GWS Giants,https://fantasy.afl.com.au/assets/media/players/afl/1006135_450.png,Xavier O'Halloran,Xavier O'Halloran,avieralloran
7a6b6aea-6cc0-4e03-96ce-b0b8c0ac51e1,7fddbede-9cbf-4436-9845-1db1739b2476,Matt Flynn,FWD,https://fantasy.afl.com.au/assets/media/players/afl/993902_450.png,2026-02-26 00:25:45.873242+00,25,,,0,993902,west-coast-eagles,West Coast Eagles,https://fantasy.afl.com.au/assets/media/players/afl/993902_450.png,Matt Flynn,Matt Flynn,attlynn
7a74041f-db1b-4e64-88e2-24f48732e444,38694aa4-7f1c-4a5f-b306-d094532ae24a,Archie Perkins,MID,https://fantasy.afl.com.au/assets/media/players/afl/1015873_450.png,2026-02-26 00:25:45.873242+00,16,,,0,1015873,essendon-bombers,Essendon Bombers,https://fantasy.afl.com.au/assets/media/players/afl/1015873_450.png,Archie Perkins,Archie Perkins,rchieerkins
7aabb99d-f9c2-42f3-b82b-f4da8bde6941,70c32ca0-2bec-4db6-9b70-b8c8327f51c1,Josh Lai,MID,https://fantasy.afl.com.au/assets/media/players/afl/1040300_450.png,2026-02-26 00:25:46.196086+00,43,,,0,1040300,port-adelaide-power,Port Adelaide Power,https://fantasy.afl.com.au/assets/media/players/afl/1040300_450.png,Josh Lai,Josh Lai,oshai
7ab39c25-8af8-4a7a-bbe4-aee127391b51,0a73bf79-7321-4fd5-8b67-90fffabdcf01,Luke Jackson,DEF,https://fantasy.afl.com.au/assets/media/players/afl/1009399_450.png,2026-02-26 00:25:45.873242+00,9,,,0,1009399,fremantle-dockers,Fremantle Dockers,https://fantasy.afl.com.au/assets/media/players/afl/1009399_450.png,Luke Jackson,Luke Jackson,ukeackson
7ad872ee-281f-4459-a176-c4740384d060,6d7d39fb-1136-4cc8-a68c-bb6a284f2245,Callum Ah Chee,DEF,https://fantasy.afl.com.au/assets/media/players/afl/298437_450.png,2026-02-26 00:25:45.873242+00,4,,,0,298437,adelaide-crows,Adelaide Crows,https://fantasy.afl.com.au/assets/media/players/afl/298437_450.png,Callum Ah Chee,Callum Ah Chee,allumhhee
7b75df82-cb75-4cb6-bf08-265c059cd758,7fddbede-9cbf-4436-9845-1db1739b2476,Brandon Starcevich,DEF,https://fantasy.afl.com.au/assets/media/players/afl/1002401_450.png,2026-02-26 00:25:45.873242+00,4,,,0,1002401,west-coast-eagles,West Coast Eagles,https://fantasy.afl.com.au/assets/media/players/afl/1002401_450.png,Brandon Starcevich,Brandon Starcevich,randontarcevich
7b9663e4-eecd-458b-b8b7-4aae64f2d4a3,4a0822e2-ed7a-4fc4-8e70-bd1d1b92d3f8,Jeremy Howe,MID,https://fantasy.afl.com.au/assets/media/players/afl/291313_450.png,2026-02-26 00:25:45.873242+00,38,,,0,291313,collingwood-magpies,Collingwood Magpies,https://fantasy.afl.com.au/assets/media/players/afl/291313_450.png,Jeremy Howe,Jeremy Howe,eremyowe
7b9eccb7-ac2c-4f99-8312-ca67e2917340,38694aa4-7f1c-4a5f-b306-d094532ae24a,Nate Caddy,RUCK,https://fantasy.afl.com.au/assets/media/players/afl/1027899_450.png,2026-02-26 00:25:46.196086+00,30,,,0,1027899,essendon-bombers,Essendon Bombers,https://fantasy.afl.com.au/assets/media/players/afl/1027899_450.png,Nate Caddy,Nate Caddy,ateaddy
7b9f1ce6-05fb-4ffb-89e8-f6fa460754ed,38694aa4-7f1c-4a5f-b306-d094532ae24a,Zach Merrett,DEF,https://fantasy.afl.com.au/assets/media/players/afl/992016_450.png,2026-02-26 00:25:45.873242+00,7,,,0,992016,essendon-bombers,Essendon Bombers,https://fantasy.afl.com.au/assets/media/players/afl/992016_450.png,Zach Merrett,Zach Merrett,acherrett
7bb122fd-048f-400f-9d76-94329e98133d,7fddbede-9cbf-4436-9845-1db1739b2476,Harry Schoenberg,MID,https://fantasy.afl.com.au/assets/media/players/afl/1008543_450.png,2026-02-26 00:25:45.873242+00,48,,,0,1008543,west-coast-eagles,West Coast Eagles,https://fantasy.afl.com.au/assets/media/players/afl/1008543_450.png,Harry Schoenberg,Harry Schoenberg,arrychoenberg
7bdee5c8-8a50-4542-9ac5-8cfe9f95c410,82880eac-b132-4b23-93d7-0ec25ff0a023,Harrison Petty,MID,https://fantasy.afl.com.au/assets/media/players/afl/1008893_450.png,2026-02-26 00:25:46.196086+00,35,,,0,1008893,melbourne-demons,Melbourne Demons,https://fantasy.afl.com.au/assets/media/players/afl/1008893_450.png,Harrison Petty,Harrison Petty,arrisonetty
7bf4c97a-732c-4916-8c3e-3e6e13e4ad30,6d7d39fb-1136-4cc8-a68c-bb6a284f2245,Jordan Dawson,MID,https://fantasy.afl.com.au/assets/media/players/afl/992242_450.png,2026-02-26 00:25:45.873242+00,12,,,0,992242,adelaide-crows,Adelaide Crows,https://fantasy.afl.com.au/assets/media/players/afl/992242_450.png,Jordan Dawson,Jordan Dawson,ordanawson
7c2e5a3f-f297-4a1d-b48b-c64a2650ce68,7fddbede-9cbf-4436-9845-1db1739b2476,Clay Hall,RUCK,https://fantasy.afl.com.au/assets/media/players/afl/1024188_450.png,2026-02-26 00:25:45.873242+00,29,,,0,1024188,west-coast-eagles,West Coast Eagles,https://fantasy.afl.com.au/assets/media/players/afl/1024188_450.png,Clay Hall,Clay Hall,layall
7c69258f-707f-44c4-aa7f-4fcca59e2e05,82880eac-b132-4b23-93d7-0ec25ff0a023,Caleb Windsor,DEF,https://fantasy.afl.com.au/assets/media/players/afl/1027821_450.png,2026-02-26 00:25:45.873242+00,6,,,0,1027821,melbourne-demons,Melbourne Demons,https://fantasy.afl.com.au/assets/media/players/afl/1027821_450.png,Caleb Windsor,Caleb Windsor,alebindsor
7c69bf00-a80b-4740-86c2-345458b84a3c,85de4282-cc6a-4db6-b4f6-8520b69c38de,Robert Hansen Jr,MID,https://fantasy.afl.com.au/assets/media/players/afl/1023144_450.png,2026-02-26 00:25:46.196086+00,46,,,0,1023144,north-melbourne-kangaroos,North Melbourne Kangaroos,https://fantasy.afl.com.au/assets/media/players/afl/1023144_450.png,Robert Hansen Jr,Robert Hansen Jr,obertansenr
7cd8bf67-5b09-44ea-bbcb-58199b3582cc,,Tom Fullarton,,https://fantasy.afl.com.au/assets/media/players/afl/1013532_450.png,2026-02-26 00:25:45.873242+00,,,,0,1013532,,,https://fantasy.afl.com.au/assets/media/players/afl/1013532_450.png,Tom Fullarton,Tom Fullarton,omullarton
7cec5696-1f28-4928-a559-837dec9b7dd7,38694aa4-7f1c-4a5f-b306-d094532ae24a,Harrison Jones,FWD,https://fantasy.afl.com.au/assets/media/players/afl/1011755_450.png,2026-02-26 00:25:45.873242+00,23,,,0,1011755,essendon-bombers,Essendon Bombers,https://fantasy.afl.com.au/assets/media/players/afl/1011755_450.png,Harrison Jones,Harrison Jones,arrisonones
7d19cfd8-2b72-4076-82bd-2df8a902d546,0a73bf79-7321-4fd5-8b67-90fffabdcf01,Ollie Murphy,MID,https://fantasy.afl.com.au/assets/media/players/afl/1027990_450.png,2026-02-26 00:25:46.196086+00,33,,,0,1027990,fremantle-dockers,Fremantle Dockers,https://fantasy.afl.com.au/assets/media/players/afl/1027990_450.png,Ollie Murphy,Ollie Murphy,llieurphy
7d1e01dc-3fb2-466f-9472-b6158ed103f7,914ab50f-d78d-4a28-aaef-6e4db1410600,Isaac Keeler,MID,https://fantasy.afl.com.au/assets/media/players/afl/1015323_450.png,2026-02-26 00:25:46.196086+00,17,,,0,1015323,st-kilda-saints,St Kilda Saints,https://fantasy.afl.com.au/assets/media/players/afl/1015323_450.png,Isaac Keeler,Isaac Keeler,saaceeler
7d674760-a57f-498c-801c-8224c14df3a2,d991371b-e2f7-4c95-ad7c-52ea89b07d7b,Jarman Impey,DEF,https://fantasy.afl.com.au/assets/media/players/afl/296254_450.png,2026-02-26 00:25:45.873242+00,4,,,0,296254,hawthorn-hawks,Hawthorn Hawks,https://fantasy.afl.com.au/assets/media/players/afl/296254_450.png,Jarman Impey,Jarman Impey,armanmpey
7da1199d-ad7e-4d68-8fd9-924a847e4ddf,6d7d39fb-1136-4cc8-a68c-bb6a284f2245,Hugh Bond,FWD,https://fantasy.afl.com.au/assets/media/players/afl/1023534_450.png,2026-02-26 00:25:46.196086+00,21,,,0,1023534,adelaide-crows,Adelaide Crows,https://fantasy.afl.com.au/assets/media/players/afl/1023534_450.png,Hugh Bond,Hugh Bond,ughond
7db1c527-ae1e-4745-b264-aae3f3bd7695,6e06405b-7cff-4d56-b852-48cc980c21bb,Mykelti Lefau,MID,https://fantasy.afl.com.au/assets/media/players/afl/1008747_450.png,2026-02-26 00:25:46.196086+00,42,,,0,1008747,richmond-tigers,Richmond Tigers,https://fantasy.afl.com.au/assets/media/players/afl/1008747_450.png,Mykelti Lefau,Mykelti Lefau,ykeltiefau
7e292012-5e42-46a8-98c9-cc71b866d174,0d8207f2-c6ac-43c7-b3b1-154eb1648fe5,Max Gruzewski,MID,https://fantasy.afl.com.au/assets/media/players/afl/1027921_450.png,2026-02-26 00:25:46.196086+00,35,,,0,1027921,gws-giants,GWS Giants,https://fantasy.afl.com.au/assets/media/players/afl/1027921_450.png,Max Gruzewski,Max Gruzewski,axruzewski
7e3530f9-3c3b-422d-8adf-eae3d993410e,4a0822e2-ed7a-4fc4-8e70-bd1d1b92d3f8,Noah Howes,MID,https://fantasy.afl.com.au/assets/media/players/afl/1022614_450.png,2026-02-26 00:25:46.196086+00,40,,,0,1022614,collingwood-magpies,Collingwood Magpies,https://fantasy.afl.com.au/assets/media/players/afl/1022614_450.png,Noah Howes,Noah Howes,oahowes
7e47b8d3-f596-4856-9d10-b1a7869ab4b1,38694aa4-7f1c-4a5f-b306-d094532ae24a,Brayden Fiorini,DEF,https://fantasy.afl.com.au/assets/media/players/afl/993799_450.png,2026-02-26 00:25:45.873242+00,8,,,0,993799,essendon-bombers,Essendon Bombers,https://fantasy.afl.com.au/assets/media/players/afl/993799_450.png,Brayden Fiorini,Brayden Fiorini,raydeniorini
7e88395f-d87d-4633-91f2-8b37a96d14a5,,Indhi Kirk,,https://fantasy.afl.com.au/assets/media/players/afl/1027058_450.png,2026-02-26 00:25:46.196086+00,,,,0,1027058,,,https://fantasy.afl.com.au/assets/media/players/afl/1027058_450.png,Indhi Kirk,Indhi Kirk,ndhiirk
7ef53003-c5e5-4ce5-affc-fcfb55e74f86,4a0822e2-ed7a-4fc4-8e70-bd1d1b92d3f8,Steele Sidebottom,FWD,https://fantasy.afl.com.au/assets/media/players/afl/280965_450.png,2026-02-26 00:25:45.873242+00,22,,,0,280965,collingwood-magpies,Collingwood Magpies,https://fantasy.afl.com.au/assets/media/players/afl/280965_450.png,Steele Sidebottom,Steele Sidebottom,teeleidebottom
7f0be5aa-b0cb-475f-9cde-470fe569cea6,5a697f25-65ef-4a40-9446-c813bbd624dc,Tom Papley,MID,https://fantasy.afl.com.au/assets/media/players/afl/996765_450.png,2026-02-26 00:25:45.873242+00,11,,,0,996765,sydney-swans,Sydney Swans,https://fantasy.afl.com.au/assets/media/players/afl/996765_450.png,Tom Papley,Tom Papley,omapley
7f281a17-4ffe-4bd4-af16-3fbae017e237,d991371b-e2f7-4c95-ad7c-52ea89b07d7b,Josh Ward,FWD,https://fantasy.afl.com.au/assets/media/players/afl/1017110_450.png,2026-02-26 00:25:45.873242+00,25,,,0,1017110,hawthorn-hawks,Hawthorn Hawks,https://fantasy.afl.com.au/assets/media/players/afl/1017110_450.png,Josh Ward,Josh Ward,oshard
7f5ec818-fdad-43d1-af03-99eeaed49d3a,7fddbede-9cbf-4436-9845-1db1739b2476,Ryan Maric,FWD,https://fantasy.afl.com.au/assets/media/players/afl/1029416_450.png,2026-02-26 00:25:46.196086+00,23,,,0,1029416,west-coast-eagles,West Coast Eagles,https://fantasy.afl.com.au/assets/media/players/afl/1029416_450.png,Ryan Maric,Ryan Maric,yanaric
7f671907-2882-48d7-a023-e12e03245812,914ab50f-d78d-4a28-aaef-6e4db1410600,Rowan Marshall,FWD,https://fantasy.afl.com.au/assets/media/players/afl/992468_450.png,2026-02-26 00:25:45.873242+00,19,,,0,992468,st-kilda-saints,St Kilda Saints,https://fantasy.afl.com.au/assets/media/players/afl/992468_450.png,Rowan Marshall,Rowan Marshall,owanarshall
7f732dac-cc06-48ff-81c4-b6e5476e6492,,Lachlan Keeffe,,https://fantasy.afl.com.au/assets/media/players/afl/290314_450.png,2026-02-26 00:25:45.873242+00,,,,0,290314,,,https://fantasy.afl.com.au/assets/media/players/afl/290314_450.png,Lachlan Keeffe,Lachlan Keeffe,achlaneeffe
7fb03541-8e89-46e0-9a33-d194b5e6e03b,d991371b-e2f7-4c95-ad7c-52ea89b07d7b,Calsher Dear,MID,https://fantasy.afl.com.au/assets/media/players/afl/1032100_450.png,2026-02-26 00:25:46.196086+00,13,,,0,1032100,hawthorn-hawks,Hawthorn Hawks,https://fantasy.afl.com.au/assets/media/players/afl/1032100_450.png,Calsher Dear,Calsher Dear,alsherear
805be536-92c9-4104-86d1-648bd60ea399,,Ben Hobbs,,https://fantasy.afl.com.au/assets/media/players/afl/1017088_450.png,2026-02-26 00:25:45.873242+00,,,,0,1017088,,,https://fantasy.afl.com.au/assets/media/players/afl/1017088_450.png,Ben Hobbs,Ben Hobbs,enobbs
807d9596-04e5-465c-8fc7-09b64df073d9,5a697f25-65ef-4a40-9446-c813bbd624dc,Max King,MID,https://fantasy.afl.com.au/assets/media/players/afl/1006143_450.png,2026-02-26 00:25:45.873242+00,31,,,0,1006143,sydney-swans,Sydney Swans,https://fantasy.afl.com.au/assets/media/players/afl/1006143_450.png,Max King,Max King,axing
8131ace9-18da-44e5-8101-d5c9a79bba7f,6689e156-49a9-4066-a22e-259375fa9b04,Jack Henry,MID,https://fantasy.afl.com.au/assets/media/players/afl/1000937_450.png,2026-02-26 00:25:45.873242+00,38,,,0,1000937,geelong-cats,Geelong Cats,https://fantasy.afl.com.au/assets/media/players/afl/1000937_450.png,Jack Henry,Jack Henry,ackenry
814ac6ff-b719-46bc-b3c6-d3b907e65d43,501a05f7-174e-4a86-8cea-db048be8b646,Hugh McCluggage,DEF,https://fantasy.afl.com.au/assets/media/players/afl/1000978_450.png,2026-02-26 00:25:45.873242+00,6,,,0,1000978,brisbane-lions,Brisbane Lions,https://fantasy.afl.com.au/assets/media/players/afl/1000978_450.png,Hugh McCluggage,Hugh McCluggage,ughcluggage
8165999a-4b58-4bbc-a7d2-ee3dfa438c0a,38694aa4-7f1c-4a5f-b306-d094532ae24a,Ben McKay,MID,https://fantasy.afl.com.au/assets/media/players/afl/1002143_450.png,2026-02-26 00:25:46.196086+00,32,,,0,1002143,essendon-bombers,Essendon Bombers,https://fantasy.afl.com.au/assets/media/players/afl/1002143_450.png,Ben McKay,Ben McKay,encay
818b9cc6-d9f7-4f11-875a-517fcd63a832,8953891c-6af3-4f31-8386-7340f0c27f9c,Daniel Rioli,MID,https://fantasy.afl.com.au/assets/media/players/afl/1000981_450.png,2026-02-26 00:25:45.873242+00,17,,,0,1000981,gold-coast-suns,Gold Coast Suns,https://fantasy.afl.com.au/assets/media/players/afl/1000981_450.png,Daniel Rioli,Daniel Rioli,anielioli
81927912-150c-4cbf-adfd-6458f128d517,0d8207f2-c6ac-43c7-b3b1-154eb1648fe5,Josaia Delana,MID,https://fantasy.afl.com.au/assets/media/players/afl/1029030_450.png,2026-02-26 00:25:45.873242+00,38,,,0,1029030,gws-giants,GWS Giants,https://fantasy.afl.com.au/assets/media/players/afl/1029030_450.png,Josaia Delana,Josaia Delana,osaiaelana
8192e54c-bccf-4143-9bfb-342b38956e55,4a0822e2-ed7a-4fc4-8e70-bd1d1b92d3f8,Jakob Ryan,FWD,https://fantasy.afl.com.au/assets/media/players/afl/1020104_450.png,2026-02-26 00:25:46.196086+00,24,,,0,1020104,collingwood-magpies,Collingwood Magpies,https://fantasy.afl.com.au/assets/media/players/afl/1020104_450.png,Jakob Ryan,Jakob Ryan,akobyan
81b16754-d445-4648-a0b4-a33400fc669e,70c32ca0-2bec-4db6-9b70-b8c8327f51c1,Zak Jones,MID,https://fantasy.afl.com.au/assets/media/players/afl/991988_450.png,2026-02-26 00:25:45.873242+00,34,,,0,991988,port-adelaide-power,Port Adelaide Power,https://fantasy.afl.com.au/assets/media/players/afl/991988_450.png,Zak Jones,Zak Jones,akones
824eb64d-8b5d-4c78-83e5-ff366b80a6ee,8953891c-6af3-4f31-8386-7340f0c27f9c,Mac Andrew,DEF,https://fantasy.afl.com.au/assets/media/players/afl/1017396_450.png,2026-02-26 00:25:46.196086+00,1,,,0,1017396,gold-coast-suns,Gold Coast Suns,https://fantasy.afl.com.au/assets/media/players/afl/1017396_450.png,Mac Andrew,Mac Andrew,acndrew
8295780e-11e1-49f5-93a3-6532afeb875e,6e06405b-7cff-4d56-b852-48cc980c21bb,Josh Smillie,MID,https://fantasy.afl.com.au/assets/media/players/afl/1028572_450.png,2026-02-26 00:25:45.873242+00,16,,,0,1028572,richmond-tigers,Richmond Tigers,https://fantasy.afl.com.au/assets/media/players/afl/1028572_450.png,Josh Smillie,Josh Smillie,oshmillie
83168787-f423-4fc8-b9f6-8b882af3495a,5a697f25-65ef-4a40-9446-c813bbd624dc,Justin McInerney,FWD,https://fantasy.afl.com.au/assets/media/players/afl/1011936_450.png,2026-02-26 00:25:45.873242+00,27,,,0,1011936,sydney-swans,Sydney Swans,https://fantasy.afl.com.au/assets/media/players/afl/1011936_450.png,Justin McInerney,Justin McInerney,ustincnerney
83b9f80f-e1a5-450e-997a-920cabf4071c,5a697f25-65ef-4a40-9446-c813bbd624dc,James Rowbottom,DEF,https://fantasy.afl.com.au/assets/media/players/afl/1006126_450.png,2026-02-26 00:25:45.873242+00,8,,,0,1006126,sydney-swans,Sydney Swans,https://fantasy.afl.com.au/assets/media/players/afl/1006126_450.png,James Rowbottom,James Rowbottom,amesowbottom
83ba2a58-dfba-4755-a657-7d517ad50e2b,f70ca36c-612b-439f-850f-4a31fd2df499,Hudson O'Keeffe,MID,https://fantasy.afl.com.au/assets/media/players/afl/1023489_450.png,2026-02-26 00:25:45.873242+00,40,,,0,1023489,carlton-blues,Carlton Blues,https://fantasy.afl.com.au/assets/media/players/afl/1023489_450.png,Hudson O'Keeffe,Hudson O'Keeffe,udsoneeffe
84915a97-407b-4d45-9bfe-8ed20b03286f,5a697f25-65ef-4a40-9446-c813bbd624dc,Jesse Dattoli,MID,https://fantasy.afl.com.au/assets/media/players/afl/1029589_450.png,2026-02-26 00:25:46.196086+00,9,,,0,1029589,sydney-swans,Sydney Swans,https://fantasy.afl.com.au/assets/media/players/afl/1029589_450.png,Jesse Dattoli,Jesse Dattoli,esseattoli
84d745fb-5496-47fa-84c7-6d9c0d28bdb0,7fddbede-9cbf-4436-9845-1db1739b2476,Jobe Shanahan,MID,https://fantasy.afl.com.au/assets/media/players/afl/1031913_450.png,2026-02-26 00:25:46.196086+00,35,,,0,1031913,west-coast-eagles,West Coast Eagles,https://fantasy.afl.com.au/assets/media/players/afl/1031913_450.png,Jobe Shanahan,Jobe Shanahan,obehanahan
84e256ca-64fb-4347-8d27-733757df26dc,914ab50f-d78d-4a28-aaef-6e4db1410600,Dan Butler,MID,https://fantasy.afl.com.au/assets/media/players/afl/992374_450.png,2026-02-26 00:25:46.196086+00,16,,,0,992374,st-kilda-saints,St Kilda Saints,https://fantasy.afl.com.au/assets/media/players/afl/992374_450.png,Dan Butler,Dan Butler,anutler
84f90c73-4271-48d7-84ea-2d518bc55c9b,501a05f7-174e-4a86-8cea-db048be8b646,Tom Doedee,MID,https://fantasy.afl.com.au/assets/media/players/afl/1000932_450.png,2026-02-26 00:25:45.873242+00,12,,,0,1000932,brisbane-lions,Brisbane Lions,https://fantasy.afl.com.au/assets/media/players/afl/1000932_450.png,Tom Doedee,Tom Doedee,omoedee
850e3562-af0e-4c00-a011-17da390f59ba,7fddbede-9cbf-4436-9845-1db1739b2476,Jamie Cripps,MID,https://fantasy.afl.com.au/assets/media/players/afl/290826_450.png,2026-02-26 00:25:45.873242+00,15,,,0,290826,west-coast-eagles,West Coast Eagles,https://fantasy.afl.com.au/assets/media/players/afl/290826_450.png,Jamie Cripps,Jamie Cripps,amieripps
853a045e-590e-4fb1-ada8-a327873df2d8,914ab50f-d78d-4a28-aaef-6e4db1410600,Callum Wilkie,MID,https://fantasy.afl.com.au/assets/media/players/afl/296422_450.png,2026-02-26 00:25:45.873242+00,44,,,0,296422,st-kilda-saints,St Kilda Saints,https://fantasy.afl.com.au/assets/media/players/afl/296422_450.png,Callum Wilkie,Callum Wilkie,allumilkie
858aa1b4-3799-47f7-8aa9-233dc5c2256c,85de4282-cc6a-4db6-b4f6-8520b69c38de,Jack Darling,FWD,https://fantasy.afl.com.au/assets/media/players/afl/290838_450.png,2026-02-26 00:25:45.873242+00,27,,,0,290838,north-melbourne-kangaroos,North Melbourne Kangaroos,https://fantasy.afl.com.au/assets/media/players/afl/290838_450.png,Jack Darling,Jack Darling,ackarling
8593f2c1-1e33-4912-9f6b-ecdbe0b2205b,,Willie Rioli,,https://fantasy.afl.com.au/assets/media/players/afl/296225_450.png,2026-02-26 00:25:46.196086+00,,,,0,296225,,,https://fantasy.afl.com.au/assets/media/players/afl/296225_450.png,Willie Rioli,Willie Rioli,illieioli
8605988b-86d1-498e-b474-062be1d25aff,914ab50f-d78d-4a28-aaef-6e4db1410600,Anthony Caminiti,MID,https://fantasy.afl.com.au/assets/media/players/afl/1023784_450.png,2026-02-26 00:25:46.196086+00,47,,,0,1023784,st-kilda-saints,St Kilda Saints,https://fantasy.afl.com.au/assets/media/players/afl/1023784_450.png,Anthony Caminiti,Anthony Caminiti,nthonyaminiti
86165615-cbf7-40ea-9405-949f9cd0fad5,,Brynn Teakle,,https://fantasy.afl.com.au/assets/media/players/afl/1007591_450.png,2026-02-26 00:25:46.196086+00,,,,0,1007591,,,https://fantasy.afl.com.au/assets/media/players/afl/1007591_450.png,Brynn Teakle,Brynn Teakle,rynneakle
8704c331-65ac-4efc-8029-8fd9aba86bdd,85de4282-cc6a-4db6-b4f6-8520b69c38de,Finn O'Sullivan,DEF,https://fantasy.afl.com.au/assets/media/players/afl/1028495_450.png,2026-02-26 00:25:45.873242+00,2,,,0,1028495,north-melbourne-kangaroos,North Melbourne Kangaroos,https://fantasy.afl.com.au/assets/media/players/afl/1028495_450.png,Finn O'Sullivan,Finn O'Sullivan,innullivan
877f7971-ee07-4ed8-a5d7-7b2f13702495,0a73bf79-7321-4fd5-8b67-90fffabdcf01,Jeremy Sharp,MID,https://fantasy.afl.com.au/assets/media/players/afl/1009380_450.png,2026-02-26 00:25:45.873242+00,14,,,0,1009380,fremantle-dockers,Fremantle Dockers,https://fantasy.afl.com.au/assets/media/players/afl/1009380_450.png,Jeremy Sharp,Jeremy Sharp,eremyharp
8803ad75-fa59-4d94-9d02-9e1be7ac4b2c,,Aaron Francis,,https://fantasy.afl.com.au/assets/media/players/afl/990816_450.png,2026-02-26 00:25:46.196086+00,,,,0,990816,,,https://fantasy.afl.com.au/assets/media/players/afl/990816_450.png,Aaron Francis,Aaron Francis,aronrancis
88120dc4-f015-44aa-9d3b-0ecb242269c4,f70ca36c-612b-439f-850f-4a31fd2df499,Marc Pittonet,FWD,https://fantasy.afl.com.au/assets/media/players/afl/298290_450.png,2026-02-26 00:25:45.873242+00,27,,,0,298290,carlton-blues,Carlton Blues,https://fantasy.afl.com.au/assets/media/players/afl/298290_450.png,Marc Pittonet,Marc Pittonet,arcittonet
884fa8b9-7ca0-4b3f-ba77-24019252a392,6689e156-49a9-4066-a22e-259375fa9b04,Connor O'Sullivan,MID,https://fantasy.afl.com.au/assets/media/players/afl/1027877_450.png,2026-02-26 00:25:46.196086+00,14,,,0,1027877,geelong-cats,Geelong Cats,https://fantasy.afl.com.au/assets/media/players/afl/1027877_450.png,Connor O'Sullivan,Connor O'Sullivan,onnorullivan
88b1e4d0-e8e2-42f4-9f65-66575cdc9d83,8953891c-6af3-4f31-8386-7340f0c27f9c,Jake Rogers,FWD,https://fantasy.afl.com.au/assets/media/players/afl/1018123_450.png,2026-02-26 00:25:46.196086+00,29,,,0,1018123,gold-coast-suns,Gold Coast Suns,https://fantasy.afl.com.au/assets/media/players/afl/1018123_450.png,Jake Rogers,Jake Rogers,akeogers
892eaee2-25c3-488a-9b45-784ce8a2aae0,7fddbede-9cbf-4436-9845-1db1739b2476,Archer Reid,FWD,https://fantasy.afl.com.au/assets/media/players/afl/1027693_450.png,2026-02-26 00:25:46.196086+00,22,,,0,1027693,west-coast-eagles,West Coast Eagles,https://fantasy.afl.com.au/assets/media/players/afl/1027693_450.png,Archer Reid,Archer Reid,rchereid
8988be00-3748-4d8c-bff2-6338d8fb926d,501a05f7-174e-4a86-8cea-db048be8b646,Luke Lloyd,FWD,https://fantasy.afl.com.au/assets/media/players/afl/1027985_450.png,2026-02-26 00:25:46.196086+00,19,,,0,1027985,brisbane-lions,Brisbane Lions,https://fantasy.afl.com.au/assets/media/players/afl/1027985_450.png,Luke Lloyd,Luke Lloyd,ukeloyd
89a4089f-0994-4447-b156-0ec3c8ce2dd3,85de4282-cc6a-4db6-b4f6-8520b69c38de,Charlie Comben,RUCK,https://fantasy.afl.com.au/assets/media/players/afl/1015781_450.png,2026-02-26 00:25:45.873242+00,30,,,0,1015781,north-melbourne-kangaroos,North Melbourne Kangaroos,https://fantasy.afl.com.au/assets/media/players/afl/1015781_450.png,Charlie Comben,Charlie Comben,harlieomben
89b28316-e494-411b-ba42-87555c7e33b5,7fddbede-9cbf-4436-9845-1db1739b2476,Sandy Brock,MID,https://fantasy.afl.com.au/assets/media/players/afl/1013315_450.png,2026-02-26 00:25:46.196086+00,41,,,0,1013315,west-coast-eagles,West Coast Eagles,https://fantasy.afl.com.au/assets/media/players/afl/1013315_450.png,Sandy Brock,Sandy Brock,andyrock
8a8a40e1-d34e-4301-9a27-97a934128192,38694aa4-7f1c-4a5f-b306-d094532ae24a,Zach Reid,MID,https://fantasy.afl.com.au/assets/media/players/afl/1012817_450.png,2026-02-26 00:25:46.196086+00,31,,,0,1012817,essendon-bombers,Essendon Bombers,https://fantasy.afl.com.au/assets/media/players/afl/1012817_450.png,Zach Reid,Zach Reid,acheid
8ac44e58-b1c4-48c4-a194-9e0b30ffd7f2,82880eac-b132-4b23-93d7-0ec25ff0a023,Tom McDonald,FWD,https://fantasy.afl.com.au/assets/media/players/afl/291533_450.png,2026-02-26 00:25:45.873242+00,25,,,0,291533,melbourne-demons,Melbourne Demons,https://fantasy.afl.com.au/assets/media/players/afl/291533_450.png,Tom McDonald,Tom McDonald,omconald
8b0c00d4-eae9-4d34-b3cb-eeb12234271d,4a0822e2-ed7a-4fc4-8e70-bd1d1b92d3f8,William Hayes,MID,https://fantasy.afl.com.au/assets/media/players/afl/1032922_450.png,2026-02-26 00:25:46.196086+00,39,,,0,1032922,collingwood-magpies,Collingwood Magpies,https://fantasy.afl.com.au/assets/media/players/afl/1032922_450.png,William Hayes,William Hayes,illiamayes
8ba16e02-ba37-450d-9389-6d4f4b810ba9,,Mate Colina,,https://fantasy.afl.com.au/assets/media/players/afl/1021660_450.png,2026-02-26 00:25:45.873242+00,,,,0,1021660,,,https://fantasy.afl.com.au/assets/media/players/afl/1021660_450.png,Mate Colina,Mate Colina,ateolina
8be7dd81-d160-463e-aaea-f5eda01ba9a8,7fddbede-9cbf-4436-9845-1db1739b2476,Deven Robertson,MID,https://fantasy.afl.com.au/assets/media/players/afl/1009385_450.png,2026-02-26 00:25:46.196086+00,40,,,0,1009385,west-coast-eagles,West Coast Eagles,https://fantasy.afl.com.au/assets/media/players/afl/1009385_450.png,Deven Robertson,Deven Robertson,evenobertson
8c6940f1-a851-40aa-abcf-6f6d9033fed6,501a05f7-174e-4a86-8cea-db048be8b646,Darcy Gardiner,FWD,https://fantasy.afl.com.au/assets/media/players/afl/296269_450.png,2026-02-26 00:25:46.196086+00,27,,,0,296269,brisbane-lions,Brisbane Lions,https://fantasy.afl.com.au/assets/media/players/afl/296269_450.png,Darcy Gardiner,Darcy Gardiner,arcyardiner
8c964036-e831-4b9d-8f4c-081221dde870,f70ca36c-612b-439f-850f-4a31fd2df499,Jordan Boyd,MID,https://fantasy.afl.com.au/assets/media/players/afl/1002795_450.png,2026-02-26 00:25:45.873242+00,37,,,0,1002795,carlton-blues,Carlton Blues,https://fantasy.afl.com.au/assets/media/players/afl/1002795_450.png,Jordan Boyd,Jordan Boyd,ordanoyd
8d0a1d5f-25ed-4809-8969-6dec1d7ef962,6e06405b-7cff-4d56-b852-48cc980c21bb,Nathan Broad,MID,https://fantasy.afl.com.au/assets/media/players/afl/295203_450.png,2026-02-26 00:25:45.873242+00,35,,,0,295203,richmond-tigers,Richmond Tigers,https://fantasy.afl.com.au/assets/media/players/afl/295203_450.png,Nathan Broad,Nathan Broad,athanroad
8df2c38a-90c7-4b93-92d7-6d91845bb514,7fddbede-9cbf-4436-9845-1db1739b2476,Liam Duggan,MID,https://fantasy.afl.com.au/assets/media/players/afl/298268_450.png,2026-02-26 00:25:45.873242+00,14,,,0,298268,west-coast-eagles,West Coast Eagles,https://fantasy.afl.com.au/assets/media/players/afl/298268_450.png,Liam Duggan,Liam Duggan,iamuggan
8e053e1e-c93b-46e4-baac-f5984377ccab,d991371b-e2f7-4c95-ad7c-52ea89b07d7b,Nick Watson,DEF,https://fantasy.afl.com.au/assets/media/players/afl/1023473_450.png,2026-02-26 00:25:45.873242+00,5,,,0,1023473,hawthorn-hawks,Hawthorn Hawks,https://fantasy.afl.com.au/assets/media/players/afl/1023473_450.png,Nick Watson,Nick Watson,ickatson
8e20857d-31ff-4e08-946e-ac7e4795ba14,0ceb3e8b-4504-4ddd-b7c6-e2bf4215eada,Oskar Baker,MID,https://fantasy.afl.com.au/assets/media/players/afl/1008855_450.png,2026-02-26 00:25:45.873242+00,13,,,0,1008855,western-bulldogs,Western Bulldogs,https://fantasy.afl.com.au/assets/media/players/afl/1008855_450.png,Oskar Baker,Oskar Baker,skaraker
8f270268-0d90-4b73-a3bf-97ff30653825,0d8207f2-c6ac-43c7-b3b1-154eb1648fe5,Nicholas Madden,MID,https://fantasy.afl.com.au/assets/media/players/afl/1023743_450.png,2026-02-26 00:25:45.873242+00,41,,,0,1023743,gws-giants,GWS Giants,https://fantasy.afl.com.au/assets/media/players/afl/1023743_450.png,Nicholas Madden,Nicholas Madden,icholasadden
8f8501ef-d279-4656-bf00-0b823ac17f38,85de4282-cc6a-4db6-b4f6-8520b69c38de,Zane Duursma,DEF,https://fantasy.afl.com.au/assets/media/players/afl/1023494_450.png,2026-02-26 00:25:46.196086+00,7,,,0,1023494,north-melbourne-kangaroos,North Melbourne Kangaroos,https://fantasy.afl.com.au/assets/media/players/afl/1023494_450.png,Zane Duursma,Zane Duursma,aneuursma
8f9df9ac-b72b-43e6-b1d8-e706cdd2a88b,6e06405b-7cff-4d56-b852-48cc980c21bb,Sam Banks,DEF,https://fantasy.afl.com.au/assets/media/players/afl/1013197_450.png,2026-02-26 00:25:45.873242+00,6,,,0,1013197,richmond-tigers,Richmond Tigers,https://fantasy.afl.com.au/assets/media/players/afl/1013197_450.png,Sam Banks,Sam Banks,amanks
9030e225-7d9c-4d25-a58f-710ccd9f0afe,0a73bf79-7321-4fd5-8b67-90fffabdcf01,Sean Darcy,DEF,https://fantasy.afl.com.au/assets/media/players/afl/998145_450.png,2026-02-26 00:25:45.873242+00,4,,,0,998145,fremantle-dockers,Fremantle Dockers,https://fantasy.afl.com.au/assets/media/players/afl/998145_450.png,Sean Darcy,Sean Darcy,eanarcy
90a5a96e-b7fd-431d-9701-9026df572e6e,85de4282-cc6a-4db6-b4f6-8520b69c38de,Callum Coleman-Jones,FWD,https://fantasy.afl.com.au/assets/media/players/afl/1000061_450.png,2026-02-26 00:25:46.196086+00,21,,,0,1000061,north-melbourne-kangaroos,North Melbourne Kangaroos,https://fantasy.afl.com.au/assets/media/players/afl/1000061_450.png,Callum Coleman-Jones,Callum Coleman-Jones,allumolemanones
911d13e1-8824-42b7-b8c7-1e68462eddfd,82880eac-b132-4b23-93d7-0ec25ff0a023,Xavier Lindsay,DEF,https://fantasy.afl.com.au/assets/media/players/afl/1028531_450.png,2026-02-26 00:25:45.873242+00,5,,,0,1028531,melbourne-demons,Melbourne Demons,https://fantasy.afl.com.au/assets/media/players/afl/1028531_450.png,Xavier Lindsay,Xavier Lindsay,avierindsay
911f3a3a-6027-47b0-8408-71bc79cb0847,501a05f7-174e-4a86-8cea-db048be8b646,Josh Dunkley,DEF,https://fantasy.afl.com.au/assets/media/players/afl/993834_450.png,2026-02-26 00:25:45.873242+00,5,,,0,993834,brisbane-lions,Brisbane Lions,https://fantasy.afl.com.au/assets/media/players/afl/993834_450.png,Josh Dunkley,Josh Dunkley,oshunkley
91485363-7d5d-4ad4-83de-8a50bcff222a,6689e156-49a9-4066-a22e-259375fa9b04,Brad Close,MID,https://fantasy.afl.com.au/assets/media/players/afl/999326_450.png,2026-02-26 00:25:45.873242+00,45,,,0,999326,geelong-cats,Geelong Cats,https://fantasy.afl.com.au/assets/media/players/afl/999326_450.png,Brad Close,Brad Close,radlose
9178752b-d4c2-40ec-8fb4-696fe44e7b1a,85de4282-cc6a-4db6-b4f6-8520b69c38de,Zac Fisher,MID,https://fantasy.afl.com.au/assets/media/players/afl/999827_450.png,2026-02-26 00:25:45.873242+00,16,,,0,999827,north-melbourne-kangaroos,North Melbourne Kangaroos,https://fantasy.afl.com.au/assets/media/players/afl/999827_450.png,Zac Fisher,Zac Fisher,acisher
91996dbc-e3a1-4065-949a-dbbf9ae84875,5a697f25-65ef-4a40-9446-c813bbd624dc,Joel Amartey,MID,https://fantasy.afl.com.au/assets/media/players/afl/1008091_450.png,2026-02-26 00:25:46.196086+00,36,,,0,1008091,sydney-swans,Sydney Swans,https://fantasy.afl.com.au/assets/media/players/afl/1008091_450.png,Joel Amartey,Joel Amartey,oelmartey
93c5d6e8-540f-40b1-b9ec-48507901a344,0a73bf79-7321-4fd5-8b67-90fffabdcf01,Isaiah Dudley,MID,https://fantasy.afl.com.au/assets/media/players/afl/1011558_450.png,2026-02-26 00:25:46.196086+00,43,,,0,1011558,fremantle-dockers,Fremantle Dockers,https://fantasy.afl.com.au/assets/media/players/afl/1011558_450.png,Isaiah Dudley,Isaiah Dudley,saiahudley
956329fc-ec01-41c8-ad88-906ce923c60c,,Wade Derksen,,https://fantasy.afl.com.au/assets/media/players/afl/1016140_450.png,2026-02-26 00:25:46.196086+00,,,,0,1016140,,,https://fantasy.afl.com.au/assets/media/players/afl/1016140_450.png,Wade Derksen,Wade Derksen,adeerksen
96079b52-933e-4cdc-a3af-d62999cdb6bd,0ceb3e8b-4504-4ddd-b7c6-e2bf4215eada,Laitham Vandermeer,FWD,https://fantasy.afl.com.au/assets/media/players/afl/1005000_450.png,2026-02-26 00:25:46.196086+00,23,,,0,1005000,western-bulldogs,Western Bulldogs,https://fantasy.afl.com.au/assets/media/players/afl/1005000_450.png,Laitham Vandermeer,Laitham Vandermeer,aithamandermeer
963cd0ee-5dbf-4817-bce9-20d7d70d773b,501a05f7-174e-4a86-8cea-db048be8b646,Logan Morris,MID,https://fantasy.afl.com.au/assets/media/players/afl/1028019_450.png,2026-02-26 00:25:46.196086+00,13,,,0,1028019,brisbane-lions,Brisbane Lions,https://fantasy.afl.com.au/assets/media/players/afl/1028019_450.png,Logan Morris,Logan Morris,oganorris
97573253-2f8e-4b04-9cae-ef9ff898c040,7fddbede-9cbf-4436-9845-1db1739b2476,Tim Kelly,MID,https://fantasy.afl.com.au/assets/media/players/afl/295898_450.png,2026-02-26 00:25:45.873242+00,11,,,0,295898,west-coast-eagles,West Coast Eagles,https://fantasy.afl.com.au/assets/media/players/afl/295898_450.png,Tim Kelly,Tim Kelly,imelly
97828282-40ad-4c4f-ab5a-086df18d9d3f,7fddbede-9cbf-4436-9845-1db1739b2476,Tom Gross,FWD,https://fantasy.afl.com.au/assets/media/players/afl/1028561_450.png,2026-02-26 00:25:46.196086+00,27,,,0,1028561,west-coast-eagles,West Coast Eagles,https://fantasy.afl.com.au/assets/media/players/afl/1028561_450.png,Tom Gross,Tom Gross,omross
979cd3a3-11aa-4d85-a7a5-4de00ef6bf5a,82880eac-b132-4b23-93d7-0ec25ff0a023,Harvey Langford,DEF,https://fantasy.afl.com.au/assets/media/players/afl/1028546_450.png,2026-02-26 00:25:45.873242+00,4,,,0,1028546,melbourne-demons,Melbourne Demons,https://fantasy.afl.com.au/assets/media/players/afl/1028546_450.png,Harvey Langford,Harvey Langford,arveyangford
97cee753-bd96-469a-8400-d5d8baff7de2,,Matt Crouch,,https://fantasy.afl.com.au/assets/media/players/afl/297401_450.png,2026-02-26 00:25:45.873242+00,,,,0,297401,,,https://fantasy.afl.com.au/assets/media/players/afl/297401_450.png,Matt Crouch,Matt Crouch,attrouch
98146d56-6c7f-4fd0-be43-a8f39d1f9e36,,Angus McLennan,,https://fantasy.afl.com.au/assets/media/players/afl/1017077_450.png,2026-02-26 00:25:45.873242+00,,,,0,1017077,,,https://fantasy.afl.com.au/assets/media/players/afl/1017077_450.png,Angus McLennan,Angus McLennan,nguscennan
984738d3-cf56-4657-bd68-57b78eaa1eea,6e06405b-7cff-4d56-b852-48cc980c21bb,Jonty Faull,DEF,https://fantasy.afl.com.au/assets/media/players/afl/1028498_450.png,2026-02-26 00:25:46.196086+00,8,,,0,1028498,richmond-tigers,Richmond Tigers,https://fantasy.afl.com.au/assets/media/players/afl/1028498_450.png,Jonty Faull,Jonty Faull,ontyaull
9859bc84-79c9-4680-9a5d-c050e3eabeb3,d991371b-e2f7-4c95-ad7c-52ea89b07d7b,Karl Amon,MID,https://fantasy.afl.com.au/assets/media/players/afl/297354_450.png,2026-02-26 00:25:45.873242+00,10,,,0,297354,hawthorn-hawks,Hawthorn Hawks,https://fantasy.afl.com.au/assets/media/players/afl/297354_450.png,Karl Amon,Karl Amon,arlmon
995ef352-6786-4f8e-912e-65c3e7a6d177,d991371b-e2f7-4c95-ad7c-52ea89b07d7b,Ned Reeves,DEF,https://fantasy.afl.com.au/assets/media/players/afl/1001024_450.png,2026-02-26 00:25:45.873242+00,7,,,0,1001024,hawthorn-hawks,Hawthorn Hawks,https://fantasy.afl.com.au/assets/media/players/afl/1001024_450.png,Ned Reeves,Ned Reeves,edeeves
99996086-7711-4a60-ba45-ba8c0a257247,,Tom Mitchell,,https://fantasy.afl.com.au/assets/media/players/afl/291856_450.png,2026-02-26 00:25:45.873242+00,,,,0,291856,,,https://fantasy.afl.com.au/assets/media/players/afl/291856_450.png,Tom Mitchell,Tom Mitchell,omitchell
9a2a47fe-b6ad-40b2-9a44-176f85365580,914ab50f-d78d-4a28-aaef-6e4db1410600,Jack Carroll,MID,https://fantasy.afl.com.au/assets/media/players/afl/1013233_450.png,2026-02-26 00:25:45.873242+00,18,,,0,1013233,st-kilda-saints,St Kilda Saints,https://fantasy.afl.com.au/assets/media/players/afl/1013233_450.png,Jack Carroll,Jack Carroll,ackarroll
9a43f6b9-22d7-488b-b318-bf589da959cc,7fddbede-9cbf-4436-9845-1db1739b2476,Harry Edwards,MID,https://fantasy.afl.com.au/assets/media/players/afl/1011437_450.png,2026-02-26 00:25:46.196086+00,42,,,0,1011437,west-coast-eagles,West Coast Eagles,https://fantasy.afl.com.au/assets/media/players/afl/1011437_450.png,Harry Edwards,Harry Edwards,arrydwards
9aaac1db-40bd-4822-bfe9-f4aad1da054a,85de4282-cc6a-4db6-b4f6-8520b69c38de,Cameron Zurhaar,MID,https://fantasy.afl.com.au/assets/media/players/afl/998484_450.png,2026-02-26 00:25:45.873242+00,44,,,0,998484,north-melbourne-kangaroos,North Melbourne Kangaroos,https://fantasy.afl.com.au/assets/media/players/afl/998484_450.png,Cameron Zurhaar,Cameron Zurhaar,ameronurhaar
9ae9f084-eb5f-4300-aab8-36eb4ee99b5a,f70ca36c-612b-439f-850f-4a31fd2df499,Lachlan Cowan,DEF,https://fantasy.afl.com.au/assets/media/players/afl/1021353_450.png,2026-02-26 00:25:45.873242+00,2,,,0,1021353,carlton-blues,Carlton Blues,https://fantasy.afl.com.au/assets/media/players/afl/1021353_450.png,Lachlan Cowan,Lachlan Cowan,achlanowan
9b55b5d7-2f42-4157-81cd-140ce56839f4,501a05f7-174e-4a86-8cea-db048be8b646,Jaspa Fletcher,DEF,https://fantasy.afl.com.au/assets/media/players/afl/1023708_450.png,2026-02-26 00:25:45.873242+00,3,,,0,1023708,brisbane-lions,Brisbane Lions,https://fantasy.afl.com.au/assets/media/players/afl/1023708_450.png,Jaspa Fletcher,Jaspa Fletcher,aspaletcher
9bcea431-83b8-42d6-b21e-d3d0b2083dc6,0a73bf79-7321-4fd5-8b67-90fffabdcf01,Jaren Carr,MID,https://fantasy.afl.com.au/assets/media/players/afl/1023047_450.png,2026-02-26 00:25:46.196086+00,38,,,0,1023047,fremantle-dockers,Fremantle Dockers,https://fantasy.afl.com.au/assets/media/players/afl/1023047_450.png,Jaren Carr,Jaren Carr,arenarr
9d3c85d3-1154-4d96-bf48-798dbfe312c2,,Luke Breust,,https://fantasy.afl.com.au/assets/media/players/afl/280744_450.png,2026-02-26 00:25:45.873242+00,,,,0,280744,,,https://fantasy.afl.com.au/assets/media/players/afl/280744_450.png,Luke Breust,Luke Breust,ukereust
9d3cfd0e-ce19-4579-b2dc-4d25de60ae34,38694aa4-7f1c-4a5f-b306-d094532ae24a,Sam Durham,FWD,https://fantasy.afl.com.au/assets/media/players/afl/1015810_450.png,2026-02-26 00:25:45.873242+00,22,,,0,1015810,essendon-bombers,Essendon Bombers,https://fantasy.afl.com.au/assets/media/players/afl/1015810_450.png,Sam Durham,Sam Durham,amurham
9da7c063-233a-4733-86e1-f04471d2c732,70c32ca0-2bec-4db6-9b70-b8c8327f51c1,Mitch Georgiades,MID,https://fantasy.afl.com.au/assets/media/players/afl/1010174_450.png,2026-02-26 00:25:45.873242+00,19,,,0,1010174,port-adelaide-power,Port Adelaide Power,https://fantasy.afl.com.au/assets/media/players/afl/1010174_450.png,Mitch Georgiades,Mitch Georgiades,itcheorgiades
9db8afc1-8f59-4bbd-8da6-07b03eda7613,f70ca36c-612b-439f-850f-4a31fd2df499,Will Hayward,MID,https://fantasy.afl.com.au/assets/media/players/afl/997100_450.png,2026-02-26 00:25:45.873242+00,19,,,0,997100,carlton-blues,Carlton Blues,https://fantasy.afl.com.au/assets/media/players/afl/997100_450.png,Will Hayward,Will Hayward,illayward
9e2422a3-5443-4479-9f2f-a94516425410,38694aa4-7f1c-4a5f-b306-d094532ae24a,Nick Bryan,FWD,https://fantasy.afl.com.au/assets/media/players/afl/1011954_450.png,2026-02-26 00:25:45.873242+00,24,,,0,1011954,essendon-bombers,Essendon Bombers,https://fantasy.afl.com.au/assets/media/players/afl/1011954_450.png,Nick Bryan,Nick Bryan,ickryan
9e43d742-6bd4-4807-89ae-9d286cc8011b,38694aa4-7f1c-4a5f-b306-d094532ae24a,Angus Clarke,MID,https://fantasy.afl.com.au/assets/media/players/afl/1027284_450.png,2026-02-26 00:25:46.196086+00,36,,,0,1027284,essendon-bombers,Essendon Bombers,https://fantasy.afl.com.au/assets/media/players/afl/1027284_450.png,Angus Clarke,Angus Clarke,nguslarke
9e95fedf-140b-4b33-8947-395893576374,0a73bf79-7321-4fd5-8b67-90fffabdcf01,Hugh Davies,MID,https://fantasy.afl.com.au/assets/media/players/afl/1022927_450.png,2026-02-26 00:25:46.196086+00,12,,,0,1022927,fremantle-dockers,Fremantle Dockers,https://fantasy.afl.com.au/assets/media/players/afl/1022927_450.png,Hugh Davies,Hugh Davies,ughavies
9ea6f3ea-9029-4c6c-bc13-5c9b2dd3bf9c,7fddbede-9cbf-4436-9845-1db1739b2476,Noah Long,MID,https://fantasy.afl.com.au/assets/media/players/afl/1023496_450.png,2026-02-26 00:25:46.196086+00,13,,,0,1023496,west-coast-eagles,West Coast Eagles,https://fantasy.afl.com.au/assets/media/players/afl/1023496_450.png,Noah Long,Noah Long,oahong
9eadce79-0c20-41db-8173-60a74d441e7d,f70ca36c-612b-439f-850f-4a31fd2df499,George Hewett,FWD,https://fantasy.afl.com.au/assets/media/players/afl/294036_450.png,2026-02-26 00:25:45.873242+00,29,,,0,294036,carlton-blues,Carlton Blues,https://fantasy.afl.com.au/assets/media/players/afl/294036_450.png,George Hewett,George Hewett,eorgeewett
9ec2cb1d-f1c6-43c0-b62f-d25a36960d91,0d8207f2-c6ac-43c7-b3b1-154eb1648fe5,Harry Himmelberg,FWD,https://fantasy.afl.com.au/assets/media/players/afl/993107_450.png,2026-02-26 00:25:45.873242+00,27,,,0,993107,gws-giants,GWS Giants,https://fantasy.afl.com.au/assets/media/players/afl/993107_450.png,Harry Himmelberg,Harry Himmelberg,arryimmelberg
9f4cc366-ee64-4689-a960-363c723b0aa6,,Will Verrall,,https://fantasy.afl.com.au/assets/media/players/afl/1015473_450.png,2026-02-26 00:25:45.873242+00,,,,0,1015473,,,https://fantasy.afl.com.au/assets/media/players/afl/1015473_450.png,Will Verrall,Will Verrall,illerrall
9fdff77b-d34f-4b0e-b3dd-1c87750b6a12,38694aa4-7f1c-4a5f-b306-d094532ae24a,Mason Redman,FWD,https://fantasy.afl.com.au/assets/media/players/afl/997078_450.png,2026-02-26 00:25:45.873242+00,27,,,0,997078,essendon-bombers,Essendon Bombers,https://fantasy.afl.com.au/assets/media/players/afl/997078_450.png,Mason Redman,Mason Redman,asonedman
a1002bae-cd9b-4e92-9357-bf1a2fe4ab35,4a0822e2-ed7a-4fc4-8e70-bd1d1b92d3f8,Billy Frampton,MID,https://fantasy.afl.com.au/assets/media/players/afl/991773_450.png,2026-02-26 00:25:46.196086+00,17,,,0,991773,collingwood-magpies,Collingwood Magpies,https://fantasy.afl.com.au/assets/media/players/afl/991773_450.png,Billy Frampton,Billy Frampton,illyrampton
a14e8ecf-81fa-4030-b274-fab67d610d9a,85de4282-cc6a-4db6-b4f6-8520b69c38de,Luke Parker,FWD,https://fantasy.afl.com.au/assets/media/players/afl/290778_450.png,2026-02-26 00:25:45.873242+00,26,,,0,290778,north-melbourne-kangaroos,North Melbourne Kangaroos,https://fantasy.afl.com.au/assets/media/players/afl/290778_450.png,Luke Parker,Luke Parker,ukearker
a14e9989-cc3d-4c0b-a327-28ae3922eed7,38694aa4-7f1c-4a5f-b306-d094532ae24a,Archer Day-Wicks,MID,https://fantasy.afl.com.au/assets/media/players/afl/1029265_450.png,2026-02-26 00:25:45.873242+00,44,,,0,1029265,essendon-bombers,Essendon Bombers,https://fantasy.afl.com.au/assets/media/players/afl/1029265_450.png,Archer Day-Wicks,Archer Day-Wicks,rcherayicks
a18b2257-f815-4d68-970d-1dbd76f3a1b2,6e06405b-7cff-4d56-b852-48cc980c21bb,Tim Taranto,MID,https://fantasy.afl.com.au/assets/media/players/afl/998172_450.png,2026-02-26 00:25:45.873242+00,14,,,0,998172,richmond-tigers,Richmond Tigers,https://fantasy.afl.com.au/assets/media/players/afl/998172_450.png,Tim Taranto,Tim Taranto,imaranto
a22c5195-2e0f-42bc-aff1-9ae205e66495,,Lloyd Johnston,,https://fantasy.afl.com.au/assets/media/players/afl/1024666_450.png,2026-02-26 00:25:46.196086+00,,,,0,1024666,,,https://fantasy.afl.com.au/assets/media/players/afl/1024666_450.png,Lloyd Johnston,Lloyd Johnston,loydohnston
a25128fc-a9eb-44af-b45e-306fd774ae55,5a697f25-65ef-4a40-9446-c813bbd624dc,Joel Hamling,RUCK,https://fantasy.afl.com.au/assets/media/players/afl/295222_450.png,2026-02-26 00:25:46.196086+00,29,,,0,295222,sydney-swans,Sydney Swans,https://fantasy.afl.com.au/assets/media/players/afl/295222_450.png,Joel Hamling,Joel Hamling,oelamling
a2ecdb2c-fc89-451e-a41f-56f4124c5ac7,6e06405b-7cff-4d56-b852-48cc980c21bb,Josh Gibcus,MID,https://fantasy.afl.com.au/assets/media/players/afl/1017059_450.png,2026-02-26 00:25:46.196086+00,18,,,0,1017059,richmond-tigers,Richmond Tigers,https://fantasy.afl.com.au/assets/media/players/afl/1017059_450.png,Josh Gibcus,Josh Gibcus,oshibcus
a3c8ab1d-6047-4f41-afb9-870ff8a1676d,85de4282-cc6a-4db6-b4f6-8520b69c38de,Toby Pink,MID,https://fantasy.afl.com.au/assets/media/players/afl/1002138_450.png,2026-02-26 00:25:46.196086+00,32,,,0,1002138,north-melbourne-kangaroos,North Melbourne Kangaroos,https://fantasy.afl.com.au/assets/media/players/afl/1002138_450.png,Toby Pink,Toby Pink,obyink
a4676f50-d3dd-43e9-821a-9c1602d982a4,5a697f25-65ef-4a40-9446-c813bbd624dc,William Green,MID,https://fantasy.afl.com.au/assets/media/players/afl/1027901_450.png,2026-02-26 00:25:45.873242+00,45,,,0,1027901,sydney-swans,Sydney Swans,https://fantasy.afl.com.au/assets/media/players/afl/1027901_450.png,William Green,William Green,illiamreen
a487d01f-5e47-4099-8168-363b3df51cff,,Oliver Sestan,,https://fantasy.afl.com.au/assets/media/players/afl/1029973_450.png,2026-02-26 00:25:46.196086+00,,,,0,1029973,,,https://fantasy.afl.com.au/assets/media/players/afl/1029973_450.png,Oliver Sestan,Oliver Sestan,liverestan
a51a2baa-f9ac-4f72-8f6c-75004b99f767,8953891c-6af3-4f31-8386-7340f0c27f9c,John Noble,DEF,https://fantasy.afl.com.au/assets/media/players/afl/1000072_450.png,2026-02-26 00:25:45.873242+00,2,,,0,1000072,gold-coast-suns,Gold Coast Suns,https://fantasy.afl.com.au/assets/media/players/afl/1000072_450.png,John Noble,John Noble,ohnoble
a557e489-face-41b4-97a9-ee53ffc3b9c8,85de4282-cc6a-4db6-b4f6-8520b69c38de,Luke McDonald,MID,https://fantasy.afl.com.au/assets/media/players/afl/296355_450.png,2026-02-26 00:25:45.873242+00,11,,,0,296355,north-melbourne-kangaroos,North Melbourne Kangaroos,https://fantasy.afl.com.au/assets/media/players/afl/296355_450.png,Luke McDonald,Luke McDonald,ukeconald
a5a85718-a423-49a9-9be5-41a333bc4c25,70c32ca0-2bec-4db6-9b70-b8c8327f51c1,Sam Powell-Pepper,DEF,https://fantasy.afl.com.au/assets/media/players/afl/993979_450.png,2026-02-26 00:25:45.873242+00,2,,,0,993979,port-adelaide-power,Port Adelaide Power,https://fantasy.afl.com.au/assets/media/players/afl/993979_450.png,Sam Powell-Pepper,Sam Powell-Pepper,amowellepper
a5cfe089-ac83-4c4d-a6c6-c1ae4b4affc1,8953891c-6af3-4f31-8386-7340f0c27f9c,Christian Petracca,DEF,https://fantasy.afl.com.au/assets/media/players/afl/298210_450.png,2026-02-26 00:25:45.873242+00,3,,,0,298210,gold-coast-suns,Gold Coast Suns,https://fantasy.afl.com.au/assets/media/players/afl/298210_450.png,Christian Petracca,Christian Petracca,hristianetracca
a7bafb5a-48c8-4989-a2fd-1efc5cbb5b4f,f70ca36c-612b-439f-850f-4a31fd2df499,Ashton Moir,MID,https://fantasy.afl.com.au/assets/media/players/afl/1020097_450.png,2026-02-26 00:25:46.196086+00,43,,,0,1020097,carlton-blues,Carlton Blues,https://fantasy.afl.com.au/assets/media/players/afl/1020097_450.png,Ashton Moir,Ashton Moir,shtonoir
a7efe15a-b828-4573-bcdb-af386fe57b31,6e06405b-7cff-4d56-b852-48cc980c21bb,Tyler Sonsie,MID,https://fantasy.afl.com.au/assets/media/players/afl/1017114_450.png,2026-02-26 00:25:46.196086+00,40,,,0,1017114,richmond-tigers,Richmond Tigers,https://fantasy.afl.com.au/assets/media/players/afl/1017114_450.png,Tyler Sonsie,Tyler Sonsie,yleronsie
a84a04b9-d6be-47db-beb2-2a5a8a45312a,7fddbede-9cbf-4436-9845-1db1739b2476,Reuben Ginbey,DEF,https://fantasy.afl.com.au/assets/media/players/afl/1023025_450.png,2026-02-26 00:25:45.873242+00,7,,,0,1023025,west-coast-eagles,West Coast Eagles,https://fantasy.afl.com.au/assets/media/players/afl/1023025_450.png,Reuben Ginbey,Reuben Ginbey,eubeninbey
a85830ce-7202-4d6a-ac6d-8cf9ebd12bb1,501a05f7-174e-4a86-8cea-db048be8b646,Ryan Lester,MID,https://fantasy.afl.com.au/assets/media/players/afl/291548_450.png,2026-02-26 00:25:45.873242+00,35,,,0,291548,brisbane-lions,Brisbane Lions,https://fantasy.afl.com.au/assets/media/players/afl/291548_450.png,Ryan Lester,Ryan Lester,yanester
a8d4c315-8bff-4b0d-b5db-f9381765fea1,,Marty Hore,,https://fantasy.afl.com.au/assets/media/players/afl/996692_450.png,2026-02-26 00:25:45.873242+00,,,,0,996692,,,https://fantasy.afl.com.au/assets/media/players/afl/996692_450.png,Marty Hore,Marty Hore,artyore
a8d92ccf-43a1-4753-9a48-7db04747d58f,,Thomson Dow,,https://fantasy.afl.com.au/assets/media/players/afl/1009226_450.png,2026-02-26 00:25:45.873242+00,,,,0,1009226,,,https://fantasy.afl.com.au/assets/media/players/afl/1009226_450.png,Thomson Dow,Thomson Dow,homsonow
a927f138-82df-4f49-b3f1-79d488103f3d,6d7d39fb-1136-4cc8-a68c-bb6a284f2245,Reilly O'Brien,MID,https://fantasy.afl.com.au/assets/media/players/afl/297523_450.png,2026-02-26 00:25:45.873242+00,43,,,0,297523,adelaide-crows,Adelaide Crows,https://fantasy.afl.com.au/assets/media/players/afl/297523_450.png,Reilly O'Brien,Reilly O'Brien,eillyrien
aa770a35-9967-4d23-a9f4-3f54fccce01c,d991371b-e2f7-4c95-ad7c-52ea89b07d7b,Henry Hustwaite,MID,https://fantasy.afl.com.au/assets/media/players/afl/1023680_450.png,2026-02-26 00:25:45.873242+00,44,,,0,1023680,hawthorn-hawks,Hawthorn Hawks,https://fantasy.afl.com.au/assets/media/players/afl/1023680_450.png,Henry Hustwaite,Henry Hustwaite,enryustwaite
aa7acb66-084e-48f3-8273-25547e6682c5,8953891c-6af3-4f31-8386-7340f0c27f9c,Ben Jepson,MID,https://fantasy.afl.com.au/assets/media/players/afl/1011950_450.png,2026-02-26 00:25:46.196086+00,44,,,0,1011950,gold-coast-suns,Gold Coast Suns,https://fantasy.afl.com.au/assets/media/players/afl/1011950_450.png,Ben Jepson,Ben Jepson,enepson
aabcf94d-d07e-468e-b190-318573147fdc,0a73bf79-7321-4fd5-8b67-90fffabdcf01,Judd McVee,MID,https://fantasy.afl.com.au/assets/media/players/afl/1017703_450.png,2026-02-26 00:25:45.873242+00,17,,,0,1017703,fremantle-dockers,Fremantle Dockers,https://fantasy.afl.com.au/assets/media/players/afl/1017703_450.png,Judd McVee,Judd McVee,uddcee
aace4e6c-726c-4f50-b654-ca8e5a825494,6689e156-49a9-4066-a22e-259375fa9b04,Cameron Guthrie,MID,https://fantasy.afl.com.au/assets/media/players/afl/290550_450.png,2026-02-26 00:25:45.873242+00,39,,,0,290550,geelong-cats,Geelong Cats,https://fantasy.afl.com.au/assets/media/players/afl/290550_450.png,Cameron Guthrie,Cameron Guthrie,ameronuthrie
ab4d7159-7a30-48c5-93dd-40beb935348e,914ab50f-d78d-4a28-aaef-6e4db1410600,Jack Macrae,DEF,https://fantasy.afl.com.au/assets/media/players/afl/295467_450.png,2026-02-26 00:25:45.873242+00,6,,,0,295467,st-kilda-saints,St Kilda Saints,https://fantasy.afl.com.au/assets/media/players/afl/295467_450.png,Jack Macrae,Jack Macrae,ackacrae
ab7cb624-c0f3-410e-aee9-6c025c1f6410,5a697f25-65ef-4a40-9446-c813bbd624dc,Logan McDonald,DEF,https://fantasy.afl.com.au/assets/media/players/afl/1013230_450.png,2026-02-26 00:25:45.873242+00,6,,,0,1013230,sydney-swans,Sydney Swans,https://fantasy.afl.com.au/assets/media/players/afl/1013230_450.png,Logan McDonald,Logan McDonald,oganconald
ac446a26-6060-4440-ab06-5cbd91cddcc1,,Chris Burgess,,https://fantasy.afl.com.au/assets/media/players/afl/1000068_450.png,2026-02-26 00:25:46.196086+00,,,,0,1000068,,,https://fantasy.afl.com.au/assets/media/players/afl/1000068_450.png,Chris Burgess,Chris Burgess,hrisurgess
ac4c8278-fe68-4ebb-8d6b-037f973e33eb,,Jack Delean,,https://fantasy.afl.com.au/assets/media/players/afl/1019975_450.png,2026-02-26 00:25:46.196086+00,,,,0,1019975,,,https://fantasy.afl.com.au/assets/media/players/afl/1019975_450.png,Jack Delean,Jack Delean,ackelean
acd07237-a618-4558-9869-7e23eea4ad2f,0a73bf79-7321-4fd5-8b67-90fffabdcf01,Shai Bolton,MID,https://fantasy.afl.com.au/assets/media/players/afl/993993_450.png,2026-02-26 00:25:45.873242+00,10,,,0,993993,fremantle-dockers,Fremantle Dockers,https://fantasy.afl.com.au/assets/media/players/afl/993993_450.png,Shai Bolton,Shai Bolton,haiolton
ace6443c-8eef-41eb-af8b-a0fb511a9532,0ceb3e8b-4504-4ddd-b7c6-e2bf4215eada,Bailey Williams,MID,https://fantasy.afl.com.au/assets/media/players/afl/992351_450.png,2026-02-26 00:25:45.873242+00,34,,,0,992351,western-bulldogs,Western Bulldogs,https://fantasy.afl.com.au/assets/media/players/afl/992351_450.png,Bailey Williams,Bailey Williams,aileyilliams
acfcbc12-bd13-464a-9eaa-9a64533d6f8a,70c32ca0-2bec-4db6-9b70-b8c8327f51c1,Jackson Mead,DEF,https://fantasy.afl.com.au/assets/media/players/afl/1005326_450.png,2026-02-26 00:25:45.873242+00,3,,,0,1005326,port-adelaide-power,Port Adelaide Power,https://fantasy.afl.com.au/assets/media/players/afl/1005326_450.png,Jackson Mead,Jackson Mead,acksonead
ad502199-3254-4c00-808c-7e73fcfe3596,4a0822e2-ed7a-4fc4-8e70-bd1d1b92d3f8,Brayden Maynard,DEF,https://fantasy.afl.com.au/assets/media/players/afl/992010_450.png,2026-02-26 00:25:45.873242+00,4,,,0,992010,collingwood-magpies,Collingwood Magpies,https://fantasy.afl.com.au/assets/media/players/afl/992010_450.png,Brayden Maynard,Brayden Maynard,raydenaynard
aec5a811-1371-45bd-8dab-e8c2111557a7,6d7d39fb-1136-4cc8-a68c-bb6a284f2245,James Borlase,MID,https://fantasy.afl.com.au/assets/media/players/afl/1009029_450.png,2026-02-26 00:25:46.196086+00,35,,,0,1009029,adelaide-crows,Adelaide Crows,https://fantasy.afl.com.au/assets/media/players/afl/1009029_450.png,James Borlase,James Borlase,amesorlase
aefedddf-6056-4253-8dbf-eaf3ee7f40a6,914ab50f-d78d-4a28-aaef-6e4db1410600,Hunter Clark,MID,https://fantasy.afl.com.au/assets/media/players/afl/1002264_450.png,2026-02-26 00:25:45.873242+00,11,,,0,1002264,st-kilda-saints,St Kilda Saints,https://fantasy.afl.com.au/assets/media/players/afl/1002264_450.png,Hunter Clark,Hunter Clark,unterlark
af1f1f04-b4d4-4461-a6bb-90f1d3d065ab,7fddbede-9cbf-4436-9845-1db1739b2476,Jack Hutchinson,MID,https://fantasy.afl.com.au/assets/media/players/afl/1036098_450.png,2026-02-26 00:25:46.196086+00,44,,,0,1036098,west-coast-eagles,West Coast Eagles,https://fantasy.afl.com.au/assets/media/players/afl/1036098_450.png,Jack Hutchinson,Jack Hutchinson,ackutchinson
af294008-f5c9-40ce-badf-65af427d5289,,Brandon Ryan,,https://fantasy.afl.com.au/assets/media/players/afl/1012127_450.png,2026-02-26 00:25:46.196086+00,,,,0,1012127,,,https://fantasy.afl.com.au/assets/media/players/afl/1012127_450.png,Brandon Ryan,Brandon Ryan,randonyan
aff4f7f7-a23a-4542-9847-eaebc23e2d61,5a697f25-65ef-4a40-9446-c813bbd624dc,Jake Lloyd,MID,https://fantasy.afl.com.au/assets/media/players/afl/295342_450.png,2026-02-26 00:25:45.873242+00,44,,,0,295342,sydney-swans,Sydney Swans,https://fantasy.afl.com.au/assets/media/players/afl/295342_450.png,Jake Lloyd,Jake Lloyd,akeloyd
affe3cb0-b30c-4abb-b1c5-b0760d805c5e,7fddbede-9cbf-4436-9845-1db1739b2476,Harry Barnett,RUCK,https://fantasy.afl.com.au/assets/media/players/afl/1020057_450.png,2026-02-26 00:25:45.873242+00,30,,,0,1020057,west-coast-eagles,West Coast Eagles,https://fantasy.afl.com.au/assets/media/players/afl/1020057_450.png,Harry Barnett,Harry Barnett,arryarnett
b09b5b88-48e3-4364-8ea3-6055a9250f7c,d991371b-e2f7-4c95-ad7c-52ea89b07d7b,Jack Ginnivan,MID,https://fantasy.afl.com.au/assets/media/players/afl/1012857_450.png,2026-02-26 00:25:45.873242+00,33,,,0,1012857,hawthorn-hawks,Hawthorn Hawks,https://fantasy.afl.com.au/assets/media/players/afl/1012857_450.png,Jack Ginnivan,Jack Ginnivan,ackinnivan
b0edb322-6658-4e35-ad67-df6433c2a1be,d991371b-e2f7-4c95-ad7c-52ea89b07d7b,William McCabe,FWD,https://fantasy.afl.com.au/assets/media/players/afl/1022410_450.png,2026-02-26 00:25:46.196086+00,27,,,0,1022410,hawthorn-hawks,Hawthorn Hawks,https://fantasy.afl.com.au/assets/media/players/afl/1022410_450.png,William McCabe,William McCabe,illiamcabe
b182e113-49f7-4fe0-a9f0-584cf3a5953c,8953891c-6af3-4f31-8386-7340f0c27f9c,Will Graham,FWD,https://fantasy.afl.com.au/assets/media/players/afl/1026960_450.png,2026-02-26 00:25:45.873242+00,26,,,0,1026960,gold-coast-suns,Gold Coast Suns,https://fantasy.afl.com.au/assets/media/players/afl/1026960_450.png,Will Graham,Will Graham,illraham
b1ada801-5d15-4aae-8b9c-f98a16d9b451,38694aa4-7f1c-4a5f-b306-d094532ae24a,Rhys Unwin,MID,https://fantasy.afl.com.au/assets/media/players/afl/1032023_450.png,2026-02-26 00:25:45.873242+00,38,,,0,1032023,essendon-bombers,Essendon Bombers,https://fantasy.afl.com.au/assets/media/players/afl/1032023_450.png,Rhys Unwin,Rhys Unwin,hysnwin
b1c3f27c-fdc1-459c-9b79-7f1079db7d1a,6689e156-49a9-4066-a22e-259375fa9b04,Jake Kolodjashnij,DEF,https://fantasy.afl.com.au/assets/media/players/afl/296291_450.png,2026-02-26 00:25:46.196086+00,8,,,0,296291,geelong-cats,Geelong Cats,https://fantasy.afl.com.au/assets/media/players/afl/296291_450.png,Jake Kolodjashnij,Jake Kolodjashnij,akeolodjashnij
b20e1323-c405-44f2-a23e-9c901c3c0188,70c32ca0-2bec-4db6-9b70-b8c8327f51c1,Zak Butters,MID,https://fantasy.afl.com.au/assets/media/players/afl/1006121_450.png,2026-02-26 00:25:45.873242+00,9,,,0,1006121,port-adelaide-power,Port Adelaide Power,https://fantasy.afl.com.au/assets/media/players/afl/1006121_450.png,Zak Butters,Zak Butters,akutters
b27fc53a-8540-4c01-acac-5326762c194b,6e06405b-7cff-4d56-b852-48cc980c21bb,Steely Green,MID,https://fantasy.afl.com.au/assets/media/players/afl/1023056_450.png,2026-02-26 00:25:46.196086+00,48,,,0,1023056,richmond-tigers,Richmond Tigers,https://fantasy.afl.com.au/assets/media/players/afl/1023056_450.png,Steely Green,Steely Green,teelyreen
b2b39666-d1e5-4e4f-996b-f0f1a08de33e,0d8207f2-c6ac-43c7-b3b1-154eb1648fe5,Harry Rowston,FWD,https://fantasy.afl.com.au/assets/media/players/afl/1021122_450.png,2026-02-26 00:25:46.196086+00,24,,,0,1021122,gws-giants,GWS Giants,https://fantasy.afl.com.au/assets/media/players/afl/1021122_450.png,Harry Rowston,Harry Rowston,arryowston
b3271e20-9a6a-41b4-bb7a-e8f1d251a4d8,5a697f25-65ef-4a40-9446-c813bbd624dc,Charlie Curnow,MID,https://fantasy.afl.com.au/assets/media/players/afl/996731_450.png,2026-02-26 00:25:45.873242+00,35,,,0,996731,sydney-swans,Sydney Swans,https://fantasy.afl.com.au/assets/media/players/afl/996731_450.png,Charlie Curnow,Charlie Curnow,harlieurnow
b349391b-14d3-40e4-8185-d7c726b8eb51,8953891c-6af3-4f31-8386-7340f0c27f9c,Asher Eastham,MID,https://fantasy.afl.com.au/assets/media/players/afl/1028541_450.png,2026-02-26 00:25:46.196086+00,42,,,0,1028541,gold-coast-suns,Gold Coast Suns,https://fantasy.afl.com.au/assets/media/players/afl/1028541_450.png,Asher Eastham,Asher Eastham,sherastham
b363113e-0a60-40ad-8a14-e25f945a9bb2,6d7d39fb-1136-4cc8-a68c-bb6a284f2245,Riley Thilthorpe,DEF,https://fantasy.afl.com.au/assets/media/players/afl/1008384_450.png,2026-02-26 00:25:45.873242+00,7,,,0,1008384,adelaide-crows,Adelaide Crows,https://fantasy.afl.com.au/assets/media/players/afl/1008384_450.png,Riley Thilthorpe,Riley Thilthorpe,ileyhilthorpe
b3889a38-c52b-4d0e-bec6-e158b1287c7a,501a05f7-174e-4a86-8cea-db048be8b646,Henry Smith,FWD,https://fantasy.afl.com.au/assets/media/players/afl/1016189_450.png,2026-02-26 00:25:46.196086+00,25,,,0,1016189,brisbane-lions,Brisbane Lions,https://fantasy.afl.com.au/assets/media/players/afl/1016189_450.png,Henry Smith,Henry Smith,enrymith
b3c7d271-b892-4549-983c-6cb39c132956,70c32ca0-2bec-4db6-9b70-b8c8327f51c1,Brandon Zerk-Thatcher,FWD,https://fantasy.afl.com.au/assets/media/players/afl/1004034_450.png,2026-02-26 00:25:46.196086+00,25,,,0,1004034,port-adelaide-power,Port Adelaide Power,https://fantasy.afl.com.au/assets/media/players/afl/1004034_450.png,Brandon Zerk-Thatcher,Brandon Zerk-Thatcher,randonerkhatcher
b3c9fc1c-d7ae-4a45-b64f-7324fa058876,0ceb3e8b-4504-4ddd-b7c6-e2bf4215eada,Adam Treloar,DEF,https://fantasy.afl.com.au/assets/media/players/afl/291790_450.png,2026-02-26 00:25:45.873242+00,1,,,0,291790,western-bulldogs,Western Bulldogs,https://fantasy.afl.com.au/assets/media/players/afl/291790_450.png,Adam Treloar,Adam Treloar,damreloar
b41ec403-5d79-4e9d-aba2-6b15af70f902,501a05f7-174e-4a86-8cea-db048be8b646,Darcy Wilmot,MID,https://fantasy.afl.com.au/assets/media/players/afl/1017067_450.png,2026-02-26 00:25:45.873242+00,44,,,0,1017067,brisbane-lions,Brisbane Lions,https://fantasy.afl.com.au/assets/media/players/afl/1017067_450.png,Darcy Wilmot,Darcy Wilmot,arcyilmot
b42cfa5c-dbdc-4bb4-9d0b-49cc69260446,d991371b-e2f7-4c95-ad7c-52ea89b07d7b,Josh Weddle,FWD,https://fantasy.afl.com.au/assets/media/players/afl/1027935_450.png,2026-02-26 00:25:46.196086+00,23,,,0,1027935,hawthorn-hawks,Hawthorn Hawks,https://fantasy.afl.com.au/assets/media/players/afl/1027935_450.png,Josh Weddle,Josh Weddle,osheddle
b4c58f9f-e864-494f-abb8-32267a268422,,Dom Sheed,,https://fantasy.afl.com.au/assets/media/players/afl/296296_450.png,2026-02-26 00:25:45.873242+00,,,,0,296296,,,https://fantasy.afl.com.au/assets/media/players/afl/296296_450.png,Dom Sheed,Dom Sheed,omheed
b4d1b06b-6711-4097-b642-a3766b989476,6d7d39fb-1136-4cc8-a68c-bb6a284f2245,Sid Draper,DEF,https://fantasy.afl.com.au/assets/media/players/afl/1022607_450.png,2026-02-26 00:25:45.873242+00,5,,,0,1022607,adelaide-crows,Adelaide Crows,https://fantasy.afl.com.au/assets/media/players/afl/1022607_450.png,Sid Draper,Sid Draper,idraper
b500c34d-aa5d-4513-af44-a027db85b2d1,6e06405b-7cff-4d56-b852-48cc980c21bb,Luke Trainor,MID,https://fantasy.afl.com.au/assets/media/players/afl/1028521_450.png,2026-02-26 00:25:46.196086+00,11,,,0,1028521,richmond-tigers,Richmond Tigers,https://fantasy.afl.com.au/assets/media/players/afl/1028521_450.png,Luke Trainor,Luke Trainor,ukerainor
b5066a20-a9d4-4417-844b-de07c25a8f17,,Jimmy Webster,,https://fantasy.afl.com.au/assets/media/players/afl/290757_450.png,2026-02-26 00:25:45.873242+00,,,,0,290757,,,https://fantasy.afl.com.au/assets/media/players/afl/290757_450.png,Jimmy Webster,Jimmy Webster,immyebster
b51dadae-d5b1-4c1d-a474-4b7ce289e115,6689e156-49a9-4066-a22e-259375fa9b04,Jack Bowes,MID,https://fantasy.afl.com.au/assets/media/players/afl/998260_450.png,2026-02-26 00:25:45.873242+00,12,,,0,998260,geelong-cats,Geelong Cats,https://fantasy.afl.com.au/assets/media/players/afl/998260_450.png,Jack Bowes,Jack Bowes,ackowes
b576c24d-4f10-4c80-ab0e-f598dde64800,914ab50f-d78d-4a28-aaef-6e4db1410600,Max Hall,MID,https://fantasy.afl.com.au/assets/media/players/afl/1020855_450.png,2026-02-26 00:25:45.873242+00,40,,,0,1020855,st-kilda-saints,St Kilda Saints,https://fantasy.afl.com.au/assets/media/players/afl/1020855_450.png,Max Hall,Max Hall,axall
b58c2e17-9de2-4d68-9ed1-02512db63507,70c32ca0-2bec-4db6-9b70-b8c8327f51c1,Ewan Mackinlay,RUCK,https://fantasy.afl.com.au/assets/media/players/afl/1027887_450.png,2026-02-26 00:25:46.196086+00,31,,,0,1027887,port-adelaide-power,Port Adelaide Power,https://fantasy.afl.com.au/assets/media/players/afl/1027887_450.png,Ewan Mackinlay,Ewan Mackinlay,wanackinlay
b5e95464-54f4-40e4-86b8-65041e561b66,0ceb3e8b-4504-4ddd-b7c6-e2bf4215eada,Marcus Bontempelli,DEF,https://fantasy.afl.com.au/assets/media/players/afl/297373_450.png,2026-02-26 00:25:45.873242+00,4,,,0,297373,western-bulldogs,Western Bulldogs,https://fantasy.afl.com.au/assets/media/players/afl/297373_450.png,Marcus Bontempelli,Marcus Bontempelli,arcusontempelli
b65ec4db-8a5f-4662-ab59-a793bf9ef5bf,0ceb3e8b-4504-4ddd-b7c6-e2bf4215eada,Nick Coffield,MID,https://fantasy.afl.com.au/assets/media/players/afl/1005717_450.png,2026-02-26 00:25:45.873242+00,17,,,0,1005717,western-bulldogs,Western Bulldogs,https://fantasy.afl.com.au/assets/media/players/afl/1005717_450.png,Nick Coffield,Nick Coffield,ickoffield
b6d6eb93-4f14-4322-8a34-dfebf7393c85,7fddbede-9cbf-4436-9845-1db1739b2476,Lucca Grego,MID,https://fantasy.afl.com.au/assets/media/players/afl/1018992_450.png,2026-02-26 00:25:46.196086+00,31,,,0,1018992,west-coast-eagles,West Coast Eagles,https://fantasy.afl.com.au/assets/media/players/afl/1018992_450.png,Lucca Grego,Lucca Grego,uccarego
b7082327-7f8a-413a-bd26-8b854f0ab0e6,6689e156-49a9-4066-a22e-259375fa9b04,Cillian Burke,MID,https://fantasy.afl.com.au/assets/media/players/afl/1039509_450.png,2026-02-26 00:25:46.196086+00,41,,,0,1039509,geelong-cats,Geelong Cats,https://fantasy.afl.com.au/assets/media/players/afl/1039509_450.png,Cillian Burke,Cillian Burke,illianurke
b7759744-1e81-4fb3-9d7e-56d2de6bd117,82880eac-b132-4b23-93d7-0ec25ff0a023,Harry Sharp,RUCK,https://fantasy.afl.com.au/assets/media/players/afl/1007099_450.png,2026-02-26 00:25:45.873242+00,30,,,0,1007099,melbourne-demons,Melbourne Demons,https://fantasy.afl.com.au/assets/media/players/afl/1007099_450.png,Harry Sharp,Harry Sharp,arryharp
b8816838-ef3b-4ad4-aad5-6be5307ddbae,82880eac-b132-4b23-93d7-0ec25ff0a023,Tom Campbell,RUCK,https://fantasy.afl.com.au/assets/media/players/afl/290246_450.png,2026-02-26 00:25:45.873242+00,29,,,0,290246,melbourne-demons,Melbourne Demons,https://fantasy.afl.com.au/assets/media/players/afl/290246_450.png,Tom Campbell,Tom Campbell,omampbell
b9469418-67c1-46bc-89eb-6bf273d1cb04,0a73bf79-7321-4fd5-8b67-90fffabdcf01,Brennan Cox,MID,https://fantasy.afl.com.au/assets/media/players/afl/997033_450.png,2026-02-26 00:25:45.873242+00,36,,,0,997033,fremantle-dockers,Fremantle Dockers,https://fantasy.afl.com.au/assets/media/players/afl/997033_450.png,Brennan Cox,Brennan Cox,rennanox
b94d02c0-311a-48b7-9a0a-d853d531712c,0d8207f2-c6ac-43c7-b3b1-154eb1648fe5,Clayton Oliver,MID,https://fantasy.afl.com.au/assets/media/players/afl/996701_450.png,2026-02-26 00:25:45.873242+00,10,,,0,996701,gws-giants,GWS Giants,https://fantasy.afl.com.au/assets/media/players/afl/996701_450.png,Clayton Oliver,Clayton Oliver,laytonliver
b95eae8b-a71b-4f97-81e7-24c48ebc121a,5a697f25-65ef-4a40-9446-c813bbd624dc,Matt Roberts,MID,https://fantasy.afl.com.au/assets/media/players/afl/1012210_450.png,2026-02-26 00:25:45.873242+00,34,,,0,1012210,sydney-swans,Sydney Swans,https://fantasy.afl.com.au/assets/media/players/afl/1012210_450.png,Matt Roberts,Matt Roberts,attoberts
ba04edd2-461e-4805-8341-e880d752f926,8953891c-6af3-4f31-8386-7340f0c27f9c,Oscar Adams,MID,https://fantasy.afl.com.au/assets/media/players/afl/1015515_450.png,2026-02-26 00:25:46.196086+00,48,,,0,1015515,gold-coast-suns,Gold Coast Suns,https://fantasy.afl.com.au/assets/media/players/afl/1015515_450.png,Oscar Adams,Oscar Adams,scardams
ba1c97f6-5769-4708-b706-7ceb8996e807,,Ricky Mentha,,https://fantasy.afl.com.au/assets/media/players/afl/1029211_450.png,2026-02-26 00:25:46.196086+00,,,,0,1029211,,,https://fantasy.afl.com.au/assets/media/players/afl/1029211_450.png,Ricky Mentha,Ricky Mentha,ickyentha
ba22a2c6-7112-4451-a8a3-0531ae180ca1,0ceb3e8b-4504-4ddd-b7c6-e2bf4215eada,Jordan Croft,MID,https://fantasy.afl.com.au/assets/media/players/afl/1013996_450.png,2026-02-26 00:25:46.196086+00,16,,,0,1013996,western-bulldogs,Western Bulldogs,https://fantasy.afl.com.au/assets/media/players/afl/1013996_450.png,Jordan Croft,Jordan Croft,ordanroft
ba5e4cab-ab5d-4e4a-a1c0-406f1fcf4271,7fddbede-9cbf-4436-9845-1db1739b2476,Brady Hough,FWD,https://fantasy.afl.com.au/assets/media/players/afl/1023167_450.png,2026-02-26 00:25:45.873242+00,19,,,0,1023167,west-coast-eagles,West Coast Eagles,https://fantasy.afl.com.au/assets/media/players/afl/1023167_450.png,Brady Hough,Brady Hough,radyough
ba89d924-a837-4c97-a726-31d08043bab7,4a0822e2-ed7a-4fc4-8e70-bd1d1b92d3f8,Lachie Schultz,DEF,https://fantasy.afl.com.au/assets/media/players/afl/1000860_450.png,2026-02-26 00:25:45.873242+00,8,,,0,1000860,collingwood-magpies,Collingwood Magpies,https://fantasy.afl.com.au/assets/media/players/afl/1000860_450.png,Lachie Schultz,Lachie Schultz,achiechultz
baa2e450-7718-44a6-ae9e-453796d7a97d,70c32ca0-2bec-4db6-9b70-b8c8327f51c1,Jack Lukosius,MID,https://fantasy.afl.com.au/assets/media/players/afl/1004095_450.png,2026-02-26 00:25:45.873242+00,12,,,0,1004095,port-adelaide-power,Port Adelaide Power,https://fantasy.afl.com.au/assets/media/players/afl/1004095_450.png,Jack Lukosius,Jack Lukosius,ackukosius
bb490277-7dc3-4f95-b0e7-047646e46cac,,Taylor Duryea,,https://fantasy.afl.com.au/assets/media/players/afl/290085_450.png,2026-02-26 00:25:45.873242+00,,,,0,290085,,,https://fantasy.afl.com.au/assets/media/players/afl/290085_450.png,Taylor Duryea,Taylor Duryea,ayloruryea
bb51184c-ca90-480e-adeb-0873c7801dff,6689e156-49a9-4066-a22e-259375fa9b04,Oliver Henry,MID,https://fantasy.afl.com.au/assets/media/players/afl/1012860_450.png,2026-02-26 00:25:45.873242+00,36,,,0,1012860,geelong-cats,Geelong Cats,https://fantasy.afl.com.au/assets/media/players/afl/1012860_450.png,Oliver Henry,Oliver Henry,liverenry
bb570653-2418-4cb6-a3e1-ec8223d10a66,0ceb3e8b-4504-4ddd-b7c6-e2bf4215eada,James Harmes,FWD,https://fantasy.afl.com.au/assets/media/players/afl/297899_450.png,2026-02-26 00:25:45.873242+00,22,,,0,297899,western-bulldogs,Western Bulldogs,https://fantasy.afl.com.au/assets/media/players/afl/297899_450.png,James Harmes,James Harmes,amesarmes
bba08b0a-bf80-4ee2-bc05-0eef28d3e0b0,70c32ca0-2bec-4db6-9b70-b8c8327f51c1,Jacob Wehr,MID,https://fantasy.afl.com.au/assets/media/players/afl/1004530_450.png,2026-02-26 00:25:45.873242+00,15,,,0,1004530,port-adelaide-power,Port Adelaide Power,https://fantasy.afl.com.au/assets/media/players/afl/1004530_450.png,Jacob Wehr,Jacob Wehr,acobehr
bbb9ebe4-3969-44b4-b9bc-62d2f4a08b8a,0ceb3e8b-4504-4ddd-b7c6-e2bf4215eada,Arthur Jones,MID,https://fantasy.afl.com.au/assets/media/players/afl/1020586_450.png,2026-02-26 00:25:46.196086+00,32,,,0,1020586,western-bulldogs,Western Bulldogs,https://fantasy.afl.com.au/assets/media/players/afl/1020586_450.png,Arthur Jones,Arthur Jones,rthurones
bbccef8a-31da-4d5b-b610-05255120c3cf,38694aa4-7f1c-4a5f-b306-d094532ae24a,Darcy Parish,DEF,https://fantasy.afl.com.au/assets/media/players/afl/993817_450.png,2026-02-26 00:25:45.873242+00,3,,,0,993817,essendon-bombers,Essendon Bombers,https://fantasy.afl.com.au/assets/media/players/afl/993817_450.png,Darcy Parish,Darcy Parish,arcyarish
bbf817fe-97a0-4c61-be32-8cf0242fd0a6,70c32ca0-2bec-4db6-9b70-b8c8327f51c1,Tom Cochrane,FWD,https://fantasy.afl.com.au/assets/media/players/afl/1022371_450.png,2026-02-26 00:25:46.196086+00,26,,,0,1022371,port-adelaide-power,Port Adelaide Power,https://fantasy.afl.com.au/assets/media/players/afl/1022371_450.png,Tom Cochrane,Tom Cochrane,omochrane
bc4ebb3a-abcf-4877-9604-cd1240a6aafa,0d8207f2-c6ac-43c7-b3b1-154eb1648fe5,Josh Kelly,FWD,https://fantasy.afl.com.au/assets/media/players/afl/296347_450.png,2026-02-26 00:25:45.873242+00,22,,,0,296347,gws-giants,GWS Giants,https://fantasy.afl.com.au/assets/media/players/afl/296347_450.png,Josh Kelly,Josh Kelly,oshelly
bc7787c7-f128-4988-9fe4-baab996be6b4,0d8207f2-c6ac-43c7-b3b1-154eb1648fe5,Cody Angove,FWD,https://fantasy.afl.com.au/assets/media/players/afl/1032619_450.png,2026-02-26 00:25:45.873242+00,29,,,0,1032619,gws-giants,GWS Giants,https://fantasy.afl.com.au/assets/media/players/afl/1032619_450.png,Cody Angove,Cody Angove,odyngove
bd253608-e264-4b90-b2d2-969d22dbaf72,6689e156-49a9-4066-a22e-259375fa9b04,Rory Atkins,RUCK,https://fantasy.afl.com.au/assets/media/players/afl/294472_450.png,2026-02-26 00:25:45.873242+00,30,,,0,294472,geelong-cats,Geelong Cats,https://fantasy.afl.com.au/assets/media/players/afl/294472_450.png,Rory Atkins,Rory Atkins,orytkins
bd32fc9a-4521-43d4-b859-a54ac59c4e4a,501a05f7-174e-4a86-8cea-db048be8b646,Darragh Joyce,MID,https://fantasy.afl.com.au/assets/media/players/afl/1003520_450.png,2026-02-26 00:25:46.196086+00,41,,,0,1003520,brisbane-lions,Brisbane Lions,https://fantasy.afl.com.au/assets/media/players/afl/1003520_450.png,Darragh Joyce,Darragh Joyce,arraghoyce
bd9b7e58-6406-41aa-857a-4b381a5633ae,6d7d39fb-1136-4cc8-a68c-bb6a284f2245,Luke Nankervis,FWD,https://fantasy.afl.com.au/assets/media/players/afl/1021031_450.png,2026-02-26 00:25:45.873242+00,27,,,0,1021031,adelaide-crows,Adelaide Crows,https://fantasy.afl.com.au/assets/media/players/afl/1021031_450.png,Luke Nankervis,Luke Nankervis,ukeankervis
bda742f7-6575-401e-8963-5b72ed1a62c0,0ceb3e8b-4504-4ddd-b7c6-e2bf4215eada,Lachlan Bramble,FWD,https://fantasy.afl.com.au/assets/media/players/afl/1000864_450.png,2026-02-26 00:25:45.873242+00,29,,,0,1000864,western-bulldogs,Western Bulldogs,https://fantasy.afl.com.au/assets/media/players/afl/1000864_450.png,Lachlan Bramble,Lachlan Bramble,achlanramble
be14145e-c8c3-4299-abc9-3d9cc261ae32,6d7d39fb-1136-4cc8-a68c-bb6a284f2245,Brayden Cook,MID,https://fantasy.afl.com.au/assets/media/players/afl/1018335_450.png,2026-02-26 00:25:46.196086+00,15,,,0,1018335,adelaide-crows,Adelaide Crows,https://fantasy.afl.com.au/assets/media/players/afl/1018335_450.png,Brayden Cook,Brayden Cook,raydenook
be430e30-913e-448f-9765-895de011c220,82880eac-b132-4b23-93d7-0ec25ff0a023,Daniel Turner,MID,https://fantasy.afl.com.au/assets/media/players/afl/1020959_450.png,2026-02-26 00:25:46.196086+00,10,,,0,1020959,melbourne-demons,Melbourne Demons,https://fantasy.afl.com.au/assets/media/players/afl/1020959_450.png,Daniel Turner,Daniel Turner,anielurner
be630f31-e555-41e3-9754-9911bff7d013,85de4282-cc6a-4db6-b4f6-8520b69c38de,Riley Hardeman,MID,https://fantasy.afl.com.au/assets/media/players/afl/1023625_450.png,2026-02-26 00:25:46.196086+00,17,,,0,1023625,north-melbourne-kangaroos,North Melbourne Kangaroos,https://fantasy.afl.com.au/assets/media/players/afl/1023625_450.png,Riley Hardeman,Riley Hardeman,ileyardeman
be9d678b-2d41-422a-86b4-dd516ed08d30,0a73bf79-7321-4fd5-8b67-90fffabdcf01,Aiden Riddle,MID,https://fantasy.afl.com.au/assets/media/players/afl/1028228_450.png,2026-02-26 00:25:45.873242+00,42,,,0,1028228,fremantle-dockers,Fremantle Dockers,https://fantasy.afl.com.au/assets/media/players/afl/1028228_450.png,Aiden Riddle,Aiden Riddle,ideniddle
beb911b3-8ecb-41e6-b321-6c6ee1876aa8,,Odin Jones,,https://fantasy.afl.com.au/assets/media/players/afl/1028371_450.png,2026-02-26 00:25:46.196086+00,,,,0,1028371,,,https://fantasy.afl.com.au/assets/media/players/afl/1028371_450.png,Odin Jones,Odin Jones,dinones
bedd7128-161a-4685-8240-b28ebde1ae25,82880eac-b132-4b23-93d7-0ec25ff0a023,Aidan Johnson,MID,https://fantasy.afl.com.au/assets/media/players/afl/1024173_450.png,2026-02-26 00:25:46.196086+00,42,,,0,1024173,melbourne-demons,Melbourne Demons,https://fantasy.afl.com.au/assets/media/players/afl/1024173_450.png,Aidan Johnson,Aidan Johnson,idanohnson
bf0be7c7-c075-4ffa-a650-0e7caddedda6,d991371b-e2f7-4c95-ad7c-52ea89b07d7b,Cam Mackenzie,FWD,https://fantasy.afl.com.au/assets/media/players/afl/1023482_450.png,2026-02-26 00:25:45.873242+00,28,,,0,1023482,hawthorn-hawks,Hawthorn Hawks,https://fantasy.afl.com.au/assets/media/players/afl/1023482_450.png,Cam Mackenzie,Cam Mackenzie,amackenzie
bfc0e3d9-93e2-4df0-b0d9-fcd083169b37,6d7d39fb-1136-4cc8-a68c-bb6a284f2245,Wayne Milera,RUCK,https://fantasy.afl.com.au/assets/media/players/afl/990882_450.png,2026-02-26 00:25:45.873242+00,30,,,0,990882,adelaide-crows,Adelaide Crows,https://fantasy.afl.com.au/assets/media/players/afl/990882_450.png,Wayne Milera,Wayne Milera,ayneilera
c06af899-9e3d-437b-8791-1d9324885bb7,8953891c-6af3-4f31-8386-7340f0c27f9c,Alex Davies,DEF,https://fantasy.afl.com.au/assets/media/players/afl/1013268_450.png,2026-02-26 00:25:45.873242+00,5,,,0,1013268,gold-coast-suns,Gold Coast Suns,https://fantasy.afl.com.au/assets/media/players/afl/1013268_450.png,Alex Davies,Alex Davies,lexavies
c084c85d-2add-4df7-8cfd-68e63b3c9106,85de4282-cc6a-4db6-b4f6-8520b69c38de,Matt Whitlock,MID,https://fantasy.afl.com.au/assets/media/players/afl/1028547_450.png,2026-02-26 00:25:46.196086+00,35,,,0,1028547,north-melbourne-kangaroos,North Melbourne Kangaroos,https://fantasy.afl.com.au/assets/media/players/afl/1028547_450.png,Matt Whitlock,Matt Whitlock,atthitlock
c0c541f3-b7d4-4eed-bd83-9565aa47023e,6d7d39fb-1136-4cc8-a68c-bb6a284f2245,Charlie Edwards,MID,https://fantasy.afl.com.au/assets/media/players/afl/1028671_450.png,2026-02-26 00:25:45.873242+00,11,,,0,1028671,adelaide-crows,Adelaide Crows,https://fantasy.afl.com.au/assets/media/players/afl/1028671_450.png,Charlie Edwards,Charlie Edwards,harliedwards
c0f9138e-6a2a-4f40-8177-213fe3f374aa,914ab50f-d78d-4a28-aaef-6e4db1410600,Bradley Hill,DEF,https://fantasy.afl.com.au/assets/media/players/afl/295584_450.png,2026-02-26 00:25:45.873242+00,8,,,0,295584,st-kilda-saints,St Kilda Saints,https://fantasy.afl.com.au/assets/media/players/afl/295584_450.png,Bradley Hill,Bradley Hill,radleyill
c14e63db-328d-47df-b406-55048178147b,8953891c-6af3-4f31-8386-7340f0c27f9c,Joel Jeffrey,MID,https://fantasy.afl.com.au/assets/media/players/afl/1005992_450.png,2026-02-26 00:25:45.873242+00,40,,,0,1005992,gold-coast-suns,Gold Coast Suns,https://fantasy.afl.com.au/assets/media/players/afl/1005992_450.png,Joel Jeffrey,Joel Jeffrey,oeleffrey
c17bd866-2731-45ed-96f6-a8b234fede88,5a697f25-65ef-4a40-9446-c813bbd624dc,Jai Serong,MID,https://fantasy.afl.com.au/assets/media/players/afl/1017091_450.png,2026-02-26 00:25:46.196086+00,13,,,0,1017091,sydney-swans,Sydney Swans,https://fantasy.afl.com.au/assets/media/players/afl/1017091_450.png,Jai Serong,Jai Serong,aierong
c3e08132-7b6f-427a-baa8-bae9c355cdab,82880eac-b132-4b23-93d7-0ec25ff0a023,Jai Culley,MID,https://fantasy.afl.com.au/assets/media/players/afl/1020802_450.png,2026-02-26 00:25:46.196086+00,13,,,0,1020802,melbourne-demons,Melbourne Demons,https://fantasy.afl.com.au/assets/media/players/afl/1020802_450.png,Jai Culley,Jai Culley,aiulley
c3f43c89-a022-4630-86df-b5072f6a299f,6d7d39fb-1136-4cc8-a68c-bb6a284f2245,Max Michalanney,MID,https://fantasy.afl.com.au/assets/media/players/afl/1015370_450.png,2026-02-26 00:25:45.873242+00,16,,,0,1015370,adelaide-crows,Adelaide Crows,https://fantasy.afl.com.au/assets/media/players/afl/1015370_450.png,Max Michalanney,Max Michalanney,axichalanney
c44b4559-070d-43cd-864c-57d43aae5c4a,4a0822e2-ed7a-4fc4-8e70-bd1d1b92d3f8,Darcy Moore,RUCK,https://fantasy.afl.com.au/assets/media/players/afl/298288_450.png,2026-02-26 00:25:46.196086+00,30,,,0,298288,collingwood-magpies,Collingwood Magpies,https://fantasy.afl.com.au/assets/media/players/afl/298288_450.png,Darcy Moore,Darcy Moore,arcyoore
c45ee84b-5918-436e-bcb4-f6974546af1f,70c32ca0-2bec-4db6-9b70-b8c8327f51c1,Jacob Moss,MID,https://fantasy.afl.com.au/assets/media/players/afl/1038914_450.png,2026-02-26 00:25:46.196086+00,42,,,0,1038914,port-adelaide-power,Port Adelaide Power,https://fantasy.afl.com.au/assets/media/players/afl/1038914_450.png,Jacob Moss,Jacob Moss,acoboss
c4625dcb-665f-4946-bc22-87b31f46cab8,0d8207f2-c6ac-43c7-b3b1-154eb1648fe5,Jake Stringer,FWD,https://fantasy.afl.com.au/assets/media/players/afl/293884_450.png,2026-02-26 00:25:45.873242+00,20,,,0,293884,gws-giants,GWS Giants,https://fantasy.afl.com.au/assets/media/players/afl/293884_450.png,Jake Stringer,Jake Stringer,aketringer
c4a266e3-bcae-4a3d-9194-75b745b6b922,70c32ca0-2bec-4db6-9b70-b8c8327f51c1,Joe Richards,MID,https://fantasy.afl.com.au/assets/media/players/afl/1008239_450.png,2026-02-26 00:25:45.873242+00,35,,,0,1008239,port-adelaide-power,Port Adelaide Power,https://fantasy.afl.com.au/assets/media/players/afl/1008239_450.png,Joe Richards,Joe Richards,oeichards
c4b50e93-20be-47a2-9b88-a83b2f4ca860,f70ca36c-612b-439f-850f-4a31fd2df499,Harry Charleson,FWD,https://fantasy.afl.com.au/assets/media/players/afl/1028496_450.png,2026-02-26 00:25:45.873242+00,28,,,0,1028496,carlton-blues,Carlton Blues,https://fantasy.afl.com.au/assets/media/players/afl/1028496_450.png,Harry Charleson,Harry Charleson,arryharleson
c4be85d8-d4c4-43ce-b15d-796851750e96,82880eac-b132-4b23-93d7-0ec25ff0a023,Max Gawn,MID,https://fantasy.afl.com.au/assets/media/players/afl/290528_450.png,2026-02-26 00:25:45.873242+00,11,,,0,290528,melbourne-demons,Melbourne Demons,https://fantasy.afl.com.au/assets/media/players/afl/290528_450.png,Max Gawn,Max Gawn,axawn
c53019e5-97f2-418b-91df-9a51e026f454,82880eac-b132-4b23-93d7-0ec25ff0a023,Brody Mihocek,FWD,https://fantasy.afl.com.au/assets/media/players/afl/291849_450.png,2026-02-26 00:25:45.873242+00,28,,,0,291849,melbourne-demons,Melbourne Demons,https://fantasy.afl.com.au/assets/media/players/afl/291849_450.png,Brody Mihocek,Brody Mihocek,rodyihocek
c64e603b-eec9-43c6-8411-3e7cc6b5152b,70c32ca0-2bec-4db6-9b70-b8c8327f51c1,Connor Rozee,DEF,https://fantasy.afl.com.au/assets/media/players/afl/1001299_450.png,2026-02-26 00:25:45.873242+00,1,,,0,1001299,port-adelaide-power,Port Adelaide Power,https://fantasy.afl.com.au/assets/media/players/afl/1001299_450.png,Connor Rozee,Connor Rozee,onnorozee
c6609888-718b-4b1b-86ad-f74d938d383b,6d7d39fb-1136-4cc8-a68c-bb6a284f2245,Mark Keane,MID,https://fantasy.afl.com.au/assets/media/players/afl/1013974_450.png,2026-02-26 00:25:45.873242+00,48,,,0,1013974,adelaide-crows,Adelaide Crows,https://fantasy.afl.com.au/assets/media/players/afl/1013974_450.png,Mark Keane,Mark Keane,arkeane
c6f4f8c3-97ac-4898-b512-457f845b3a3a,5a697f25-65ef-4a40-9446-c813bbd624dc,James Jordon,MID,https://fantasy.afl.com.au/assets/media/players/afl/1013409_450.png,2026-02-26 00:25:45.873242+00,17,,,0,1013409,sydney-swans,Sydney Swans,https://fantasy.afl.com.au/assets/media/players/afl/1013409_450.png,James Jordon,James Jordon,amesordon
c7264b54-2c59-429e-9813-3271afd214ee,70c32ca0-2bec-4db6-9b70-b8c8327f51c1,Will Lorenz,MID,https://fantasy.afl.com.au/assets/media/players/afl/1029262_450.png,2026-02-26 00:25:46.196086+00,36,,,0,1029262,port-adelaide-power,Port Adelaide Power,https://fantasy.afl.com.au/assets/media/players/afl/1029262_450.png,Will Lorenz,Will Lorenz,illorenz
c85a0f3e-251d-4867-a8f7-c51b12a5bf68,6d7d39fb-1136-4cc8-a68c-bb6a284f2245,Toby Murray,MID,https://fantasy.afl.com.au/assets/media/players/afl/1020950_450.png,2026-02-26 00:25:46.196086+00,39,,,0,1020950,adelaide-crows,Adelaide Crows,https://fantasy.afl.com.au/assets/media/players/afl/1020950_450.png,Toby Murray,Toby Murray,obyurray
c872aa1b-3d77-4348-bad7-fce547dd489a,d991371b-e2f7-4c95-ad7c-52ea89b07d7b,Connor Macdonald,MID,https://fantasy.afl.com.au/assets/media/players/afl/1017094_450.png,2026-02-26 00:25:45.873242+00,9,,,0,1017094,hawthorn-hawks,Hawthorn Hawks,https://fantasy.afl.com.au/assets/media/players/afl/1017094_450.png,Connor Macdonald,Connor Macdonald,onnoracdonald
c882c59c-6513-4513-bc19-eef8a97625e2,,Geordie Payne,,https://fantasy.afl.com.au/assets/media/players/afl/1027726_450.png,2026-02-26 00:25:45.873242+00,,,,0,1027726,,,https://fantasy.afl.com.au/assets/media/players/afl/1027726_450.png,Geordie Payne,Geordie Payne,eordieayne
c8a2c70b-b6f0-454b-86a2-99fc0ef9fcab,85de4282-cc6a-4db6-b4f6-8520b69c38de,Jacob Konstanty,MID,https://fantasy.afl.com.au/assets/media/players/afl/1023530_450.png,2026-02-26 00:25:46.196086+00,41,,,0,1023530,north-melbourne-kangaroos,North Melbourne Kangaroos,https://fantasy.afl.com.au/assets/media/players/afl/1023530_450.png,Jacob Konstanty,Jacob Konstanty,acobonstanty
c8e1aba1-57f6-47ba-8446-40b0b2f62ac3,4a0822e2-ed7a-4fc4-8e70-bd1d1b92d3f8,Lachlan Sullivan,MID,https://fantasy.afl.com.au/assets/media/players/afl/998480_450.png,2026-02-26 00:25:46.196086+00,33,,,0,998480,collingwood-magpies,Collingwood Magpies,https://fantasy.afl.com.au/assets/media/players/afl/998480_450.png,Lachlan Sullivan,Lachlan Sullivan,achlanullivan
c911729e-d1fb-42f3-9c02-6a8ebbcdb3e2,501a05f7-174e-4a86-8cea-db048be8b646,Charlie Cameron,FWD,https://fantasy.afl.com.au/assets/media/players/afl/990609_450.png,2026-02-26 00:25:45.873242+00,23,,,0,990609,brisbane-lions,Brisbane Lions,https://fantasy.afl.com.au/assets/media/players/afl/990609_450.png,Charlie Cameron,Charlie Cameron,harlieameron
c981c016-0f4b-42c3-bb18-ca754d8fe32e,0d8207f2-c6ac-43c7-b3b1-154eb1648fe5,Kieren Briggs,MID,https://fantasy.afl.com.au/assets/media/players/afl/1008436_450.png,2026-02-26 00:25:45.873242+00,32,,,0,1008436,gws-giants,GWS Giants,https://fantasy.afl.com.au/assets/media/players/afl/1008436_450.png,Kieren Briggs,Kieren Briggs,ierenriggs
c9f37a11-0f48-4f0e-a3b3-45b431b4db31,d991371b-e2f7-4c95-ad7c-52ea89b07d7b,Finn Maginness,FWD,https://fantasy.afl.com.au/assets/media/players/afl/1009421_450.png,2026-02-26 00:25:45.873242+00,20,,,0,1009421,hawthorn-hawks,Hawthorn Hawks,https://fantasy.afl.com.au/assets/media/players/afl/1009421_450.png,Finn Maginness,Finn Maginness,innaginness
ca04b79f-7e55-4c82-9bf2-b4929a5117a4,,Ryan Burton,,https://fantasy.afl.com.au/assets/media/players/afl/992128_450.png,2026-02-26 00:25:45.873242+00,,,,0,992128,,,https://fantasy.afl.com.au/assets/media/players/afl/992128_450.png,Ryan Burton,Ryan Burton,yanurton
ca197b3d-63f8-4c22-86a5-c3c00238281e,5a697f25-65ef-4a40-9446-c813bbd624dc,Tom McCartin,RUCK,https://fantasy.afl.com.au/assets/media/players/afl/1008198_450.png,2026-02-26 00:25:46.196086+00,30,,,0,1008198,sydney-swans,Sydney Swans,https://fantasy.afl.com.au/assets/media/players/afl/1008198_450.png,Tom McCartin,Tom McCartin,omcartin
cae386fa-1141-4097-92af-1cc1c30c9f40,82880eac-b132-4b23-93d7-0ec25ff0a023,Koltyn Tholstrup,MID,https://fantasy.afl.com.au/assets/media/players/afl/1023640_450.png,2026-02-26 00:25:45.873242+00,12,,,0,1023640,melbourne-demons,Melbourne Demons,https://fantasy.afl.com.au/assets/media/players/afl/1023640_450.png,Koltyn Tholstrup,Koltyn Tholstrup,oltynholstrup
cb9d3edb-9044-41d7-927b-15b4f980c2c0,0d8207f2-c6ac-43c7-b3b1-154eb1648fe5,Jayden Laverde,FWD,https://fantasy.afl.com.au/assets/media/players/afl/298280_450.png,2026-02-26 00:25:45.873242+00,25,,,0,298280,gws-giants,GWS Giants,https://fantasy.afl.com.au/assets/media/players/afl/298280_450.png,Jayden Laverde,Jayden Laverde,aydenaverde
cbb9908b-2ae4-4755-ade5-a694c3f99d3f,4a0822e2-ed7a-4fc4-8e70-bd1d1b92d3f8,Beau McCreery,RUCK,https://fantasy.afl.com.au/assets/media/players/afl/1004757_450.png,2026-02-26 00:25:45.873242+00,31,,,0,1004757,collingwood-magpies,Collingwood Magpies,https://fantasy.afl.com.au/assets/media/players/afl/1004757_450.png,Beau McCreery,Beau McCreery,eaucreery
cc5e5a4a-6dc8-410d-b943-66bf6d7c3398,501a05f7-174e-4a86-8cea-db048be8b646,Sam Draper,DEF,https://fantasy.afl.com.au/assets/media/players/afl/1005577_450.png,2026-02-26 00:25:45.873242+00,2,,,0,1005577,brisbane-lions,Brisbane Lions,https://fantasy.afl.com.au/assets/media/players/afl/1005577_450.png,Sam Draper,Sam Draper,amraper
cc5fcb47-9c84-4a8c-8c40-68d3f1d1dfec,914ab50f-d78d-4a28-aaef-6e4db1410600,Mattaes Phillipou,FWD,https://fantasy.afl.com.au/assets/media/players/afl/1020137_450.png,2026-02-26 00:25:45.873242+00,25,,,0,1020137,st-kilda-saints,St Kilda Saints,https://fantasy.afl.com.au/assets/media/players/afl/1020137_450.png,Mattaes Phillipou,Mattaes Phillipou,attaeshillipou
cc6c8c2f-ebde-4a10-8201-d11bd3d03279,0d8207f2-c6ac-43c7-b3b1-154eb1648fe5,Phoenix Gothard,MID,https://fantasy.afl.com.au/assets/media/players/afl/1032042_450.png,2026-02-26 00:25:46.196086+00,11,,,0,1032042,gws-giants,GWS Giants,https://fantasy.afl.com.au/assets/media/players/afl/1032042_450.png,Phoenix Gothard,Phoenix Gothard,hoenixothard
ccdd2b0e-b40a-40fc-a2d3-726407aa2a60,6689e156-49a9-4066-a22e-259375fa9b04,Oisin Mullin,MID,https://fantasy.afl.com.au/assets/media/players/afl/1024982_450.png,2026-02-26 00:25:46.196086+00,34,,,0,1024982,geelong-cats,Geelong Cats,https://fantasy.afl.com.au/assets/media/players/afl/1024982_450.png,Oisin Mullin,Oisin Mullin,isinullin
cd52b443-c90f-491c-b678-f2ac6c5c16ca,6e06405b-7cff-4d56-b852-48cc980c21bb,Rhyan Mansell,DEF,https://fantasy.afl.com.au/assets/media/players/afl/1008478_450.png,2026-02-26 00:25:45.873242+00,7,,,0,1008478,richmond-tigers,Richmond Tigers,https://fantasy.afl.com.au/assets/media/players/afl/1008478_450.png,Rhyan Mansell,Rhyan Mansell,hyanansell
cdd0b8e3-aeb9-460a-8544-3177ae0d1573,,Jed McEntee,,https://fantasy.afl.com.au/assets/media/players/afl/1004819_450.png,2026-02-26 00:25:46.196086+00,,,,0,1004819,,,https://fantasy.afl.com.au/assets/media/players/afl/1004819_450.png,Jed McEntee,Jed McEntee,edcntee
cece01c7-cb7e-49e2-ac6b-ab4e5a248fa7,0a73bf79-7321-4fd5-8b67-90fffabdcf01,Hayden Young,FWD,https://fantasy.afl.com.au/assets/media/players/afl/1009256_450.png,2026-02-26 00:25:45.873242+00,26,,,0,1009256,fremantle-dockers,Fremantle Dockers,https://fantasy.afl.com.au/assets/media/players/afl/1009256_450.png,Hayden Young,Hayden Young,aydenoung
ced2fce0-fbd2-46d9-881a-06a4e3f2db92,,Loch Rawlinson,,https://fantasy.afl.com.au/assets/media/players/afl/1020032_450.png,2026-02-26 00:25:46.196086+00,,,,0,1020032,,,https://fantasy.afl.com.au/assets/media/players/afl/1020032_450.png,Loch Rawlinson,Loch Rawlinson,ochawlinson
cef7acf8-2c18-4ccd-b7b5-dbbedbe75730,82880eac-b132-4b23-93d7-0ec25ff0a023,Bayley Fritsch,MID,https://fantasy.afl.com.au/assets/media/players/afl/1001438_450.png,2026-02-26 00:25:45.873242+00,31,,,0,1001438,melbourne-demons,Melbourne Demons,https://fantasy.afl.com.au/assets/media/players/afl/1001438_450.png,Bayley Fritsch,Bayley Fritsch,ayleyritsch
cf664c38-f0a4-42dd-9b7c-cca41eb922e9,6d7d39fb-1136-4cc8-a68c-bb6a284f2245,Josh Rachele,DEF,https://fantasy.afl.com.au/assets/media/players/afl/1017051_450.png,2026-02-26 00:25:45.873242+00,8,,,0,1017051,adelaide-crows,Adelaide Crows,https://fantasy.afl.com.au/assets/media/players/afl/1017051_450.png,Josh Rachele,Josh Rachele,oshachele
d15b4272-a872-4bb2-b1dd-d66cd1e96e66,6e06405b-7cff-4d56-b852-48cc980c21bb,James Trezise,MID,https://fantasy.afl.com.au/assets/media/players/afl/1031829_450.png,2026-02-26 00:25:45.873242+00,36,,,0,1031829,richmond-tigers,Richmond Tigers,https://fantasy.afl.com.au/assets/media/players/afl/1031829_450.png,James Trezise,James Trezise,amesrezise
d19ea719-1e87-49b6-a4f4-d742bc4d0faf,501a05f7-174e-4a86-8cea-db048be8b646,Kai Lohmann,DEF,https://fantasy.afl.com.au/assets/media/players/afl/1014026_450.png,2026-02-26 00:25:45.873242+00,1,,,0,1014026,brisbane-lions,Brisbane Lions,https://fantasy.afl.com.au/assets/media/players/afl/1014026_450.png,Kai Lohmann,Kai Lohmann,aiohmann
d19f915d-b54a-48bd-b579-d42878d1062b,501a05f7-174e-4a86-8cea-db048be8b646,Noah Answerth,MID,https://fantasy.afl.com.au/assets/media/players/afl/1005053_450.png,2026-02-26 00:25:45.873242+00,43,,,0,1005053,brisbane-lions,Brisbane Lions,https://fantasy.afl.com.au/assets/media/players/afl/1005053_450.png,Noah Answerth,Noah Answerth,oahnswerth
d2aaaac5-50a9-46d2-9348-11f694d47b73,f70ca36c-612b-439f-850f-4a31fd2df499,Adam Saad,MID,https://fantasy.afl.com.au/assets/media/players/afl/295461_450.png,2026-02-26 00:25:45.873242+00,42,,,0,295461,carlton-blues,Carlton Blues,https://fantasy.afl.com.au/assets/media/players/afl/295461_450.png,Adam Saad,Adam Saad,damaad
d2b8b474-d671-4726-9795-1efdfbe9f89e,,Jeremy Finlayson,,https://fantasy.afl.com.au/assets/media/players/afl/298111_450.png,2026-02-26 00:25:46.196086+00,,,,0,298111,,,https://fantasy.afl.com.au/assets/media/players/afl/298111_450.png,Jeremy Finlayson,Jeremy Finlayson,eremyinlayson
d2ef91c2-eb55-45e5-b789-829cc89bddcd,f70ca36c-612b-439f-850f-4a31fd2df499,Ben Camporeale,MID,https://fantasy.afl.com.au/assets/media/players/afl/1027282_450.png,2026-02-26 00:25:45.873242+00,16,,,0,1027282,carlton-blues,Carlton Blues,https://fantasy.afl.com.au/assets/media/players/afl/1027282_450.png,Ben Camporeale,Ben Camporeale,enamporeale
d378a72b-53aa-4da9-988b-5e04bc57f770,0ceb3e8b-4504-4ddd-b7c6-e2bf4215eada,Lachlan McNeil,RUCK,https://fantasy.afl.com.au/assets/media/players/afl/1009015_450.png,2026-02-26 00:25:46.196086+00,30,,,0,1009015,western-bulldogs,Western Bulldogs,https://fantasy.afl.com.au/assets/media/players/afl/1009015_450.png,Lachlan McNeil,Lachlan McNeil,achlanceil
d391f7cc-09d8-484b-b8c5-ce06c5ccd0ba,f70ca36c-612b-439f-850f-4a31fd2df499,Harry McKay,MID,https://fantasy.afl.com.au/assets/media/players/afl/1000953_450.png,2026-02-26 00:25:45.873242+00,10,,,0,1000953,carlton-blues,Carlton Blues,https://fantasy.afl.com.au/assets/media/players/afl/1000953_450.png,Harry McKay,Harry McKay,arrycay
d3aae47e-7595-4aad-b984-bf3c0a06e2c3,6689e156-49a9-4066-a22e-259375fa9b04,Tom Atkins,RUCK,https://fantasy.afl.com.au/assets/media/players/afl/994386_450.png,2026-02-26 00:25:45.873242+00,30,,,0,994386,geelong-cats,Geelong Cats,https://fantasy.afl.com.au/assets/media/players/afl/994386_450.png,Tom Atkins,Tom Atkins,omtkins
d3c2075d-d799-41e8-a000-1e8744108b2c,70c32ca0-2bec-4db6-9b70-b8c8327f51c1,Harrison Ramm,RUCK,https://fantasy.afl.com.au/assets/media/players/afl/1027311_450.png,2026-02-26 00:25:46.196086+00,32,,,0,1027311,port-adelaide-power,Port Adelaide Power,https://fantasy.afl.com.au/assets/media/players/afl/1027311_450.png,Harrison Ramm,Harrison Ramm,arrisonamm
d3cc9257-55c9-4ddc-878e-0b6b5746145d,0ceb3e8b-4504-4ddd-b7c6-e2bf4215eada,Buku Khamis,FWD,https://fantasy.afl.com.au/assets/media/players/afl/998782_450.png,2026-02-26 00:25:46.196086+00,24,,,0,998782,western-bulldogs,Western Bulldogs,https://fantasy.afl.com.au/assets/media/players/afl/998782_450.png,Buku Khamis,Buku Khamis,ukuhamis
d418cd3d-04aa-465f-ae3e-bd4d877c92c3,82880eac-b132-4b23-93d7-0ec25ff0a023,Jack Steele,MID,https://fantasy.afl.com.au/assets/media/players/afl/296205_450.png,2026-02-26 00:25:45.873242+00,9,,,0,296205,melbourne-demons,Melbourne Demons,https://fantasy.afl.com.au/assets/media/players/afl/296205_450.png,Jack Steele,Jack Steele,ackteele
d4e60acf-c86b-486a-bfd6-ae7d6bedf4b1,70c32ca0-2bec-4db6-9b70-b8c8327f51c1,Ollie Lord,FWD,https://fantasy.afl.com.au/assets/media/players/afl/1012881_450.png,2026-02-26 00:25:46.196086+00,30,,,0,1012881,port-adelaide-power,Port Adelaide Power,https://fantasy.afl.com.au/assets/media/players/afl/1012881_450.png,Ollie Lord,Ollie Lord,llieord
d515c75b-9aed-41a0-aa8e-59fffc06a6bd,82880eac-b132-4b23-93d7-0ec25ff0a023,Bailey Laurie,MID,https://fantasy.afl.com.au/assets/media/players/afl/1012826_450.png,2026-02-26 00:25:45.873242+00,16,,,0,1012826,melbourne-demons,Melbourne Demons,https://fantasy.afl.com.au/assets/media/players/afl/1012826_450.png,Bailey Laurie,Bailey Laurie,aileyaurie
d5396cfc-e466-453b-9484-be1cc30c8369,70c32ca0-2bec-4db6-9b70-b8c8327f51c1,Dante Visentini,MID,https://fantasy.afl.com.au/assets/media/players/afl/1017128_450.png,2026-02-26 00:25:45.873242+00,38,,,0,1017128,port-adelaide-power,Port Adelaide Power,https://fantasy.afl.com.au/assets/media/players/afl/1017128_450.png,Dante Visentini,Dante Visentini,anteisentini
d58ef9df-da0b-4702-b3fa-21bb83f86fd1,38694aa4-7f1c-4a5f-b306-d094532ae24a,Zak Johnson,MID,https://fantasy.afl.com.au/assets/media/players/afl/1028519_450.png,2026-02-26 00:25:45.873242+00,40,,,0,1028519,essendon-bombers,Essendon Bombers,https://fantasy.afl.com.au/assets/media/players/afl/1028519_450.png,Zak Johnson,Zak Johnson,akohnson
d5b8467d-e931-43b0-84ea-67d018cdba38,5a697f25-65ef-4a40-9446-c813bbd624dc,Angus Sheldrick,MID,https://fantasy.afl.com.au/assets/media/players/afl/1020339_450.png,2026-02-26 00:25:45.873242+00,12,,,0,1020339,sydney-swans,Sydney Swans,https://fantasy.afl.com.au/assets/media/players/afl/1020339_450.png,Angus Sheldrick,Angus Sheldrick,ngusheldrick
d5ba9edf-bdab-413d-a252-77cc8d125f85,5a697f25-65ef-4a40-9446-c813bbd624dc,Errol Gulden,FWD,https://fantasy.afl.com.au/assets/media/players/afl/1013128_450.png,2026-02-26 00:25:45.873242+00,21,,,0,1013128,sydney-swans,Sydney Swans,https://fantasy.afl.com.au/assets/media/players/afl/1013128_450.png,Errol Gulden,Errol Gulden,rrolulden
d5ed70de-1606-43b9-ac8d-eb2949aaaaf1,0a73bf79-7321-4fd5-8b67-90fffabdcf01,Caleb Serong,DEF,https://fantasy.afl.com.au/assets/media/players/afl/1009420_450.png,2026-02-26 00:25:45.873242+00,3,,,0,1009420,fremantle-dockers,Fremantle Dockers,https://fantasy.afl.com.au/assets/media/players/afl/1009420_450.png,Caleb Serong,Caleb Serong,aleberong
d68cdbcc-ff55-46b8-b665-a26adc5ee878,6689e156-49a9-4066-a22e-259375fa9b04,Joe Pike,MID,https://fantasy.afl.com.au/assets/media/players/afl/1027854_450.png,2026-02-26 00:25:45.873242+00,37,,,0,1027854,geelong-cats,Geelong Cats,https://fantasy.afl.com.au/assets/media/players/afl/1027854_450.png,Joe Pike,Joe Pike,oeike
d698bf4a-6948-47c9-976a-b3d2e7b06392,0a73bf79-7321-4fd5-8b67-90fffabdcf01,Matthew Johnson,MID,https://fantasy.afl.com.au/assets/media/players/afl/1016825_450.png,2026-02-26 00:25:45.873242+00,44,,,0,1016825,fremantle-dockers,Fremantle Dockers,https://fantasy.afl.com.au/assets/media/players/afl/1016825_450.png,Matthew Johnson,Matthew Johnson,atthewohnson
d6d1c8b0-7f39-48e1-b84c-db8e2e3ae39c,914ab50f-d78d-4a28-aaef-6e4db1410600,James Barrat,FWD,https://fantasy.afl.com.au/assets/media/players/afl/1028545_450.png,2026-02-26 00:25:46.196086+00,28,,,0,1028545,st-kilda-saints,St Kilda Saints,https://fantasy.afl.com.au/assets/media/players/afl/1028545_450.png,James Barrat,James Barrat,amesarrat
d7354e9c-aeec-4fc6-9869-449bf57bd3e9,6e06405b-7cff-4d56-b852-48cc980c21bb,Jack Ross,DEF,https://fantasy.afl.com.au/assets/media/players/afl/1006133_450.png,2026-02-26 00:25:45.873242+00,5,,,0,1006133,richmond-tigers,Richmond Tigers,https://fantasy.afl.com.au/assets/media/players/afl/1006133_450.png,Jack Ross,Jack Ross,ackoss
d84e33b5-7b9a-4d93-bf39-67a688e691a8,82880eac-b132-4b23-93d7-0ec25ff0a023,Steven May,DEF,https://fantasy.afl.com.au/assets/media/players/afl/281085_450.png,2026-02-26 00:25:45.873242+00,1,,,0,281085,melbourne-demons,Melbourne Demons,https://fantasy.afl.com.au/assets/media/players/afl/281085_450.png,Steven May,Steven May,tevenay
d87f35f4-bb72-4e4d-b0a4-89c57e66ae46,70c32ca0-2bec-4db6-9b70-b8c8327f51c1,Todd Marshall,DEF,https://fantasy.afl.com.au/assets/media/players/afl/1004998_450.png,2026-02-26 00:25:45.873242+00,4,,,0,1004998,port-adelaide-power,Port Adelaide Power,https://fantasy.afl.com.au/assets/media/players/afl/1004998_450.png,Todd Marshall,Todd Marshall,oddarshall
d8d86d69-162c-4416-8494-92253d5d1f8a,f70ca36c-612b-439f-850f-4a31fd2df499,Nick Haynes,FWD,https://fantasy.afl.com.au/assets/media/players/afl/295265_450.png,2026-02-26 00:25:45.873242+00,26,,,0,295265,carlton-blues,Carlton Blues,https://fantasy.afl.com.au/assets/media/players/afl/295265_450.png,Nick Haynes,Nick Haynes,ickaynes
d8e0e8f5-04b4-440c-8976-cc618f453ea9,0a73bf79-7321-4fd5-8b67-90fffabdcf01,Charlie Nicholls,FWD,https://fantasy.afl.com.au/assets/media/players/afl/1027155_450.png,2026-02-26 00:25:46.196086+00,22,,,0,1027155,fremantle-dockers,Fremantle Dockers,https://fantasy.afl.com.au/assets/media/players/afl/1027155_450.png,Charlie Nicholls,Charlie Nicholls,harlieicholls
d936f42e-0016-4308-b485-c796728e81e6,6689e156-49a9-4066-a22e-259375fa9b04,Jacob Molier,FWD,https://fantasy.afl.com.au/assets/media/players/afl/1027006_450.png,2026-02-26 00:25:45.873242+00,20,,,0,1027006,geelong-cats,Geelong Cats,https://fantasy.afl.com.au/assets/media/players/afl/1027006_450.png,Jacob Molier,Jacob Molier,acobolier
da009c89-2b1f-4e19-85c3-7c05c227cf6b,d991371b-e2f7-4c95-ad7c-52ea89b07d7b,Jai Newcombe,DEF,https://fantasy.afl.com.au/assets/media/players/afl/1020895_450.png,2026-02-26 00:25:45.873242+00,3,,,0,1020895,hawthorn-hawks,Hawthorn Hawks,https://fantasy.afl.com.au/assets/media/players/afl/1020895_450.png,Jai Newcombe,Jai Newcombe,aiewcombe
da02d8a9-cd3d-4c2a-a2f5-a3272d491b28,501a05f7-174e-4a86-8cea-db048be8b646,James Tunstill,RUCK,https://fantasy.afl.com.au/assets/media/players/afl/1021108_450.png,2026-02-26 00:25:46.196086+00,29,,,0,1021108,brisbane-lions,Brisbane Lions,https://fantasy.afl.com.au/assets/media/players/afl/1021108_450.png,James Tunstill,James Tunstill,amesunstill
da1285a0-3af7-4a42-bba4-e55d378d89ce,f70ca36c-612b-439f-850f-4a31fd2df499,Lachie Fogarty,DEF,https://fantasy.afl.com.au/assets/media/players/afl/1002228_450.png,2026-02-26 00:25:46.196086+00,8,,,0,1002228,carlton-blues,Carlton Blues,https://fantasy.afl.com.au/assets/media/players/afl/1002228_450.png,Lachie Fogarty,Lachie Fogarty,achieogarty
da4d3887-ca1f-413c-ac33-495720d97b67,0d8207f2-c6ac-43c7-b3b1-154eb1648fe5,Lachie Whitfield,DEF,https://fantasy.afl.com.au/assets/media/players/afl/294305_450.png,2026-02-26 00:25:45.873242+00,6,,,0,294305,gws-giants,GWS Giants,https://fantasy.afl.com.au/assets/media/players/afl/294305_450.png,Lachie Whitfield,Lachie Whitfield,achiehitfield
db2b2f1b-539f-43b6-b6ef-92e8792304a6,7fddbede-9cbf-4436-9845-1db1739b2476,Tyler Brockman,MID,https://fantasy.afl.com.au/assets/media/players/afl/1013511_450.png,2026-02-26 00:25:46.196086+00,10,,,0,1013511,west-coast-eagles,West Coast Eagles,https://fantasy.afl.com.au/assets/media/players/afl/1013511_450.png,Tyler Brockman,Tyler Brockman,ylerrockman
dc1c78b4-d1b3-49ef-ab09-f0cd1b4e5c5e,4a0822e2-ed7a-4fc4-8e70-bd1d1b92d3f8,Jack Buller,MID,https://fantasy.afl.com.au/assets/media/players/afl/1009392_450.png,2026-02-26 00:25:46.196086+00,34,,,0,1009392,collingwood-magpies,Collingwood Magpies,https://fantasy.afl.com.au/assets/media/players/afl/1009392_450.png,Jack Buller,Jack Buller,ackuller
dc1d3f4a-a9b1-42bc-b948-563f5affbe29,6689e156-49a9-4066-a22e-259375fa9b04,Shannon Neale,MID,https://fantasy.afl.com.au/assets/media/players/afl/1016433_450.png,2026-02-26 00:25:46.196086+00,33,,,0,1016433,geelong-cats,Geelong Cats,https://fantasy.afl.com.au/assets/media/players/afl/1016433_450.png,Shannon Neale,Shannon Neale,hannoneale
dcff6d97-e528-4af3-981e-91d28d18c35c,,Jack Petruccelle,,https://fantasy.afl.com.au/assets/media/players/afl/1006550_450.png,2026-02-26 00:25:46.196086+00,,,,0,1006550,,,https://fantasy.afl.com.au/assets/media/players/afl/1006550_450.png,Jack Petruccelle,Jack Petruccelle,acketruccelle
dd471e31-8297-4ba4-863e-3afc3dd7052d,,Ash Johnson,,https://fantasy.afl.com.au/assets/media/players/afl/997974_450.png,2026-02-26 00:25:46.196086+00,,,,0,997974,,,https://fantasy.afl.com.au/assets/media/players/afl/997974_450.png,Ash Johnson,Ash Johnson,shohnson
dd4ea58b-9cc4-4e28-97a1-786d2818890f,6e06405b-7cff-4d56-b852-48cc980c21bb,Nick Vlastuin,DEF,https://fantasy.afl.com.au/assets/media/players/afl/294674_450.png,2026-02-26 00:25:45.873242+00,1,,,0,294674,richmond-tigers,Richmond Tigers,https://fantasy.afl.com.au/assets/media/players/afl/294674_450.png,Nick Vlastuin,Nick Vlastuin,icklastuin
dd578671-5e46-4232-818d-6fe74d6adabe,85de4282-cc6a-4db6-b4f6-8520b69c38de,Brayden George,MID,https://fantasy.afl.com.au/assets/media/players/afl/1023544_450.png,2026-02-26 00:25:46.196086+00,33,,,0,1023544,north-melbourne-kangaroos,North Melbourne Kangaroos,https://fantasy.afl.com.au/assets/media/players/afl/1023544_450.png,Brayden George,Brayden George,raydeneorge
dd82782c-faaf-4562-a905-fa21297d117d,82880eac-b132-4b23-93d7-0ec25ff0a023,Ed Langdon,MID,https://fantasy.afl.com.au/assets/media/players/afl/298264_450.png,2026-02-26 00:25:45.873242+00,15,,,0,298264,melbourne-demons,Melbourne Demons,https://fantasy.afl.com.au/assets/media/players/afl/298264_450.png,Ed Langdon,Ed Langdon,dangdon
ddc52ed1-ab45-46d7-bf74-85315ade8df0,,Tom Anastasopoulos,,https://fantasy.afl.com.au/assets/media/players/afl/1027870_450.png,2026-02-26 00:25:46.196086+00,,,,0,1027870,,,https://fantasy.afl.com.au/assets/media/players/afl/1027870_450.png,Tom Anastasopoulos,Tom Anastasopoulos,omnastasopoulos
def8bba9-e464-445e-83a0-c1eb0f92c4a7,f70ca36c-612b-439f-850f-4a31fd2df499,Lewis Young,MID,https://fantasy.afl.com.au/assets/media/players/afl/997316_450.png,2026-02-26 00:25:46.196086+00,33,,,0,997316,carlton-blues,Carlton Blues,https://fantasy.afl.com.au/assets/media/players/afl/997316_450.png,Lewis Young,Lewis Young,ewisoung
df75296c-64d8-46bd-95c4-cc9cb3335153,82880eac-b132-4b23-93d7-0ec25ff0a023,Changkuoth Jiath,MID,https://fantasy.afl.com.au/assets/media/players/afl/998390_450.png,2026-02-26 00:25:45.873242+00,14,,,0,998390,melbourne-demons,Melbourne Demons,https://fantasy.afl.com.au/assets/media/players/afl/998390_450.png,Changkuoth Jiath,Changkuoth Jiath,hangkuothiath
dfea8667-2a1b-4f0a-8181-794c626e0532,0d8207f2-c6ac-43c7-b3b1-154eb1648fe5,Harvey Thomas,DEF,https://fantasy.afl.com.au/assets/media/players/afl/1027925_450.png,2026-02-26 00:25:46.196086+00,1,,,0,1027925,gws-giants,GWS Giants,https://fantasy.afl.com.au/assets/media/players/afl/1027925_450.png,Harvey Thomas,Harvey Thomas,arveyhomas
e013ecb1-c0be-40b6-a5b3-32b69680af55,0a73bf79-7321-4fd5-8b67-90fffabdcf01,Hugh Jackson,DEF,https://fantasy.afl.com.au/assets/media/players/afl/1015330_450.png,2026-02-26 00:25:46.196086+00,9,,,0,1015330,fremantle-dockers,Fremantle Dockers,https://fantasy.afl.com.au/assets/media/players/afl/1015330_450.png,Hugh Jackson,Hugh Jackson,ughackson
e036b2b6-76a4-4ebf-9c15-433c33c36442,0d8207f2-c6ac-43c7-b3b1-154eb1648fe5,Aaron Cadman,DEF,https://fantasy.afl.com.au/assets/media/players/afl/1019038_450.png,2026-02-26 00:25:46.196086+00,5,,,0,1019038,gws-giants,GWS Giants,https://fantasy.afl.com.au/assets/media/players/afl/1019038_450.png,Aaron Cadman,Aaron Cadman,aronadman
e083bb14-15fa-457c-b131-57556b0fce91,38694aa4-7f1c-4a5f-b306-d094532ae24a,Vigo Visentini,MID,https://fantasy.afl.com.au/assets/media/players/afl/1027966_450.png,2026-02-26 00:25:46.196086+00,17,,,0,1027966,essendon-bombers,Essendon Bombers,https://fantasy.afl.com.au/assets/media/players/afl/1027966_450.png,Vigo Visentini,Vigo Visentini,igoisentini
e08f6e2d-8c0c-40b5-aeaf-f1797a88b385,85de4282-cc6a-4db6-b4f6-8520b69c38de,Bailey Scott,DEF,https://fantasy.afl.com.au/assets/media/players/afl/1006058_450.png,2026-02-26 00:25:45.873242+00,8,,,0,1006058,north-melbourne-kangaroos,North Melbourne Kangaroos,https://fantasy.afl.com.au/assets/media/players/afl/1006058_450.png,Bailey Scott,Bailey Scott,aileycott
e1359056-5bf7-4a14-95e0-8b546f7624ac,6d7d39fb-1136-4cc8-a68c-bb6a284f2245,Lachlan McAndrew,MID,https://fantasy.afl.com.au/assets/media/players/afl/1021200_450.png,2026-02-26 00:25:46.196086+00,42,,,0,1021200,adelaide-crows,Adelaide Crows,https://fantasy.afl.com.au/assets/media/players/afl/1021200_450.png,Lachlan McAndrew,Lachlan McAndrew,achlancndrew
e1648f95-9210-4e6b-aaea-4cf41f0b6baf,8953891c-6af3-4f31-8386-7340f0c27f9c,Sam Clohesy,RUCK,https://fantasy.afl.com.au/assets/media/players/afl/1013257_450.png,2026-02-26 00:25:45.873242+00,33,,,0,1013257,gold-coast-suns,Gold Coast Suns,https://fantasy.afl.com.au/assets/media/players/afl/1013257_450.png,Sam Clohesy,Sam Clohesy,amlohesy
e16a344e-e4ca-4732-ac0e-0bad859d5c77,6e06405b-7cff-4d56-b852-48cc980c21bb,Sam Lalor,DEF,https://fantasy.afl.com.au/assets/media/players/afl/1028491_450.png,2026-02-26 00:25:45.873242+00,4,,,0,1028491,richmond-tigers,Richmond Tigers,https://fantasy.afl.com.au/assets/media/players/afl/1028491_450.png,Sam Lalor,Sam Lalor,amalor
e1cc5e33-3936-4731-b6d0-40b85cca0020,5a697f25-65ef-4a40-9446-c813bbd624dc,Corey Warner,MID,https://fantasy.afl.com.au/assets/media/players/afl/1018424_450.png,2026-02-26 00:25:46.196086+00,37,,,0,1018424,sydney-swans,Sydney Swans,https://fantasy.afl.com.au/assets/media/players/afl/1018424_450.png,Corey Warner,Corey Warner,oreyarner
e26a2d4e-c3b2-43fc-ba65-aa9a3975cea5,,Jacob Koschitzke,,https://fantasy.afl.com.au/assets/media/players/afl/1006030_450.png,2026-02-26 00:25:46.196086+00,,,,0,1006030,,,https://fantasy.afl.com.au/assets/media/players/afl/1006030_450.png,Jacob Koschitzke,Jacob Koschitzke,acoboschitzke
e2c75de9-a984-4faf-a307-6ee2bb12b3bd,0ceb3e8b-4504-4ddd-b7c6-e2bf4215eada,Riley Garcia,MID,https://fantasy.afl.com.au/assets/media/players/afl/1006533_450.png,2026-02-26 00:25:45.873242+00,38,,,0,1006533,western-bulldogs,Western Bulldogs,https://fantasy.afl.com.au/assets/media/players/afl/1006533_450.png,Riley Garcia,Riley Garcia,ileyarcia
e2dae684-caa4-4cfa-9f93-316a3e88df0a,0d8207f2-c6ac-43c7-b3b1-154eb1648fe5,Conor Stone,MID,https://fantasy.afl.com.au/assets/media/players/afl/1015862_450.png,2026-02-26 00:25:46.196086+00,18,,,0,1015862,gws-giants,GWS Giants,https://fantasy.afl.com.au/assets/media/players/afl/1015862_450.png,Conor Stone,Conor Stone,onortone
e2de81b0-f938-4aaf-96a1-56e38dc90f38,6d7d39fb-1136-4cc8-a68c-bb6a284f2245,Mitchell Hinge,FWD,https://fantasy.afl.com.au/assets/media/players/afl/1004863_450.png,2026-02-26 00:25:45.873242+00,20,,,0,1004863,adelaide-crows,Adelaide Crows,https://fantasy.afl.com.au/assets/media/players/afl/1004863_450.png,Mitchell Hinge,Mitchell Hinge,itchellinge
e3013991-f169-4b06-9b90-25526a8e9df8,85de4282-cc6a-4db6-b4f6-8520b69c38de,Aidan Corr,DEF,https://fantasy.afl.com.au/assets/media/players/afl/294508_450.png,2026-02-26 00:25:46.196086+00,4,,,0,294508,north-melbourne-kangaroos,North Melbourne Kangaroos,https://fantasy.afl.com.au/assets/media/players/afl/294508_450.png,Aidan Corr,Aidan Corr,idanorr
e30f7827-1138-4b6e-95dd-513fd9b11909,f70ca36c-612b-439f-850f-4a31fd2df499,Jesse Motlop,DEF,https://fantasy.afl.com.au/assets/media/players/afl/1017700_450.png,2026-02-26 00:25:46.196086+00,3,,,0,1017700,carlton-blues,Carlton Blues,https://fantasy.afl.com.au/assets/media/players/afl/1017700_450.png,Jesse Motlop,Jesse Motlop,esseotlop
e3c130b3-f7bc-487b-9d75-fdada45d585d,85de4282-cc6a-4db6-b4f6-8520b69c38de,Harry Sheezel,DEF,https://fantasy.afl.com.au/assets/media/players/afl/1023518_450.png,2026-02-26 00:25:45.873242+00,3,,,0,1023518,north-melbourne-kangaroos,North Melbourne Kangaroos,https://fantasy.afl.com.au/assets/media/players/afl/1023518_450.png,Harry Sheezel,Harry Sheezel,arryheezel
e429e707-1b4d-4482-b335-0795b3c057e1,4a0822e2-ed7a-4fc4-8e70-bd1d1b92d3f8,Jordan De Goey,DEF,https://fantasy.afl.com.au/assets/media/players/afl/994185_450.png,2026-02-26 00:25:45.873242+00,2,,,0,994185,collingwood-magpies,Collingwood Magpies,https://fantasy.afl.com.au/assets/media/players/afl/994185_450.png,Jordan De Goey,Jordan De Goey,ordaneoey
e4531c03-7b89-4663-836f-ea6493a2136e,6689e156-49a9-4066-a22e-259375fa9b04,Mark O'Connor,MID,https://fantasy.afl.com.au/assets/media/players/afl/1007102_450.png,2026-02-26 00:25:45.873242+00,42,,,0,1007102,geelong-cats,Geelong Cats,https://fantasy.afl.com.au/assets/media/players/afl/1007102_450.png,Mark O'Connor,Mark O'Connor,arkonnor
e47e4c74-52dd-4ba9-8123-1cf575f3eda7,82880eac-b132-4b23-93d7-0ec25ff0a023,Jake Bowey,MID,https://fantasy.afl.com.au/assets/media/players/afl/1012825_450.png,2026-02-26 00:25:45.873242+00,17,,,0,1012825,melbourne-demons,Melbourne Demons,https://fantasy.afl.com.au/assets/media/players/afl/1012825_450.png,Jake Bowey,Jake Bowey,akeowey
e4aa7c89-f013-43f6-baaf-feefe97ce445,f70ca36c-612b-439f-850f-4a31fd2df499,Lucas Camporeale,FWD,https://fantasy.afl.com.au/assets/media/players/afl/1022452_450.png,2026-02-26 00:25:45.873242+00,21,,,0,1022452,carlton-blues,Carlton Blues,https://fantasy.afl.com.au/assets/media/players/afl/1022452_450.png,Lucas Camporeale,Lucas Camporeale,ucasamporeale
e4dc1cd2-bde0-4eb4-8898-4327d3b59686,6d7d39fb-1136-4cc8-a68c-bb6a284f2245,Finnbar Maley,MID,https://fantasy.afl.com.au/assets/media/players/afl/1031792_450.png,2026-02-26 00:25:46.196086+00,36,,,0,1031792,adelaide-crows,Adelaide Crows,https://fantasy.afl.com.au/assets/media/players/afl/1031792_450.png,Finnbar Maley,Finnbar Maley,innbaraley
e4e95201-986f-4357-b16b-a63444480fa9,,Caleb Mitchell,,https://fantasy.afl.com.au/assets/media/players/afl/1024096_450.png,2026-02-26 00:25:46.196086+00,,,,0,1024096,,,https://fantasy.afl.com.au/assets/media/players/afl/1024096_450.png,Caleb Mitchell,Caleb Mitchell,alebitchell
e5b433cc-9183-490e-8035-e35aeba075f7,6d7d39fb-1136-4cc8-a68c-bb6a284f2245,Tyler Welsh,MID,https://fantasy.afl.com.au/assets/media/players/afl/1022447_450.png,2026-02-26 00:25:46.196086+00,17,,,0,1022447,adelaide-crows,Adelaide Crows,https://fantasy.afl.com.au/assets/media/players/afl/1022447_450.png,Tyler Welsh,Tyler Welsh,ylerelsh
e5bccac5-3d2d-4aab-bcac-20b067dbc600,,Darcy Craven,,https://fantasy.afl.com.au/assets/media/players/afl/1024193_450.png,2026-02-26 00:25:46.196086+00,,,,0,1024193,,,https://fantasy.afl.com.au/assets/media/players/afl/1024193_450.png,Darcy Craven,Darcy Craven,arcyraven
e5dc1e1d-3e55-459d-b95d-3a82c6bfd7dd,0a73bf79-7321-4fd5-8b67-90fffabdcf01,Sam Sturt,DEF,https://fantasy.afl.com.au/assets/media/players/afl/1013611_450.png,2026-02-26 00:25:46.196086+00,1,,,0,1013611,fremantle-dockers,Fremantle Dockers,https://fantasy.afl.com.au/assets/media/players/afl/1013611_450.png,Sam Sturt,Sam Sturt,amturt
e6110140-8535-43c5-a8c8-c1263fef75ea,,Sam Day,,https://fantasy.afl.com.au/assets/media/players/afl/291753_450.png,2026-02-26 00:25:46.196086+00,,,,0,291753,,,https://fantasy.afl.com.au/assets/media/players/afl/291753_450.png,Sam Day,Sam Day,amay
e61163c8-0184-412f-8e2a-a57cdd5fadc8,f70ca36c-612b-439f-850f-4a31fd2df499,Nic Newman,FWD,https://fantasy.afl.com.au/assets/media/players/afl/297907_450.png,2026-02-26 00:25:45.873242+00,24,,,0,297907,carlton-blues,Carlton Blues,https://fantasy.afl.com.au/assets/media/players/afl/297907_450.png,Nic Newman,Nic Newman,icewman
e634ed62-1181-434c-b346-839a8e4b33b6,0d8207f2-c6ac-43c7-b3b1-154eb1648fe5,Connor Idun,MID,https://fantasy.afl.com.au/assets/media/players/afl/1008083_450.png,2026-02-26 00:25:45.873242+00,39,,,0,1008083,gws-giants,GWS Giants,https://fantasy.afl.com.au/assets/media/players/afl/1008083_450.png,Connor Idun,Connor Idun,onnordun
e6919715-ec10-43f3-bfb1-a03801e4916f,d991371b-e2f7-4c95-ad7c-52ea89b07d7b,Max Ramsden,MID,https://fantasy.afl.com.au/assets/media/players/afl/1027965_450.png,2026-02-26 00:25:46.196086+00,38,,,0,1027965,hawthorn-hawks,Hawthorn Hawks,https://fantasy.afl.com.au/assets/media/players/afl/1027965_450.png,Max Ramsden,Max Ramsden,axamsden
e6b30c69-236f-48d1-836c-caafb2e32141,38694aa4-7f1c-4a5f-b306-d094532ae24a,Jaxon Prior,FWD,https://fantasy.afl.com.au/assets/media/players/afl/1009386_450.png,2026-02-26 00:25:45.873242+00,25,,,0,1009386,essendon-bombers,Essendon Bombers,https://fantasy.afl.com.au/assets/media/players/afl/1009386_450.png,Jaxon Prior,Jaxon Prior,axonrior
e6b8e8bb-007a-4758-b751-5f6ccf3d430a,,Caleb Poulter,,https://fantasy.afl.com.au/assets/media/players/afl/1011589_450.png,2026-02-26 00:25:45.873242+00,,,,0,1011589,,,https://fantasy.afl.com.au/assets/media/players/afl/1011589_450.png,Caleb Poulter,Caleb Poulter,aleboulter
e6c23e97-3fe0-4530-af39-daaa71754f7b,8953891c-6af3-4f31-8386-7340f0c27f9c,Ben King,RUCK,https://fantasy.afl.com.au/assets/media/players/afl/1006144_450.png,2026-02-26 00:25:45.873242+00,34,,,0,1006144,gold-coast-suns,Gold Coast Suns,https://fantasy.afl.com.au/assets/media/players/afl/1006144_450.png,Ben King,Ben King,ening
e728fc59-3758-41ba-b59d-ea5cfe5e95b5,,Luamon Lual,,https://fantasy.afl.com.au/assets/media/players/afl/1027706_450.png,2026-02-26 00:25:46.196086+00,,,,0,1027706,,,https://fantasy.afl.com.au/assets/media/players/afl/1027706_450.png,Luamon Lual,Luamon Lual,uamonual
e73d6fe7-10ee-47de-b2ad-8ddbf2d82e39,f70ca36c-612b-439f-850f-4a31fd2df499,Elijah Hollands,DEF,https://fantasy.afl.com.au/assets/media/players/afl/1012862_450.png,2026-02-26 00:25:45.873242+00,4,,,0,1012862,carlton-blues,Carlton Blues,https://fantasy.afl.com.au/assets/media/players/afl/1012862_450.png,Elijah Hollands,Elijah Hollands,lijahollands
e77ed645-3998-4213-9558-bc54491e084f,,Arie Schoenmaker,,https://fantasy.afl.com.au/assets/media/players/afl/1024279_450.png,2026-02-26 00:25:45.873242+00,,,,0,1024279,,,https://fantasy.afl.com.au/assets/media/players/afl/1024279_450.png,Arie Schoenmaker,Arie Schoenmaker,riechoenmaker
e7c36916-a8bc-4275-82e6-b378ce9fedfb,,Charlie Dean,,https://fantasy.afl.com.au/assets/media/players/afl/1009197_450.png,2026-02-26 00:25:46.196086+00,,,,0,1009197,,,https://fantasy.afl.com.au/assets/media/players/afl/1009197_450.png,Charlie Dean,Charlie Dean,harlieean
e7cc3ec4-40b9-496e-9ca0-83673273a2a0,7fddbede-9cbf-4436-9845-1db1739b2476,Liam Baker,DEF,https://fantasy.afl.com.au/assets/media/players/afl/1000223_450.png,2026-02-26 00:25:45.873242+00,3,,,0,1000223,west-coast-eagles,West Coast Eagles,https://fantasy.afl.com.au/assets/media/players/afl/1000223_450.png,Liam Baker,Liam Baker,iamaker
e806faea-39d7-43d2-972a-9a3917d99849,0a73bf79-7321-4fd5-8b67-90fffabdcf01,Luke Ryan,MID,https://fantasy.afl.com.au/assets/media/players/afl/998659_450.png,2026-02-26 00:25:45.873242+00,13,,,0,998659,fremantle-dockers,Fremantle Dockers,https://fantasy.afl.com.au/assets/media/players/afl/998659_450.png,Luke Ryan,Luke Ryan,ukeyan
e80a159a-6a62-408f-85f4-cb5a76e7ed91,7fddbede-9cbf-4436-9845-1db1739b2476,Jack Graham,MID,https://fantasy.afl.com.au/assets/media/players/afl/990827_450.png,2026-02-26 00:25:45.873242+00,17,,,0,990827,west-coast-eagles,West Coast Eagles,https://fantasy.afl.com.au/assets/media/players/afl/990827_450.png,Jack Graham,Jack Graham,ackraham
e89f9292-5110-4617-bc49-93645f2cc183,0a73bf79-7321-4fd5-8b67-90fffabdcf01,Brandon Walker,RUCK,https://fantasy.afl.com.au/assets/media/players/afl/1009410_450.png,2026-02-26 00:25:45.873242+00,31,,,0,1009410,fremantle-dockers,Fremantle Dockers,https://fantasy.afl.com.au/assets/media/players/afl/1009410_450.png,Brandon Walker,Brandon Walker,randonalker
e8ca24c0-4522-421f-ae21-a1391c325bc6,914ab50f-d78d-4a28-aaef-6e4db1410600,Matthew Carroll,MID,https://fantasy.afl.com.au/assets/media/players/afl/1027964_450.png,2026-02-26 00:25:46.196086+00,18,,,0,1027964,st-kilda-saints,St Kilda Saints,https://fantasy.afl.com.au/assets/media/players/afl/1027964_450.png,Matthew Carroll,Matthew Carroll,atthewarroll
e9dc062f-edef-4da6-abb6-c42a8e225932,f70ca36c-612b-439f-850f-4a31fd2df499,Ben Ainsworth,MID,https://fantasy.afl.com.au/assets/media/players/afl/998130_450.png,2026-02-26 00:25:45.873242+00,12,,,0,998130,carlton-blues,Carlton Blues,https://fantasy.afl.com.au/assets/media/players/afl/998130_450.png,Ben Ainsworth,Ben Ainsworth,eninsworth
ea8650a3-68c3-436e-a534-2d0b594866a6,501a05f7-174e-4a86-8cea-db048be8b646,Conor McKenna,FWD,https://fantasy.afl.com.au/assets/media/players/afl/997846_450.png,2026-02-26 00:25:45.873242+00,26,,,0,997846,brisbane-lions,Brisbane Lions,https://fantasy.afl.com.au/assets/media/players/afl/997846_450.png,Conor McKenna,Conor McKenna,onorcenna
eaea5272-efec-48c1-b2ed-123640dd969e,0a73bf79-7321-4fd5-8b67-90fffabdcf01,Josh Treacy,MID,https://fantasy.afl.com.au/assets/media/players/afl/1012819_450.png,2026-02-26 00:25:45.873242+00,35,,,0,1012819,fremantle-dockers,Fremantle Dockers,https://fantasy.afl.com.au/assets/media/players/afl/1012819_450.png,Josh Treacy,Josh Treacy,oshreacy
eaf9e537-3e0b-4ff0-b3b0-89d6a2230845,0d8207f2-c6ac-43c7-b3b1-154eb1648fe5,Darcy Jones,DEF,https://fantasy.afl.com.au/assets/media/players/afl/1020650_450.png,2026-02-26 00:25:45.873242+00,2,,,0,1020650,gws-giants,GWS Giants,https://fantasy.afl.com.au/assets/media/players/afl/1020650_450.png,Darcy Jones,Darcy Jones,arcyones
eb3150d4-113f-4e69-b5ec-6a2706e6b874,6689e156-49a9-4066-a22e-259375fa9b04,Jeremy Cameron,DEF,https://fantasy.afl.com.au/assets/media/players/afl/293845_450.png,2026-02-26 00:25:45.873242+00,5,,,0,293845,geelong-cats,Geelong Cats,https://fantasy.afl.com.au/assets/media/players/afl/293845_450.png,Jeremy Cameron,Jeremy Cameron,eremyameron
eb6b0b5f-3101-40b6-99a0-d14744d4f177,,Jeremy McGovern,,https://fantasy.afl.com.au/assets/media/players/afl/294859_450.png,2026-02-26 00:25:45.873242+00,,,,0,294859,,,https://fantasy.afl.com.au/assets/media/players/afl/294859_450.png,Jeremy McGovern,Jeremy McGovern,eremycovern
ebea46d0-d89e-44bc-b529-e7519a63d3cd,4a0822e2-ed7a-4fc4-8e70-bd1d1b92d3f8,Patrick Lipinski,DEF,https://fantasy.afl.com.au/assets/media/players/afl/1003130_450.png,2026-02-26 00:25:45.873242+00,1,,,0,1003130,collingwood-magpies,Collingwood Magpies,https://fantasy.afl.com.au/assets/media/players/afl/1003130_450.png,Patrick Lipinski,Patrick Lipinski,atrickipinski
ec3d79d6-0d09-4efc-935e-9df1f7a10ff1,6d7d39fb-1136-4cc8-a68c-bb6a284f2245,Darcy Fogarty,MID,https://fantasy.afl.com.au/assets/media/players/afl/999331_450.png,2026-02-26 00:25:45.873242+00,32,,,0,999331,adelaide-crows,Adelaide Crows,https://fantasy.afl.com.au/assets/media/players/afl/999331_450.png,Darcy Fogarty,Darcy Fogarty,arcyogarty
eca4c728-a4d6-4ace-bb2b-a840de578bef,,Jye Menzie,,https://fantasy.afl.com.au/assets/media/players/afl/1013201_450.png,2026-02-26 00:25:46.196086+00,,,,0,1013201,,,https://fantasy.afl.com.au/assets/media/players/afl/1013201_450.png,Jye Menzie,Jye Menzie,yeenzie
eca87e1b-0a15-4e27-b04a-e31b05bfdee4,6689e156-49a9-4066-a22e-259375fa9b04,Zach Guthrie,MID,https://fantasy.afl.com.au/assets/media/players/afl/1004870_450.png,2026-02-26 00:25:45.873242+00,39,,,0,1004870,geelong-cats,Geelong Cats,https://fantasy.afl.com.au/assets/media/players/afl/1004870_450.png,Zach Guthrie,Zach Guthrie,achuthrie
ecea396a-3fa8-4bf0-bae2-d0d9dee5fa15,8953891c-6af3-4f31-8386-7340f0c27f9c,Caleb Lewis,MID,https://fantasy.afl.com.au/assets/media/players/afl/1017493_450.png,2026-02-26 00:25:46.196086+00,45,,,0,1017493,gold-coast-suns,Gold Coast Suns,https://fantasy.afl.com.au/assets/media/players/afl/1017493_450.png,Caleb Lewis,Caleb Lewis,alebewis
ed048c85-8478-4944-8ebf-5bd486e665b6,85de4282-cc6a-4db6-b4f6-8520b69c38de,Jackson Archer,MID,https://fantasy.afl.com.au/assets/media/players/afl/1020968_450.png,2026-02-26 00:25:46.196086+00,34,,,0,1020968,north-melbourne-kangaroos,North Melbourne Kangaroos,https://fantasy.afl.com.au/assets/media/players/afl/1020968_450.png,Jackson Archer,Jackson Archer,acksonrcher
ed088ebd-0a05-4e8a-8745-fac8b498e76c,7fddbede-9cbf-4436-9845-1db1739b2476,Bailey J. Williams,MID,https://fantasy.afl.com.au/assets/media/players/afl/1006114_450.png,2026-02-26 00:25:45.873242+00,32,,,0,1006114,west-coast-eagles,West Coast Eagles,https://fantasy.afl.com.au/assets/media/players/afl/1006114_450.png,Bailey J. Williams,Bailey J. Williams,aileyilliams
ed437047-2af1-4b50-87d2-4ccc6b462053,0a73bf79-7321-4fd5-8b67-90fffabdcf01,Michael Frederick,MID,https://fantasy.afl.com.au/assets/media/players/afl/999321_450.png,2026-02-26 00:25:45.873242+00,32,,,0,999321,fremantle-dockers,Fremantle Dockers,https://fantasy.afl.com.au/assets/media/players/afl/999321_450.png,Michael Frederick,Michael Frederick,ichaelrederick
ed47563d-d838-47cf-99ee-c2bbc6972c48,914ab50f-d78d-4a28-aaef-6e4db1410600,Alixzander Tauru,FWD,https://fantasy.afl.com.au/assets/media/players/afl/1030433_450.png,2026-02-26 00:25:46.196086+00,26,,,0,1030433,st-kilda-saints,St Kilda Saints,https://fantasy.afl.com.au/assets/media/players/afl/1030433_450.png,Alixzander Tauru,Alixzander Tauru,lixzanderauru
ed7ba49e-d7be-426a-8e20-9c45a16e270a,85de4282-cc6a-4db6-b4f6-8520b69c38de,River Stevens,MID,https://fantasy.afl.com.au/assets/media/players/afl/1031989_450.png,2026-02-26 00:25:45.873242+00,36,,,0,1031989,north-melbourne-kangaroos,North Melbourne Kangaroos,https://fantasy.afl.com.au/assets/media/players/afl/1031989_450.png,River Stevens,River Stevens,ivertevens
ed9191b8-7605-4d05-af2c-3d2407a466f1,501a05f7-174e-4a86-8cea-db048be8b646,Cam Rayner,MID,https://fantasy.afl.com.au/assets/media/players/afl/1002235_450.png,2026-02-26 00:25:45.873242+00,16,,,0,1002235,brisbane-lions,Brisbane Lions,https://fantasy.afl.com.au/assets/media/players/afl/1002235_450.png,Cam Rayner,Cam Rayner,amayner
eda50870-6857-4cde-8cdd-26268ca6dacc,0ceb3e8b-4504-4ddd-b7c6-e2bf4215eada,Jedd Busslinger,DEF,https://fantasy.afl.com.au/assets/media/players/afl/1023017_450.png,2026-02-26 00:25:46.196086+00,5,,,0,1023017,western-bulldogs,Western Bulldogs,https://fantasy.afl.com.au/assets/media/players/afl/1023017_450.png,Jedd Busslinger,Jedd Busslinger,eddusslinger
edbd277e-f94e-4cc1-9422-7b8a8e627ded,82880eac-b132-4b23-93d7-0ec25ff0a023,Andy Moniz-Wakefield,MID,https://fantasy.afl.com.au/assets/media/players/afl/1013165_450.png,2026-02-26 00:25:46.196086+00,45,,,0,1013165,melbourne-demons,Melbourne Demons,https://fantasy.afl.com.au/assets/media/players/afl/1013165_450.png,Andy Moniz-Wakefield,Andy Moniz-Wakefield,ndyonizakefield
ede39415-8d73-4112-8b90-a644a5319a8b,82880eac-b132-4b23-93d7-0ec25ff0a023,Matthew Jefferson,FWD,https://fantasy.afl.com.au/assets/media/players/afl/1023486_450.png,2026-02-26 00:25:46.196086+00,21,,,0,1023486,melbourne-demons,Melbourne Demons,https://fantasy.afl.com.au/assets/media/players/afl/1023486_450.png,Matthew Jefferson,Matthew Jefferson,atthewefferson
edfede4b-a7b2-4e31-b98b-b279062ddf0c,501a05f7-174e-4a86-8cea-db048be8b646,Harris Andrews,MID,https://fantasy.afl.com.au/assets/media/players/afl/996059_450.png,2026-02-26 00:25:45.873242+00,31,,,0,996059,brisbane-lions,Brisbane Lions,https://fantasy.afl.com.au/assets/media/players/afl/996059_450.png,Harris Andrews,Harris Andrews,arrisndrews
ee2056dc-5f9d-4908-9ffe-ab440e7d2af8,0ceb3e8b-4504-4ddd-b7c6-e2bf4215eada,James O'Donnell,MID,https://fantasy.afl.com.au/assets/media/players/afl/1032966_450.png,2026-02-26 00:25:46.196086+00,18,,,0,1032966,western-bulldogs,Western Bulldogs,https://fantasy.afl.com.au/assets/media/players/afl/1032966_450.png,James O'Donnell,James O'Donnell,amesonnell
ee2f1925-9932-4a81-b2fc-0da53fb7eced,5a697f25-65ef-4a40-9446-c813bbd624dc,Lewis Melican,MID,https://fantasy.afl.com.au/assets/media/players/afl/996743_450.png,2026-02-26 00:25:46.196086+00,43,,,0,996743,sydney-swans,Sydney Swans,https://fantasy.afl.com.au/assets/media/players/afl/996743_450.png,Lewis Melican,Lewis Melican,ewiselican
ee6080e5-d4fe-478a-8359-13534353220b,,Kieran Strachan,,https://fantasy.afl.com.au/assets/media/players/afl/1008752_450.png,2026-02-26 00:25:45.873242+00,,,,0,1008752,,,https://fantasy.afl.com.au/assets/media/players/afl/1008752_450.png,Kieran Strachan,Kieran Strachan,ierantrachan
eeacb9f6-a8aa-44af-8d43-5c3722b042d9,6d7d39fb-1136-4cc8-a68c-bb6a284f2245,Rory Laird,FWD,https://fantasy.afl.com.au/assets/media/players/afl/293222_450.png,2026-02-26 00:25:45.873242+00,29,,,0,293222,adelaide-crows,Adelaide Crows,https://fantasy.afl.com.au/assets/media/players/afl/293222_450.png,Rory Laird,Rory Laird,oryaird
ef37d6a1-42dd-44bf-9591-670aff0c5405,0ceb3e8b-4504-4ddd-b7c6-e2bf4215eada,Karl Gallagher,MID,https://fantasy.afl.com.au/assets/media/players/afl/1035372_450.png,2026-02-26 00:25:46.196086+00,12,,,0,1035372,western-bulldogs,Western Bulldogs,https://fantasy.afl.com.au/assets/media/players/afl/1035372_450.png,Karl Gallagher,Karl Gallagher,arlallagher
efbebe50-39a7-4892-b2c7-ae089e2d47bc,d991371b-e2f7-4c95-ad7c-52ea89b07d7b,James Sicily,DEF,https://fantasy.afl.com.au/assets/media/players/afl/297566_450.png,2026-02-26 00:25:45.873242+00,6,,,0,297566,hawthorn-hawks,Hawthorn Hawks,https://fantasy.afl.com.au/assets/media/players/afl/297566_450.png,James Sicily,James Sicily,amesicily
efd54c47-1b9d-43b2-86e3-d6d71b4f1672,501a05f7-174e-4a86-8cea-db048be8b646,Darcy Fort,MID,https://fantasy.afl.com.au/assets/media/players/afl/298211_450.png,2026-02-26 00:25:45.873242+00,32,,,0,298211,brisbane-lions,Brisbane Lions,https://fantasy.afl.com.au/assets/media/players/afl/298211_450.png,Darcy Fort,Darcy Fort,arcyort
f04fd38d-8fbb-4553-9243-85baa24fe608,914ab50f-d78d-4a28-aaef-6e4db1410600,Hugo Garcia,MID,https://fantasy.afl.com.au/assets/media/players/afl/1027790_450.png,2026-02-26 00:25:45.873242+00,34,,,0,1027790,st-kilda-saints,St Kilda Saints,https://fantasy.afl.com.au/assets/media/players/afl/1027790_450.png,Hugo Garcia,Hugo Garcia,ugoarcia
f174bf42-4d06-426b-a0f6-415745638a0f,914ab50f-d78d-4a28-aaef-6e4db1410600,Angus Hastie,FWD,https://fantasy.afl.com.au/assets/media/players/afl/1027872_450.png,2026-02-26 00:25:46.196086+00,24,,,0,1027872,st-kilda-saints,St Kilda Saints,https://fantasy.afl.com.au/assets/media/players/afl/1027872_450.png,Angus Hastie,Angus Hastie,ngusastie
f26cb98b-599f-4d91-bf81-93745a159207,914ab50f-d78d-4a28-aaef-6e4db1410600,Liam Ryan,RUCK,https://fantasy.afl.com.au/assets/media/players/afl/1004364_450.png,2026-02-26 00:25:45.873242+00,31,,,0,1004364,st-kilda-saints,St Kilda Saints,https://fantasy.afl.com.au/assets/media/players/afl/1004364_450.png,Liam Ryan,Liam Ryan,iamyan
f33dec27-1021-4b10-95f9-f6955039d322,82880eac-b132-4b23-93d7-0ec25ff0a023,Jake Lever,DEF,https://fantasy.afl.com.au/assets/media/players/afl/298281_450.png,2026-02-26 00:25:45.873242+00,8,,,0,298281,melbourne-demons,Melbourne Demons,https://fantasy.afl.com.au/assets/media/players/afl/298281_450.png,Jake Lever,Jake Lever,akeever
f344ccd2-6c94-441d-a7c5-c5084700ef91,914ab50f-d78d-4a28-aaef-6e4db1410600,Liam O'Connell,MID,https://fantasy.afl.com.au/assets/media/players/afl/1035198_450.png,2026-02-26 00:25:46.196086+00,45,,,0,1035198,st-kilda-saints,St Kilda Saints,https://fantasy.afl.com.au/assets/media/players/afl/1035198_450.png,Liam O'Connell,Liam O'Connell,iamonnell
f3556ee6-546c-4f7f-b259-d7beca417ada,914ab50f-d78d-4a28-aaef-6e4db1410600,Patrick Said,MID,https://fantasy.afl.com.au/assets/media/players/afl/1028514_450.png,2026-02-26 00:25:45.873242+00,33,,,0,1028514,st-kilda-saints,St Kilda Saints,https://fantasy.afl.com.au/assets/media/players/afl/1028514_450.png,Patrick Said,Patrick Said,atrickaid
f36592a9-0c6b-404d-8769-fedec20d530d,70c32ca0-2bec-4db6-9b70-b8c8327f51c1,Miller Bergman,MID,https://fantasy.afl.com.au/assets/media/players/afl/1017095_450.png,2026-02-26 00:25:45.873242+00,14,,,0,1017095,port-adelaide-power,Port Adelaide Power,https://fantasy.afl.com.au/assets/media/players/afl/1017095_450.png,Miller Bergman,Miller Bergman,illerergman
f420d60e-9cda-4f41-8a26-3ec80e31a7f3,0a73bf79-7321-4fd5-8b67-90fffabdcf01,Jordan Clark,DEF,https://fantasy.afl.com.au/assets/media/players/afl/1006152_450.png,2026-02-26 00:25:45.873242+00,6,,,0,1006152,fremantle-dockers,Fremantle Dockers,https://fantasy.afl.com.au/assets/media/players/afl/1006152_450.png,Jordan Clark,Jordan Clark,ordanlark
f45cca5b-d42b-4e38-9be0-72b7e4da6eba,8953891c-6af3-4f31-8386-7340f0c27f9c,Ben Long,FWD,https://fantasy.afl.com.au/assets/media/players/afl/993917_450.png,2026-02-26 00:25:45.873242+00,22,,,0,993917,gold-coast-suns,Gold Coast Suns,https://fantasy.afl.com.au/assets/media/players/afl/993917_450.png,Ben Long,Ben Long,enong
f467b46e-c816-4573-9fbb-485ea9617238,6689e156-49a9-4066-a22e-259375fa9b04,Shaun Mannagh,DEF,https://fantasy.afl.com.au/assets/media/players/afl/993878_450.png,2026-02-26 00:25:45.873242+00,7,,,0,993878,geelong-cats,Geelong Cats,https://fantasy.afl.com.au/assets/media/players/afl/993878_450.png,Shaun Mannagh,Shaun Mannagh,haunannagh
f511150f-0337-4b29-b9ea-2ef54bb017f5,6d7d39fb-1136-4cc8-a68c-bb6a284f2245,Jake Soligo,MID,https://fantasy.afl.com.au/assets/media/players/afl/1017109_450.png,2026-02-26 00:25:45.873242+00,14,,,0,1017109,adelaide-crows,Adelaide Crows,https://fantasy.afl.com.au/assets/media/players/afl/1017109_450.png,Jake Soligo,Jake Soligo,akeoligo
f55708b9-e964-4a3d-ab82-8dcbaa449463,82880eac-b132-4b23-93d7-0ec25ff0a023,Jacob van Rooyen,DEF,https://fantasy.afl.com.au/assets/media/players/afl/1017720_450.png,2026-02-26 00:25:46.196086+00,2,,,0,1017720,melbourne-demons,Melbourne Demons,https://fantasy.afl.com.au/assets/media/players/afl/1017720_450.png,Jacob van Rooyen,Jacob van Rooyen,acobvanooyen
f59946fe-1f57-4c60-b622-9505c085e9cf,d991371b-e2f7-4c95-ad7c-52ea89b07d7b,James Blanck,MID,https://fantasy.afl.com.au/assets/media/players/afl/1011839_450.png,2026-02-26 00:25:46.196086+00,36,,,0,1011839,hawthorn-hawks,Hawthorn Hawks,https://fantasy.afl.com.au/assets/media/players/afl/1011839_450.png,James Blanck,James Blanck,ameslanck
f66c453f-3d5a-42f1-a7e1-dfbea262f80b,4a0822e2-ed7a-4fc4-8e70-bd1d1b92d3f8,Isaac Quaynor,DEF,https://fantasy.afl.com.au/assets/media/players/afl/1008089_450.png,2026-02-26 00:25:45.873242+00,3,,,0,1008089,collingwood-magpies,Collingwood Magpies,https://fantasy.afl.com.au/assets/media/players/afl/1008089_450.png,Isaac Quaynor,Isaac Quaynor,saacuaynor
f6900f59-8f47-4ddb-9736-e4967e52d031,8953891c-6af3-4f31-8386-7340f0c27f9c,Ned Moyle,FWD,https://fantasy.afl.com.au/assets/media/players/afl/1021013_450.png,2026-02-26 00:25:45.873242+00,23,,,0,1021013,gold-coast-suns,Gold Coast Suns,https://fantasy.afl.com.au/assets/media/players/afl/1021013_450.png,Ned Moyle,Ned Moyle,edoyle
f6c48aac-2bef-4350-a404-41419d682d6b,501a05f7-174e-4a86-8cea-db048be8b646,Luke Beecken,MID,https://fantasy.afl.com.au/assets/media/players/afl/1008805_450.png,2026-02-26 00:25:46.196086+00,17,,,0,1008805,brisbane-lions,Brisbane Lions,https://fantasy.afl.com.au/assets/media/players/afl/1008805_450.png,Luke Beecken,Luke Beecken,ukeeecken
f7121c65-cbcd-431d-87a3-de6122f9307c,914ab50f-d78d-4a28-aaef-6e4db1410600,Jack Higgins,DEF,https://fantasy.afl.com.au/assets/media/players/afl/1002227_450.png,2026-02-26 00:25:45.873242+00,1,,,0,1002227,st-kilda-saints,St Kilda Saints,https://fantasy.afl.com.au/assets/media/players/afl/1002227_450.png,Jack Higgins,Jack Higgins,ackiggins
f71ac0da-348e-455a-b743-6fc0a899dfd2,85de4282-cc6a-4db6-b4f6-8520b69c38de,Tom Powell,FWD,https://fantasy.afl.com.au/assets/media/players/afl/1011659_450.png,2026-02-26 00:25:45.873242+00,24,,,0,1011659,north-melbourne-kangaroos,North Melbourne Kangaroos,https://fantasy.afl.com.au/assets/media/players/afl/1011659_450.png,Tom Powell,Tom Powell,omowell
f745b49e-8110-48e1-bef4-3a6d242d1321,7fddbede-9cbf-4436-9845-1db1739b2476,Jacob Newton,MID,https://fantasy.afl.com.au/assets/media/players/afl/1022486_450.png,2026-02-26 00:25:46.196086+00,46,,,0,1022486,west-coast-eagles,West Coast Eagles,https://fantasy.afl.com.au/assets/media/players/afl/1022486_450.png,Jacob Newton,Jacob Newton,acobewton
f7599b92-a4e5-4b33-886b-fae22de8aa8a,,Jacob Blight,,https://fantasy.afl.com.au/assets/media/players/afl/1013229_450.png,2026-02-26 00:25:46.196086+00,,,,0,1013229,,,https://fantasy.afl.com.au/assets/media/players/afl/1013229_450.png,Jacob Blight,Jacob Blight,acoblight
f7737ceb-09dc-4fd6-afc6-46d78ccafe95,501a05f7-174e-4a86-8cea-db048be8b646,Jarrod Berry,DEF,https://fantasy.afl.com.au/assets/media/players/afl/998133_450.png,2026-02-26 00:25:45.873242+00,7,,,0,998133,brisbane-lions,Brisbane Lions,https://fantasy.afl.com.au/assets/media/players/afl/998133_450.png,Jarrod Berry,Jarrod Berry,arroderry
f832ddd5-c1aa-4245-9196-7d2c8244183c,85de4282-cc6a-4db6-b4f6-8520b69c38de,Luke Urquhart,MID,https://fantasy.afl.com.au/assets/media/players/afl/1029281_450.png,2026-02-26 00:25:45.873242+00,14,,,0,1029281,north-melbourne-kangaroos,North Melbourne Kangaroos,https://fantasy.afl.com.au/assets/media/players/afl/1029281_450.png,Luke Urquhart,Luke Urquhart,ukerquhart
f8b0c88e-b7ae-446f-8264-27f43a92b64c,,Eddie Ford,,https://fantasy.afl.com.au/assets/media/players/afl/1012833_450.png,2026-02-26 00:25:45.873242+00,,,,0,1012833,,,https://fantasy.afl.com.au/assets/media/players/afl/1012833_450.png,Eddie Ford,Eddie Ford,ddieord
f99e74f5-87e1-4eae-9a9f-2193a7291b6c,6e06405b-7cff-4d56-b852-48cc980c21bb,Kane McAuliffe,FWD,https://fantasy.afl.com.au/assets/media/players/afl/1019916_450.png,2026-02-26 00:25:45.873242+00,28,,,0,1019916,richmond-tigers,Richmond Tigers,https://fantasy.afl.com.au/assets/media/players/afl/1019916_450.png,Kane McAuliffe,Kane McAuliffe,aneculiffe
f9c03f85-0553-402a-8f61-5e11fb7919c5,5a697f25-65ef-4a40-9446-c813bbd624dc,Peter Ladhams,FWD,https://fantasy.afl.com.au/assets/media/players/afl/997142_450.png,2026-02-26 00:25:45.873242+00,19,,,0,997142,sydney-swans,Sydney Swans,https://fantasy.afl.com.au/assets/media/players/afl/997142_450.png,Peter Ladhams,Peter Ladhams,eteradhams
f9e1ab8e-d9e5-4795-93af-35f77430f9cb,0a73bf79-7321-4fd5-8b67-90fffabdcf01,Heath Chapman,DEF,https://fantasy.afl.com.au/assets/media/players/afl/1013224_450.png,2026-02-26 00:25:45.873242+00,5,,,0,1013224,fremantle-dockers,Fremantle Dockers,https://fantasy.afl.com.au/assets/media/players/afl/1013224_450.png,Heath Chapman,Heath Chapman,eathhapman
fa5d4e38-8491-48b5-aaf4-84689775b96f,,Quinton Narkle,,https://fantasy.afl.com.au/assets/media/players/afl/999824_450.png,2026-02-26 00:25:45.873242+00,,,,0,999824,,,https://fantasy.afl.com.au/assets/media/players/afl/999824_450.png,Quinton Narkle,Quinton Narkle,uintonarkle
fa659410-166e-48d8-88ea-490411320297,,Harry Lemmey,,https://fantasy.afl.com.au/assets/media/players/afl/1020072_450.png,2026-02-26 00:25:46.196086+00,,,,0,1020072,,,https://fantasy.afl.com.au/assets/media/players/afl/1020072_450.png,Harry Lemmey,Harry Lemmey,arryemmey
fa70229f-87c7-45d7-afca-6300cd9e59af,501a05f7-174e-4a86-8cea-db048be8b646,Eric Hipwood,RUCK,https://fantasy.afl.com.au/assets/media/players/afl/993953_450.png,2026-02-26 00:25:45.873242+00,30,,,0,993953,brisbane-lions,Brisbane Lions,https://fantasy.afl.com.au/assets/media/players/afl/993953_450.png,Eric Hipwood,Eric Hipwood,ricipwood
fae5b1a4-9282-4b6f-8fb1-2b9ef0db6871,0ceb3e8b-4504-4ddd-b7c6-e2bf4215eada,Cooper Hynes,DEF,https://fantasy.afl.com.au/assets/media/players/afl/1029456_450.png,2026-02-26 00:25:45.873242+00,6,,,0,1029456,western-bulldogs,Western Bulldogs,https://fantasy.afl.com.au/assets/media/players/afl/1029456_450.png,Cooper Hynes,Cooper Hynes,ooperynes
fb60fd44-40cb-4af1-9e2c-7f4237795987,70c32ca0-2bec-4db6-9b70-b8c8327f51c1,Xavier Walsh,MID,https://fantasy.afl.com.au/assets/media/players/afl/1029158_450.png,2026-02-26 00:25:46.196086+00,45,,,0,1029158,port-adelaide-power,Port Adelaide Power,https://fantasy.afl.com.au/assets/media/players/afl/1029158_450.png,Xavier Walsh,Xavier Walsh,avieralsh
fbc669fc-c884-4e02-b368-7faad185ad15,f70ca36c-612b-439f-850f-4a31fd2df499,Francis Evans,MID,https://fantasy.afl.com.au/assets/media/players/afl/1017255_450.png,2026-02-26 00:25:46.196086+00,44,,,0,1017255,carlton-blues,Carlton Blues,https://fantasy.afl.com.au/assets/media/players/afl/1017255_450.png,Francis Evans,Francis Evans,rancisvans
fbd69aff-e670-4c5f-a779-07567876cfee,6689e156-49a9-4066-a22e-259375fa9b04,Jhye Clark,MID,https://fantasy.afl.com.au/assets/media/players/afl/1023537_450.png,2026-02-26 00:25:45.873242+00,13,,,0,1023537,geelong-cats,Geelong Cats,https://fantasy.afl.com.au/assets/media/players/afl/1023537_450.png,Jhye Clark,Jhye Clark,hyelark
fbef9924-82e9-4eef-b744-81e8db23ab93,,Seamus Mitchell,,https://fantasy.afl.com.au/assets/media/players/afl/1018016_450.png,2026-02-26 00:25:46.196086+00,,,,0,1018016,,,https://fantasy.afl.com.au/assets/media/players/afl/1018016_450.png,Seamus Mitchell,Seamus Mitchell,eamusitchell
fc07e10c-c0cb-4acc-9eb7-8dc43a27b64a,7fddbede-9cbf-4436-9845-1db1739b2476,Elijah Hewett,DEF,https://fantasy.afl.com.au/assets/media/players/afl/1020670_450.png,2026-02-26 00:25:45.873242+00,8,,,0,1020670,west-coast-eagles,West Coast Eagles,https://fantasy.afl.com.au/assets/media/players/afl/1020670_450.png,Elijah Hewett,Elijah Hewett,lijahewett
fc31336d-c47a-43c5-847f-d379799a7fe5,0ceb3e8b-4504-4ddd-b7c6-e2bf4215eada,Bailey Dale,RUCK,https://fantasy.afl.com.au/assets/media/players/afl/996708_450.png,2026-02-26 00:25:45.873242+00,31,,,0,996708,western-bulldogs,Western Bulldogs,https://fantasy.afl.com.au/assets/media/players/afl/996708_450.png,Bailey Dale,Bailey Dale,aileyale
fc5cb974-2a37-49fd-b8a2-86ad72f23b84,7fddbede-9cbf-4436-9845-1db1739b2476,Hamish Davis,MID,https://fantasy.afl.com.au/assets/media/players/afl/1032624_450.png,2026-02-26 00:25:46.196086+00,38,,,0,1032624,west-coast-eagles,West Coast Eagles,https://fantasy.afl.com.au/assets/media/players/afl/1032624_450.png,Hamish Davis,Hamish Davis,amishavis
fce2b15b-a3c2-45c2-9f51-2d6995b36e34,914ab50f-d78d-4a28-aaef-6e4db1410600,Cooper Sharman,MID,https://fantasy.afl.com.au/assets/media/players/afl/1018018_450.png,2026-02-26 00:25:45.873242+00,43,,,0,1018018,st-kilda-saints,St Kilda Saints,https://fantasy.afl.com.au/assets/media/players/afl/1018018_450.png,Cooper Sharman,Cooper Sharman,ooperharman
fd0cc3ad-bb8b-4eab-9486-98c76292b607,8953891c-6af3-4f31-8386-7340f0c27f9c,Wil Powell,FWD,https://fantasy.afl.com.au/assets/media/players/afl/1007881_450.png,2026-02-26 00:25:45.873242+00,27,,,0,1007881,gold-coast-suns,Gold Coast Suns,https://fantasy.afl.com.au/assets/media/players/afl/1007881_450.png,Wil Powell,Wil Powell,ilowell
fd1cd5b1-e7d5-4976-bb87-b80d9454bde5,,James Aish,,https://fantasy.afl.com.au/assets/media/players/afl/295067_450.png,2026-02-26 00:25:45.873242+00,,,,0,295067,,,https://fantasy.afl.com.au/assets/media/players/afl/295067_450.png,James Aish,James Aish,amesish
fd426838-8c2c-4feb-a365-07390c6f6250,4a0822e2-ed7a-4fc4-8e70-bd1d1b92d3f8,Iliro Smit,FWD,https://fantasy.afl.com.au/assets/media/players/afl/1027834_450.png,2026-02-26 00:25:45.873242+00,20,,,0,1027834,collingwood-magpies,Collingwood Magpies,https://fantasy.afl.com.au/assets/media/players/afl/1027834_450.png,Iliro Smit,Iliro Smit,liromit
fdb8da9c-4add-4d8e-b4f7-8e9c97092e9d,8953891c-6af3-4f31-8386-7340f0c27f9c,Leonardo Lombard,DEF,https://fantasy.afl.com.au/assets/media/players/afl/1029301_450.png,2026-02-26 00:25:46.196086+00,8,,,0,1029301,gold-coast-suns,Gold Coast Suns,https://fantasy.afl.com.au/assets/media/players/afl/1029301_450.png,Leonardo Lombard,Leonardo Lombard,eonardoombard
fddf4ee6-fffd-45bb-9778-d508a3e65ca0,82880eac-b132-4b23-93d7-0ec25ff0a023,Trent Rivers,FWD,https://fantasy.afl.com.au/assets/media/players/afl/1009378_450.png,2026-02-26 00:25:45.873242+00,24,,,0,1009378,melbourne-demons,Melbourne Demons,https://fantasy.afl.com.au/assets/media/players/afl/1009378_450.png,Trent Rivers,Trent Rivers,rentivers
fdec72b0-b5af-43b3-94f4-9853b10170dd,70c32ca0-2bec-4db6-9b70-b8c8327f51c1,Ollie Wines,MID,https://fantasy.afl.com.au/assets/media/players/afl/294318_450.png,2026-02-26 00:25:45.873242+00,16,,,0,294318,port-adelaide-power,Port Adelaide Power,https://fantasy.afl.com.au/assets/media/players/afl/294318_450.png,Ollie Wines,Ollie Wines,llieines
fee5a910-7b0e-4e85-9b2a-4d34f1ec9bb8,,Jacob Bauer,,https://fantasy.afl.com.au/assets/media/players/afl/1021152_450.png,2026-02-26 00:25:46.196086+00,,,,0,1021152,,,https://fantasy.afl.com.au/assets/media/players/afl/1021152_450.png,Jacob Bauer,Jacob Bauer,acobauer
ff127838-5208-4600-9efd-757332c91650,6689e156-49a9-4066-a22e-259375fa9b04,Mitch Knevitt,MID,https://fantasy.afl.com.au/assets/media/players/afl/1021103_450.png,2026-02-26 00:25:45.873242+00,10,,,0,1021103,geelong-cats,Geelong Cats,https://fantasy.afl.com.au/assets/media/players/afl/1021103_450.png,Mitch Knevitt,Mitch Knevitt,itchnevitt
ff57d491-762c-4dfd-bfa9-ea5766c0f33d,0d8207f2-c6ac-43c7-b3b1-154eb1648fe5,Jesse Hogan,FWD,https://fantasy.afl.com.au/assets/media/players/afl/296324_450.png,2026-02-26 00:25:45.873242+00,23,,,0,296324,gws-giants,GWS Giants,https://fantasy.afl.com.au/assets/media/players/afl/296324_450.png,Jesse Hogan,Jesse Hogan,esseogan
ff596711-d73f-41ad-a1d1-d6222b59fa89,70c32ca0-2bec-4db6-9b70-b8c8327f51c1,Miles Bergman,MID,https://fantasy.afl.com.au/assets/media/players/afl/1009191_450.png,2026-02-26 00:25:45.873242+00,14,,,0,1009191,port-adelaide-power,Port Adelaide Power,https://fantasy.afl.com.au/assets/media/players/afl/1009191_450.png,Miles Bergman,Miles Bergman,ilesergman