id,team_id,name,position,headshot_url,created_at,number,slug,season_id,goals,afl_player_id,team_key,team_name,photo_url,full_name,display_name,name_key
0043a724-75d9-4598-bd81-8f75194cdf9d,d991371b-e2f7-4c95-ad7c-52ea89b07d7b,Blake Hardwick,MID,"https://s.afl.com.au/staticfile/AFL%20Tenant/AFL/Players/ChampIDImages/AFL/2026014/993794.png?im=Scale,width=0.6,height=0.6",2026-02-26 00:25:45.873242+00,15,,,0,993794,hawthorn-hawks,Hawthorn Hawks,"https://s.afl.com.au/staticfile/AFL%20Tenant/AFL/Players/ChampIDImages/AFL/2026014/993794.png?im=Scale,width=0.6,height=0.6",Blake Hardwick,Blake Hardwick,lakeardwick
007b27d5-69d5-49ee-a10c-c2ccc246b12d,38694aa4-7f1c-4a5f-b306-d094532ae24a,Jye Caldwell,DEF,"https://s.afl.com.au/staticfile/AFL%20Tenant/AFL/Players/ChampIDImages/AFL/2026014/1006103.png?im=Scale,width=0.6,height=0.6",2026-02-26 00:25:45.873242+00,6,,,0,1006103,essendon-bombers,Essendon Bombers,"https://s.afl.com.au/staticfile/AFL%20Tenant/AFL/Players/ChampIDImages/AFL/2026014/1006103.png?im=Scale,width=0.6,height=0.6",Jye Caldwell,Jye Caldwell,yealdwell
007c6071-05d1-42d8-b5eb-135cf0d4065f,d991371b-e2f7-4c95-ad7c-52ea89b07d7b,Mabior Chol,MID,"https://s.afl.com.au/staticfile/AFL%20Tenant/AFL/Players/ChampIDImages/AFL/2026014/994077.png?im=Scale,width=0.6,height=0.6",2026-02-26 00:25:46.196086+00,18,,,0,994077,hawthorn-hawks,Hawthorn Hawks,"https://s.afl.com.au/staticfile/AFL%20Tenant/AFL/Players/ChampIDImages/AFL/2026014/994077.png?im=Scale,width=0.6,height=0.6",Mabior Chol,Mabior Chol,abiorhol
00aa6b40-011d-42af-8739-8a7cab50b529,6e06405b-7cff-4d56-b852-48cc980c21bb,Harry Armstrong,MID,"https://s.afl.com.au/staticfile/AFL%20Tenant/AFL/Players/ChampIDImages/AFL/2026014/1028525.png?im=Scale,width=0.6,height=0.6",2026-02-26 00:25:46.196086+00,34,,,0,1028525,richmond-tigers,Richmond Tigers,"https://s.afl.com.au/staticfile/AFL%20Tenant/AFL/Players/ChampIDImages/AFL/2026014/1028525.png?im=Scale,width=0.6,height=0.6",Harry Armstrong,Harry Armstrong,arryrmstrong
00d66319-40c3-4dad-b80f-19c43dd62221,70c32ca0-2bec-4db6-9b70-b8c8327f51c1,Esava Ratugolea,FWD,"https://s.afl.com.au/staticfile/AFL%20Tenant/AFL/Players/ChampIDImages/AFL/2026014/1002220.png?im=Scale,width=0.6,height=0.6",2026-02-26 00:25:46.196086+00,27,,,0,1002220,port-adelaide-power,Port Adelaide Power,"https://s.afl.com.au/staticfile/AFL%20Tenant/AFL/Players/ChampIDImages/AFL/2026014/1002220.png?im=Scale,width=0.6,height=0.6",Esava Ratugolea,Esava Ratugolea,savaatugolea
013f4ab2-1421-42bc-b126-d1c9ee781098,70c32ca0-2bec-4db6-9b70-b8c8327f51c1,Josh Sinn,DEF,"https://s.afl.com.au/staticfile/AFL%20Tenant/AFL/Players/ChampIDImages/AFL/2026014/1017078.png?im=Scale,width=0.6,height=0.6",2026-02-26 00:25:46.196086+00,8,,,0,1017078,port-adelaide-power,Port Adelaide Power,"https://s.afl.com.au/staticfile/AFL%20Tenant/AFL/Players/ChampIDImages/AFL/2026014/1017078.png?im=Scale,width=0.6,height=0.6",Josh Sinn,Josh Sinn,oshinn
019eab83-f42e-445f-8650-01b8be0fea03,f70ca36c-612b-439f-850f-4a31fd2df499,Lachlan Charleson,FWD,"https://s.afl.com.au/staticfile/AFL%20Tenant/AFL/Players/ChampIDImages/AFL/2026014/1014013.png?im=Scale,width=0.6,height=0.6",2026-02-26 00:25:46.196086+00,28,,,0,1014013,carlton-blues,Carlton Blues,"https://s.afl.com.au/staticfile/AFL%20Tenant/AFL/Players/ChampIDImages/AFL/2026014/1014013.png?im=Scale,width=0.6,height=0.6",Lachlan Charleson,Lachlan Charleson,achlanharleson
01b0a7c5-f679-49cd-8aac-580b0acec5cf,0a73bf79-7321-4fd5-8b67-90fffabdcf01,Murphy Reid,MID,"https://s.afl.com.au/staticfile/AFL%20Tenant/AFL/Players/ChampIDImages/AFL/2026014/1028513.png?im=Scale,width=0.6,height=0.6",2026-02-26 00:25:45.873242+00,16,,,0,1028513,fremantle-dockers,Fremantle Dockers,"https://s.afl.com.au/staticfile/AFL%20Tenant/AFL/Players/ChampIDImages/AFL/2026014/1028513.png?im=Scale,width=0.6,height=0.6",Murphy Reid,Murphy Reid,urphyeid
0214acca-2ac1-439c-8c60-2d5099e9de33,7fddbede-9cbf-4436-9845-1db1739b2476,Finlay Macrae,MID,"https://s.afl.com.au/staticfile/AFL%20Tenant/AFL/Players/ChampIDImages/AFL/2026014/1012828.png?im=Scale,width=0.6,height=0.6",2026-02-26 00:25:45.873242+00,45,,,0,1012828,west-coast-eagles,West Coast Eagles,"https://s.afl.com.au/staticfile/AFL%20Tenant/AFL/Players/ChampIDImages/AFL/2026014/1012828.png?im=Scale,width=0.6,height=0.6",Finlay Macrae,Finlay Macrae,inlayacrae
027822b3-8c0c-4667-9558-efdde326eb9a,6d7d39fb-1136-4cc8-a68c-bb6a284f2245,Alex Neal-Bullen,FWD,"https://s.afl.com.au/staticfile/AFL%20Tenant/AFL/Players/ChampIDImages/AFL/2026014/296420.png?im=Scale,width=0.6,height=0.6",2026-02-26 00:25:45.873242+00,28,,,0,296420,adelaide-crows,Adelaide Crows,"https://s.afl.com.au/staticfile/AFL%20Tenant/AFL/Players/ChampIDImages/AFL/2026014/296420.png?im=Scale,width=0.6,height=0.6",Alex Neal-Bullen,Alex Neal-Bullen,lexealullen
0283684e-4de4-42b6-b3bb-8ac266260a71,,Josh Fahey,,"https://s.afl.com.au/staticfile/AFL%20Tenant/AFL/Players/ChampIDImages/AFL/2026014/1017751.png?im=Scale,width=0.6,height=0.6",2026-02-26 00:25:45.873242+00,,,,0,1017751,,,"https://s.afl.com.au/staticfile/AFL%20Tenant/AFL/Players/ChampIDImages/AFL/2026014/1017751.png?im=Scale,width=0.6,height=0.6",Josh Fahey,Josh Fahey,oshahey
03664bdf-d5fe-4891-b2f6-9368d6e11dea,8953891c-6af3-4f31-8386-7340f0c27f9c,Ethan Read,MID,"https://s.afl.com.au/staticfile/AFL%20Tenant/AFL/Players/ChampIDImages/AFL/2026014/1027033.png?im=Scale,width=0.6,height=0.6",2026-02-26 00:25:46.196086+00,20,,,0,1027033,gold-coast-suns,Gold Coast Suns,"https://s.afl.com.au/staticfile/AFL%20Tenant/AFL/Players/ChampIDImages/AFL/2026014/1027033.png?im=Scale,width=0.6,height=0.6",Ethan Read,Ethan Read,thanead
0411bc3e-834e-41ef-83e6-76a2ebb06eb3,82880eac-b132-4b23-93d7-0ec25ff0a023,Luker Kentfield,MID,"https://s.afl.com.au/staticfile/AFL%20Tenant/AFL/Players/ChampIDImages/AFL/2026014/1024337.png?im=Scale,width=0.6,height=0.6",2026-02-26 00:25:46.196086+00,44,,,0,1024337,melbourne-demons,Melbourne Demons,"https://s.afl.com.au/staticfile/AFL%20Tenant/AFL/Players/ChampIDImages/AFL/2026014/1024337.png?im=Scale,width=0.6,height=0.6",Luker Kentfield,Luker Kentfield,ukerentfield
045354b2-79ef-46c1-9e8c-ea1dcd8fa052,82880eac-b132-4b23-93d7-0ec25ff0a023,Jed Adams,FWD,"https://s.afl.com.au/staticfile/AFL%20Tenant/AFL/Players/ChampIDImages/AFL/2026014/1023174.png?im=Scale,width=0.6,height=0.6",2026-02-26 00:25:46.196086+00,26,,,0,1023174,melbourne-demons,Melbourne Demons,"https://s.afl.com.au/staticfile/AFL%20Tenant/AFL/Players/ChampIDImages/AFL/2026014/1023174.png?im=Scale,width=0.6,height=0.6",Jed Adams,Jed Adams,eddams
0485cc0a-9789-431a-bacc-2208a6c84f42,38694aa4-7f1c-4a5f-b306-d094532ae24a,Nik Cox,MID,"https://s.afl.com.au/staticfile/AFL%20Tenant/AFL/Players/ChampIDImages/AFL/2026014/1015827.png?im=Scale,width=0.6,height=0.6",2026-02-26 00:25:45.873242+00,13,,,0,1015827,essendon-bombers,Essendon Bombers,"https://s.afl.com.au/staticfile/AFL%20Tenant/AFL/Players/ChampIDImages/AFL/2026014/1015827.png?im=Scale,width=0.6,height=0.6",Nik Cox,Nik Cox,ikox
04d1d6b6-06fb-4137-bcd3-b365540a4488,,Anthony Scott,,"https://s.afl.com.au/staticfile/AFL%20Tenant/AFL/Players/ChampIDImages/AFL/2026014/992048.png?im=Scale,width=0.6,height=0.6",2026-02-26 00:25:46.196086+00,,,,0,992048,,,"https://s.afl.com.au/staticfile/AFL%20Tenant/AFL/Players/ChampIDImages/AFL/2026014/992048.png?im=Scale,width=0.6,height=0.6",Anthony Scott,Anthony Scott,nthonycott
0535367a-e0ab-45af-adae-750ba9c4673d,6689e156-49a9-4066-a22e-259375fa9b04,Gryan Miers,MID,"https://s.afl.com.au/staticfile/AFL%20Tenant/AFL/Players/ChampIDImages/AFL/2026014/1004938.png?im=Scale,width=0.6,height=0.6",2026-02-26 00:25:45.873242+00,32,,,0,1004938,geelong-cats,Geelong Cats,"https://s.afl.com.au/staticfile/AFL%20Tenant/AFL/Players/ChampIDImages/AFL/2026014/1004938.png?im=Scale,width=0.6,height=0.6",Gryan Miers,Gryan Miers,ryaniers
057fe230-b0ff-4f97-a7cc-5c0d30928d94,38694aa4-7f1c-4a5f-b306-d094532ae24a,Liam McMahon,MID,"https://s.afl.com.au/staticfile/AFL%20Tenant/AFL/Players/ChampIDImages/AFL/2026014/1012842.png?im=Scale,width=0.6,height=0.6",2026-02-26 00:25:46.196086+00,48,,,0,1012842,essendon-bombers,Essendon Bombers,"https://s.afl.com.au/staticfile/AFL%20Tenant/AFL/Players/ChampIDImages/AFL/2026014/1012842.png?im=Scale,width=0.6,height=0.6",Liam McMahon,Liam McMahon,iamcahon
05bddad1-8ba3-44e5-9340-df90dfd4a157,70c32ca0-2bec-4db6-9b70-b8c8327f51c1,Benny Barrett,MID,"https://s.afl.com.au/staticfile/AFL%20Tenant/AFL/Players/ChampIDImages/AFL/2026014/1022601.png?im=Scale,width=0.6,height=0.6",2026-02-26 00:25:46.196086+00,40,,,0,1022601,port-adelaide-power,Port Adelaide Power,"https://s.afl.com.au/staticfile/AFL%20Tenant/AFL/Players/ChampIDImages/AFL/2026014/1022601.png?im=Scale,width=0.6,height=0.6",Benny Barrett,Benny Barrett,ennyarrett
061433f2-4585-4cff-8dab-929ab6e39d31,d991371b-e2f7-4c95-ad7c-52ea89b07d7b,Jack Scrimshaw,MID,"https://s.afl.com.au/staticfile/AFL%20Tenant/AFL/Players/ChampIDImages/AFL/2026014/998114.png?im=Scale,width=0.6,height=0.6",2026-02-26 00:25:45.873242+00,14,,,0,998114,hawthorn-hawks,Hawthorn Hawks,"https://s.afl.com.au/staticfile/AFL%20Tenant/AFL/Players/ChampIDImages/AFL/2026014/998114.png?im=Scale,width=0.6,height=0.6",Jack Scrimshaw,Jack Scrimshaw,ackcrimshaw
0638655e-7fb5-4678-b47a-bcfdb0ea121b,914ab50f-d78d-4a28-aaef-6e4db1410600,Jack Sinclair,MID,"https://s.afl.com.au/staticfile/AFL%20Tenant/AFL/Players/ChampIDImages/AFL/2026014/994389.png?im=Scale,width=0.6,height=0.6",2026-02-26 00:25:45.873242+00,35,,,0,994389,st-kilda-saints,St Kilda Saints,"https://s.afl.com.au/staticfile/AFL%20Tenant/AFL/Players/ChampIDImages/AFL/2026014/994389.png?im=Scale,width=0.6,height=0.6",Jack Sinclair,Jack Sinclair,ackinclair
069d298b-1c2a-4239-8587-83bcb85a2de5,5a697f25-65ef-4a40-9446-c813bbd624dc,Chad Warner,DEF,"https://s.afl.com.au/staticfile/AFL%20Tenant/AFL/Players/ChampIDImages/AFL/2026014/1012014.png?im=Scale,width=0.6,height=0.6",2026-02-26 00:25:45.873242+00,1,,,0,1012014,sydney-swans,Sydney Swans,"https://s.afl.com.au/staticfile/AFL%20Tenant/AFL/Players/ChampIDImages/AFL/2026014/1012014.png?im=Scale,width=0.6,height=0.6",Chad Warner,Chad Warner,hadarner
06f9430c-81f3-4f38-876c-7092ec08a498,7fddbede-9cbf-4436-9845-1db1739b2476,Tylar Young,FWD,"https://s.afl.com.au/staticfile/AFL%20Tenant/AFL/Players/ChampIDImages/AFL/2026014/1018433.png?im=Scale,width=0.6,height=0.6",2026-02-26 00:25:46.196086+00,20,,,0,1018433,west-coast-eagles,West Coast Eagles,"https://s.afl.com.au/staticfile/AFL%20Tenant/AFL/Players/ChampIDImages/AFL/2026014/1018433.png?im=Scale,width=0.6,height=0.6",Tylar Young,Tylar Young,ylaroung
072e47ff-ccae-4752-bba1-a2f2ed9dd7c7,6d7d39fb-1136-4cc8-a68c-bb6a284f2245,Luke Pedlar,MID,"https://s.afl.com.au/staticfile/AFL%20Tenant/AFL/Players/ChampIDImages/AFL/2026014/1012218.png?im=Scale,width=0.6,height=0.6",2026-02-26 00:25:46.196086+00,10,,,0,1012218,adelaide-crows,Adelaide Crows,"https://s.afl.com.au/staticfile/AFL%20Tenant/AFL/Players/ChampIDImages/AFL/2026014/1012218.png?im=Scale,width=0.6,height=0.6",Luke Pedlar,Luke Pedlar,ukeedlar
079d0d24-3ae8-4161-91e0-c386c92f99b9,85de4282-cc6a-4db6-b4f6-8520b69c38de,Griffin Logue,FWD,"https://s.afl.com.au/staticfile/AFL%20Tenant/AFL/Players/ChampIDImages/AFL/2026014/997933.png?im=Scale,width=0.6,height=0.6",2026-02-26 00:25:46.196086+00,19,,,0,997933,north-melbourne-kangaroos,North Melbourne Kangaroos,"https://s.afl.com.au/staticfile/AFL%20Tenant/AFL/Players/ChampIDImages/AFL/2026014/997933.png?im=Scale,width=0.6,height=0.6",Griffin Logue,Griffin Logue,riffinogue
07e5fcb9-9da4-43f3-a8ad-b690ce24fb2d,,Callan Ward,,"https://s.afl.com.au/staticfile/AFL%20Tenant/AFL/Players/ChampIDImages/AFL/2026014/280109.png?im=Scale,width=0.6,height=0.6",2026-02-26 00:25:45.873242+00,,,,0,280109,,,"https://s.afl.com.au/staticfile/AFL%20Tenant/AFL/Players/ChampIDImages/AFL/2026014/280109.png?im=Scale,width=0.6,height=0.6",Callan Ward,Callan Ward,allanard
08b6f6bb-5d9c-4854-b895-7a1d17ec4dd6,6689e156-49a9-4066-a22e-259375fa9b04,Jay Polkinghorne,DEF,"https://s.afl.com.au/staticfile/AFL%20Tenant/AFL/Players/ChampIDImages/AFL/2026014/1027428.png?im=Scale,width=0.6,height=0.6",2026-02-26 00:25:46.196086+00,2,,,0,1027428,geelong-cats,Geelong Cats,"https://s.afl.com.au/staticfile/AFL%20Tenant/AFL/Players/ChampIDImages/AFL/2026014/1027428.png?im=Scale,width=0.6,height=0.6",Jay Polkinghorne,Jay Polkinghorne,ayolkinghorne
08d0eece-808f-468b-9eb6-af5184566031,501a05f7-174e-4a86-8cea-db048be8b646,Levi Ashcroft,MID,"https://s.afl.com.au/staticfile/AFL%20Tenant/AFL/Players/ChampIDImages/AFL/2026014/1028560.png?im=Scale,width=0.6,height=0.6",2026-02-26 00:25:45.873242+00,10,,,0,1028560,brisbane-lions,Brisbane Lions,"https://s.afl.com.au/staticfile/AFL%20Tenant/AFL/Players/ChampIDImages/AFL/2026014/1028560.png?im=Scale,width=0.6,height=0.6",Levi Ashcroft,Levi Ashcroft,evishcroft
09e38b04-60c8-4fcb-a50a-71ff9ddb0f44,8953891c-6af3-4f31-8386-7340f0c27f9c,Bailey Humphrey,MID,"https://s.afl.com.au/staticfile/AFL%20Tenant/AFL/Players/ChampIDImages/AFL/2026014/1023500.png?im=Scale,width=0.6,height=0.6",2026-02-26 00:25:46.196086+00,19,,,0,1023500,gold-coast-suns,Gold Coast Suns,"https://s.afl.com.au/staticfile/AFL%20Tenant/AFL/Players/ChampIDImages/AFL/2026014/1023500.png?im=Scale,width=0.6,height=0.6",Bailey Humphrey,Bailey Humphrey,aileyumphrey
09e57f5f-67f9-4d53-b506-89d2d6e39120,4a0822e2-ed7a-4fc4-8e70-bd1d1b92d3f8,Jamie Elliott,DEF,"https://s.afl.com.au/staticfile/AFL%20Tenant/AFL/Players/ChampIDImages/AFL/2026014/293801.png?im=Scale,width=0.6,height=0.6",2026-02-26 00:25:45.873242+00,5,,,0,293801,collingwood-magpies,Collingwood Magpies,"https://s.afl.com.au/staticfile/AFL%20Tenant/AFL/Players/ChampIDImages/AFL/2026014/293801.png?im=Scale,width=0.6,height=0.6",Jamie Elliott,Jamie Elliott,amielliott
0a27b157-130a-4413-8f3a-fddca281f5fd,8953891c-6af3-4f31-8386-7340f0c27f9c,Caleb Graham,MID,"https://s.afl.com.au/staticfile/AFL%20Tenant/AFL/Players/ChampIDImages/AFL/2026014/1006087.png?im=Scale,width=0.6,height=0.6",2026-02-26 00:25:46.196086+00,46,,,0,1006087,gold-coast-suns,Gold Coast Suns,"https://s.afl.com.au/staticfile/AFL%20Tenant/AFL/Players/ChampIDImages/AFL/2026014/1006087.png?im=Scale,width=0.6,height=0.6",Caleb Graham,Caleb Graham,alebraham
0a84d1cb-94ac-4988-9e81-37a0af357455,38694aa4-7f1c-4a5f-b306-d094532ae24a,Elijah Tsatas,DEF,"https://s.afl.com.au/staticfile/AFL%20Tenant/AFL/Players/ChampIDImages/AFL/2026014/1023785.png?im=Scale,width=0.6,height=0.6",2026-02-26 00:25:45.873242+00,5,,,0,1023785,essendon-bombers,Essendon Bombers,"https://s.afl.com.au/staticfile/AFL%20Tenant/AFL/Players/ChampIDImages/AFL/2026014/1023785.png?im=Scale,width=0.6,height=0.6",Elijah Tsatas,Elijah Tsatas,lijahsatas
0ac47b8b-c430-4cfa-bf32-cda7730648b1,,Sam Frost,,"https://s.afl.com.au/staticfile/AFL%20Tenant/AFL/Players/ChampIDImages/AFL/2026014/293738.png?im=Scale,width=0.6,height=0.6",2026-02-26 00:25:46.196086+00,,,,0,293738,,,"https://s.afl.com.au/staticfile/AFL%20Tenant/AFL/Players/ChampIDImages/AFL/2026014/293738.png?im=Scale,width=0.6,height=0.6",Sam Frost,Sam Frost,amrost
0ae9c367-cc73-4515-9e90-5c4ac798401f,0a73bf79-7321-4fd5-8b67-90fffabdcf01,Corey Wagner,MID,"https://s.afl.com.au/staticfile/AFL%20Tenant/AFL/Players/ChampIDImages/AFL/2026014/993940.png?im=Scale,width=0.6,height=0.6",2026-02-26 00:25:45.873242+00,34,,,0,993940,fremantle-dockers,Fremantle Dockers,"https://s.afl.com.au/staticfile/AFL%20Tenant/AFL/Players/ChampIDImages/AFL/2026014/993940.png?im=Scale,width=0.6,height=0.6",Corey Wagner,Corey Wagner,oreyagner
0b035750-dd41-4c71-bfa0-8ab143e87e6c,0a73bf79-7321-4fd5-8b67-90fffabdcf01,Cooper Simpson,FWD,"https://s.afl.com.au/staticfile/AFL%20Tenant/AFL/Players/ChampIDImages/AFL/2026014/1027656.png?im=Scale,width=0.6,height=0.6",2026-02-26 00:25:46.196086+00,29,,,0,1027656,fremantle-dockers,Fremantle Dockers,"https://s.afl.com.au/staticfile/AFL%20Tenant/AFL/Players/ChampIDImages/AFL/2026014/1027656.png?im=Scale,width=0.6,height=0.6",Cooper Simpson,Cooper Simpson,ooperimpson
0baefac1-a05f-49a6-a69e-f2cb9bff6e6b,8953891c-6af3-4f31-8386-7340f0c27f9c,Charlie Ballard,MID,"https://s.afl.com.au/staticfile/AFL%20Tenant/AFL/Players/ChampIDImages/AFL/2026014/1008882.png?im=Scale,width=0.6,height=0.6",2026-02-26 00:25:46.196086+00,10,,,0,1008882,gold-coast-suns,Gold Coast Suns,"https://s.afl.com.au/staticfile/AFL%20Tenant/AFL/Players/ChampIDImages/AFL/2026014/1008882.png?im=Scale,width=0.6,height=0.6",Charlie Ballard,Charlie Ballard,harlieallard
0bf15693-4f01-4cf3-bead-24d5bc9bd492,f70ca36c-612b-439f-850f-4a31fd2df499,Brodie Kemp,MID,"https://s.afl.com.au/staticfile/AFL%20Tenant/AFL/Players/ChampIDImages/AFL/2026014/1009241.png?im=Scale,width=0.6,height=0.6",2026-02-26 00:25:45.873242+00,17,,,0,1009241,carlton-blues,Carlton Blues,"https://s.afl.com.au/staticfile/AFL%20Tenant/AFL/Players/ChampIDImages/AFL/2026014/1009241.png?im=Scale,width=0.6,height=0.6",Brodie Kemp,Brodie Kemp,rodieemp
0c4f2153-e013-4dec-ac14-3ec9943a5638,85de4282-cc6a-4db6-b4f6-8520b69c38de,Josh Goater,RUCK,"https://s.afl.com.au/staticfile/AFL%20Tenant/AFL/Players/ChampIDImages/AFL/2026014/1017118.png?im=Scale,width=0.6,height=0.6",2026-02-26 00:25:45.873242+00,31,,,0,1017118,north-melbourne-kangaroos,North Melbourne Kangaroos,"https://s.afl.com.au/staticfile/AFL%20Tenant/AFL/Players/ChampIDImages/AFL/2026014/1017118.png?im=Scale,width=0.6,height=0.6",Josh Goater,Josh Goater,oshoater
0d038355-e869-434b-9b83-824c1aa99725,,Alwyn Davey Jnr,,"https://s.afl.com.au/staticfile/AFL%20Tenant/AFL/Players/ChampIDImages/AFL/2026014/1017933.png?im=Scale,width=0.6,height=0.6",2026-02-26 00:25:46.196086+00,,,,0,1017933,,,"https://s.afl.com.au/staticfile/AFL%20Tenant/AFL/Players/ChampIDImages/AFL/2026014/1017933.png?im=Scale,width=0.6,height=0.6",Alwyn Davey Jnr,Alwyn Davey Jnr,lwynaveynr
0d4b553d-4b4a-4578-9f7c-a44075e74b83,d991371b-e2f7-4c95-ad7c-52ea89b07d7b,Will Day,MID,"https://s.afl.com.au/staticfile/AFL%20Tenant/AFL/Players/ChampIDImages/AFL/2026014/1008550.png?im=Scale,width=0.6,height=0.6",2026-02-26 00:25:45.873242+00,12,,,0,1008550,hawthorn-hawks,Hawthorn Hawks,"https://s.afl.com.au/staticfile/AFL%20Tenant/AFL/Players/ChampIDImages/AFL/2026014/1008550.png?im=Scale,width=0.6,height=0.6",Will Day,Will Day,illay
0d773e5a-5b74-4984-86a5-b863a5b414e4,6e06405b-7cff-4d56-b852-48cc980c21bb,Hugo Ralphsmith,MID,"https://s.afl.com.au/staticfile/AFL%20Tenant/AFL/Players/ChampIDImages/AFL/2026014/1011985.png?im=Scale,width=0.6,height=0.6",2026-02-26 00:25:45.873242+00,13,,,0,1011985,richmond-tigers,Richmond Tigers,"https://s.afl.com.au/staticfile/AFL%20Tenant/AFL/Players/ChampIDImages/AFL/2026014/1011985.png?im=Scale,width=0.6,height=0.6",Hugo Ralphsmith,Hugo Ralphsmith,ugoalphsmith
0d85b739-6e3a-481c-8a98-3ffd6cb27d0c,38694aa4-7f1c-4a5f-b306-d094532ae24a,Nic Martin,MID,"https://s.afl.com.au/staticfile/AFL%20Tenant/AFL/Players/ChampIDImages/AFL/2026014/1026850.png?im=Scale,width=0.6,height=0.6",2026-02-26 00:25:45.873242+00,37,,,0,1026850,essendon-bombers,Essendon Bombers,"https://s.afl.com.au/staticfile/AFL%20Tenant/AFL/Players/ChampIDImages/AFL/2026014/1026850.png?im=Scale,width=0.6,height=0.6",Nic Martin,Nic Martin,icartin
0df39ce2-e5a2-4ce4-9969-727a0cdcb43b,,Brodie Smith,,"https://s.afl.com.au/staticfile/AFL%20Tenant/AFL/Players/ChampIDImages/AFL/2026014/291748.png?im=Scale,width=0.6,height=0.6",2026-02-26 00:25:45.873242+00,,,,0,291748,,,"https://s.afl.com.au/staticfile/AFL%20Tenant/AFL/Players/ChampIDImages/AFL/2026014/291748.png?im=Scale,width=0.6,height=0.6",Brodie Smith,Brodie Smith,rodiemith
0e3ecca4-fe90-42d3-aa45-43cef888ffa5,6e06405b-7cff-4d56-b852-48cc980c21bb,Toby Nankervis,FWD,"https://s.afl.com.au/staticfile/AFL%20Tenant/AFL/Players/ChampIDImages/AFL/2026014/298174.png?im=Scale,width=0.6,height=0.6",2026-02-26 00:25:45.873242+00,25,,,0,298174,richmond-tigers,Richmond Tigers,"https://s.afl.com.au/staticfile/AFL%20Tenant/AFL/Players/ChampIDImages/AFL/2026014/298174.png?im=Scale,width=0.6,height=0.6",Toby Nankervis,Toby Nankervis,obyankervis
0e896872-ce3f-4561-9051-32569be61289,0a73bf79-7321-4fd5-8b67-90fffabdcf01,Joshua Draper,MID,"https://s.afl.com.au/staticfile/AFL%20Tenant/AFL/Players/ChampIDImages/AFL/2026014/1020668.png?im=Scale,width=0.6,height=0.6",2026-02-26 00:25:46.196086+00,37,,,0,1020668,fremantle-dockers,Fremantle Dockers,"https://s.afl.com.au/staticfile/AFL%20Tenant/AFL/Players/ChampIDImages/AFL/2026014/1020668.png?im=Scale,width=0.6,height=0.6",Joshua Draper,Joshua Draper,oshuaraper
0ff2ce60-26e4-4261-b3f0-854077a54217,,Alex Sexton,,"https://s.afl.com.au/staticfile/AFL%20Tenant/AFL/Players/ChampIDImages/AFL/2026014/294643.png?im=Scale,width=0.6,height=0.6",2026-02-26 00:25:45.873242+00,,,,0,294643,,,"https://s.afl.com.au/staticfile/AFL%20Tenant/AFL/Players/ChampIDImages/AFL/2026014/294643.png?im=Scale,width=0.6,height=0.6",Alex Sexton,Alex Sexton,lexexton
1098be9e-3c46-4d64-84da-8b12169198b5,d991371b-e2f7-4c95-ad7c-52ea89b07d7b,Cody Anderson,MID,"https://s.afl.com.au/staticfile/AFL%20Tenant/AFL/Players/ChampIDImages/AFL/2026014/1028566.png?im=Scale,width=0.6,height=0.6",2026-02-26 00:25:45.873242+00,32,,,0,1028566,hawthorn-hawks,Hawthorn Hawks,"https://s.afl.com.au/staticfile/AFL%20Tenant/AFL/Players/ChampIDImages/AFL/2026014/1028566.png?im=Scale,width=0.6,height=0.6",Cody Anderson,Cody Anderson,odynderson
10bc20c5-c7e4-4eb7-97d8-d8157a281d10,6689e156-49a9-4066-a22e-259375fa9b04,Rhys Stanley,DEF,"https://s.afl.com.au/staticfile/AFL%20Tenant/AFL/Players/ChampIDImages/AFL/2026014/280317.png?im=Scale,width=0.6,height=0.6",2026-02-26 00:25:45.873242+00,1,,,0,280317,geelong-cats,Geelong Cats,"https://s.afl.com.au/staticfile/AFL%20Tenant/AFL/Players/ChampIDImages/AFL/2026014/280317.png?im=Scale,width=0.6,height=0.6",Rhys Stanley,Rhys Stanley,hystanley
11074e04-d61e-488a-935d-2cf9c2fcd1ab,501a05f7-174e-4a86-8cea-db048be8b646,Reece Torrent,MID,"https://s.afl.com.au/staticfile/AFL%20Tenant/AFL/Players/ChampIDImages/AFL/2026014/1024187.png?im=Scale,width=0.6,height=0.6",2026-02-26 00:25:45.873242+00,36,,,0,1024187,brisbane-lions,Brisbane Lions,"https://s.afl.com.au/staticfile/AFL%20Tenant/AFL/Players/ChampIDImages/AFL/2026014/1024187.png?im=Scale,width=0.6,height=0.6",Reece Torrent,Reece Torrent,eeceorrent
1134bc01-0d66-4de7-ba12-174bbed0a17f,6689e156-49a9-4066-a22e-259375fa9b04,Jack Martin,FWD,"https://s.afl.com.au/staticfile/AFL%20Tenant/AFL/Players/ChampIDImages/AFL/2026014/296190.png?im=Scale,width=0.6,height=0.6",2026-02-26 00:25:45.873242+00,19,,,0,296190,geelong-cats,Geelong Cats,"https://s.afl.com.au/staticfile/AFL%20Tenant/AFL/Players/ChampIDImages/AFL/2026014/296190.png?im=Scale,width=0.6,height=0.6",Jack Martin,Jack Martin,ackartin
11adc5ad-e0aa-472e-aa61-0f81b58019f1,f70ca36c-612b-439f-850f-4a31fd2df499,Rob Monahan,MID,"https://s.afl.com.au/staticfile/AFL%20Tenant/AFL/Players/ChampIDImages/AFL/2026014/1035129.png?im=Scale,width=0.6,height=0.6",2026-02-26 00:25:46.196086+00,34,,,0,1035129,carlton-blues,Carlton Blues,"https://s.afl.com.au/staticfile/AFL%20Tenant/AFL/Players/ChampIDImages/AFL/2026014/1035129.png?im=Scale,width=0.6,height=0.6",Rob Monahan,Rob Monahan,obonahan
11b3c26c-f1a9-437b-bb3f-3a2eb351f690,6d7d39fb-1136-4cc8-a68c-bb6a284f2245,Jordon Butts,MID,"https://s.afl.com.au/staticfile/AFL%20Tenant/AFL/Players/ChampIDImages/AFL/2026014/1004995.png?im=Scale,width=0.6,height=0.6",2026-02-26 00:25:46.196086+00,41,,,0,1004995,adelaide-crows,Adelaide Crows,"https://s.afl.com.au/staticfile/AFL%20Tenant/AFL/Players/ChampIDImages/AFL/2026014/1004995.png?im=Scale,width=0.6,height=0.6",Jordon Butts,Jordon Butts,ordonutts
11e95a3a-27b5-4f38-a0e7-dd2c7a747c39,6d7d39fb-1136-4cc8-a68c-bb6a284f2245,Nick Murray,MID,"https://s.afl.com.au/staticfile/AFL%20Tenant/AFL/Players/ChampIDImages/AFL/2026014/1008230.png?im=Scale,width=0.6,height=0.6",2026-02-26 00:25:46.196086+00,9,,,0,1008230,adelaide-crows,Adelaide Crows,"https://s.afl.com.au/staticfile/AFL%20Tenant/AFL/Players/ChampIDImages/AFL/2026014/1008230.png?im=Scale,width=0.6,height=0.6",Nick Murray,Nick Murray,ickurray
121deb07-6837-4747-8fc9-950e9fff8dc4,70c32ca0-2bec-4db6-9b70-b8c8327f51c1,Corey Durdin,MID,"https://s.afl.com.au/staticfile/AFL%20Tenant/AFL/Players/ChampIDImages/AFL/2026014/1008510.png?im=Scale,width=0.6,height=0.6",2026-02-26 00:25:46.196086+00,44,,,0,1008510,port-adelaide-power,Port Adelaide Power,"https://s.afl.com.au/staticfile/AFL%20Tenant/AFL/Players/ChampIDImages/AFL/2026014/1008510.png?im=Scale,width=0.6,height=0.6",Corey Durdin,Corey Durdin,oreyurdin
1244f552-28ab-446b-a8ce-54eaa1a6fdf6,0a73bf79-7321-4fd5-8b67-90fffabdcf01,Mason Cox,MID,"https://s.afl.com.au/staticfile/AFL%20Tenant/AFL/Players/ChampIDImages/AFL/2026014/998647.png?im=Scale,width=0.6,height=0.6",2026-02-26 00:25:45.873242+00,18,,,0,998647,fremantle-dockers,Fremantle Dockers,"https://s.afl.com.au/staticfile/AFL%20Tenant/AFL/Players/ChampIDImages/AFL/2026014/998647.png?im=Scale,width=0.6,height=0.6",Mason Cox,Mason Cox,asonox
12bcf10d-d1df-496c-9258-453594947d6e,5a697f25-65ef-4a40-9446-c813bbd624dc,Hayden McLean,DEF,"https://s.afl.com.au/staticfile/AFL%20Tenant/AFL/Players/ChampIDImages/AFL/2026014/1003203.png?im=Scale,width=0.6,height=0.6",2026-02-26 00:25:46.196086+00,2,,,0,1003203,sydney-swans,Sydney Swans,"https://s.afl.com.au/staticfile/AFL%20Tenant/AFL/Players/ChampIDImages/AFL/2026014/1003203.png?im=Scale,width=0.6,height=0.6",Hayden McLean,Hayden McLean,aydencean
12f6ab9c-8df1-4ed9-a5bb-981f52592116,0ceb3e8b-4504-4ddd-b7c6-e2bf4215eada,Connor Budarick,FWD,"https://s.afl.com.au/staticfile/AFL%20Tenant/AFL/Players/ChampIDImages/AFL/2026014/1008454.png?im=Scale,width=0.6,height=0.6",2026-02-26 00:25:45.873242+00,19,,,0,1008454,western-bulldogs,Western Bulldogs,"https://s.afl.com.au/staticfile/AFL%20Tenant/AFL/Players/ChampIDImages/AFL/2026014/1008454.png?im=Scale,width=0.6,height=0.6",Connor Budarick,Connor Budarick,onnorudarick
13c0df66-89e0-4b33-812d-f4074ed4d823,6e06405b-7cff-4d56-b852-48cc980c21bb,Jasper Alger,FWD,"https://s.afl.com.au/staticfile/AFL%20Tenant/AFL/Players/ChampIDImages/AFL/2026014/1028537.png?im=Scale,width=0.6,height=0.6",2026-02-26 00:25:46.196086+00,29,,,0,1028537,richmond-tigers,Richmond Tigers,"https://s.afl.com.au/staticfile/AFL%20Tenant/AFL/Players/ChampIDImages/AFL/2026014/1028537.png?im=Scale,width=0.6,height=0.6",Jasper Alger,Jasper Alger,asperlger
14267f0f-c802-4390-982b-1fdb8b711247,0a73bf79-7321-4fd5-8b67-90fffabdcf01,Andrew Brayshaw,DEF,"https://s.afl.com.au/staticfile/AFL%20Tenant/AFL/Players/ChampIDImages/AFL/2026014/1002232.png?im=Scale,width=0.6,height=0.6",2026-02-26 00:25:45.873242+00,8,,,0,1002232,fremantle-dockers,Fremantle Dockers,"https://s.afl.com.au/staticfile/AFL%20Tenant/AFL/Players/ChampIDImages/AFL/2026014/1002232.png?im=Scale,width=0.6,height=0.6",Andrew Brayshaw,Andrew Brayshaw,ndrewrayshaw
1432daf6-6b35-4426-9246-357819d840e1,38694aa4-7f1c-4a5f-b306-d094532ae24a,Xavier Duursma,FWD,"https://s.afl.com.au/staticfile/AFL%20Tenant/AFL/Players/ChampIDImages/AFL/2026014/1006096.png?im=Scale,width=0.6,height=0.6",2026-02-26 00:25:45.873242+00,28,,,0,1006096,essendon-bombers,Essendon Bombers,"https://s.afl.com.au/staticfile/AFL%20Tenant/AFL/Players/ChampIDImages/AFL/2026014/1006096.png?im=Scale,width=0.6,height=0.6",Xavier Duursma,Xavier Duursma,avieruursma
14b0c0a9-64ab-4e05-8f0b-49f313da0c24,6e06405b-7cff-4d56-b852-48cc980c21bb,Kaleb Smith,MID,"https://s.afl.com.au/staticfile/AFL%20Tenant/AFL/Players/ChampIDImages/AFL/2026014/1022999.png?im=Scale,width=0.6,height=0.6",2026-02-26 00:25:46.196086+00,49,,,0,1022999,richmond-tigers,Richmond Tigers,"https://s.afl.com.au/staticfile/AFL%20Tenant/AFL/Players/ChampIDImages/AFL/2026014/1022999.png?im=Scale,width=0.6,height=0.6",Kaleb Smith,Kaleb Smith,alebmith
1572f3b3-e9cd-45c6-9e98-62b5fdf1e49e,38694aa4-7f1c-4a5f-b306-d094532ae24a,Archer May,FWD,"https://s.afl.com.au/staticfile/AFL%20Tenant/AFL/Players/ChampIDImages/AFL/2026014/1029084.png?im=Scale,width=0.6,height=0.6",2026-02-26 00:25:46.196086+00,26,,,0,1029084,essendon-bombers,Essendon Bombers,"https://s.afl.com.au/staticfile/AFL%20Tenant/AFL/Players/ChampIDImages/AFL/2026014/1029084.png?im=Scale,width=0.6,height=0.6",Archer May,Archer May,rcheray
15cfe63b-4ccf-4fc8-b375-a8f4cbf6f468,6689e156-49a9-4066-a22e-259375fa9b04,Max Holmes,MID,"https://s.afl.com.au/staticfile/AFL%20Tenant/AFL/Players/ChampIDImages/AFL/2026014/1015889.png?im=Scale,width=0.6,height=0.6",2026-02-26 00:25:45.873242+00,9,,,0,1015889,geelong-cats,Geelong Cats,"https://s.afl.com.au/staticfile/AFL%20Tenant/AFL/Players/ChampIDImages/AFL/2026014/1015889.png?im=Scale,width=0.6,height=0.6",Max Holmes,Max Holmes,axolmes
15fd9633-56ba-4307-91ee-8406d20f5ee7,,Harry Boyd,,"https://s.afl.com.au/staticfile/AFL%20Tenant/AFL/Players/ChampIDImages/AFL/2026014/1000958.png?im=Scale,width=0.6,height=0.6",2026-02-26 00:25:46.196086+00,,,,0,1000958,,,"https://s.afl.com.au/staticfile/AFL%20Tenant/AFL/Players/ChampIDImages/AFL/2026014/1000958.png?im=Scale,width=0.6,height=0.6",Harry Boyd,Harry Boyd,arryoyd
1615bc01-8ef6-44d5-a052-8707948b2e64,6d7d39fb-1136-4cc8-a68c-bb6a284f2245,Daniel Curtin,DEF,"https://s.afl.com.au/staticfile/AFL%20Tenant/AFL/Players/ChampIDImages/AFL/2026014/1024023.png?im=Scale,width=0.6,height=0.6",2026-02-26 00:25:46.196086+00,6,,,0,1024023,adelaide-crows,Adelaide Crows,"https://s.afl.com.au/staticfile/AFL%20Tenant/AFL/Players/ChampIDImages/AFL/2026014/1024023.png?im=Scale,width=0.6,height=0.6",Daniel Curtin,Daniel Curtin,anielurtin
1621ed46-6bf3-4d6c-8f79-8d4a66d32352,5a697f25-65ef-4a40-9446-c813bbd624dc,Riley Bice,FWD,"https://s.afl.com.au/staticfile/AFL%20Tenant/AFL/Players/ChampIDImages/AFL/2026014/1008224.png?im=Scale,width=0.6,height=0.6",2026-02-26 00:25:46.196086+00,26,,,0,1008224,sydney-swans,Sydney Swans,"https://s.afl.com.au/staticfile/AFL%20Tenant/AFL/Players/ChampIDImages/AFL/2026014/1008224.png?im=Scale,width=0.6,height=0.6",Riley Bice,Riley Bice,ileyice
162712c8-b609-4130-bf4e-8913d0366360,f70ca36c-612b-439f-850f-4a31fd2df499,Liam Reidy,FWD,"https://s.afl.com.au/staticfile/AFL%20Tenant/AFL/Players/ChampIDImages/AFL/2026014/1023346.png?im=Scale,width=0.6,height=0.6",2026-02-26 00:25:45.873242+00,25,,,0,1023346,carlton-blues,Carlton Blues,"https://s.afl.com.au/staticfile/AFL%20Tenant/AFL/Players/ChampIDImages/AFL/2026014/1023346.png?im=Scale,width=0.6,height=0.6",Liam Reidy,Liam Reidy,iameidy
16330e2c-fd2d-412f-b134-7c4304ac1822,d991371b-e2f7-4c95-ad7c-52ea89b07d7b,Sam Butler,RUCK,"https://s.afl.com.au/staticfile/AFL%20Tenant/AFL/Players/ChampIDImages/AFL/2026014/1010708.png?im=Scale,width=0.6,height=0.6",2026-02-26 00:25:46.196086+00,30,,,0,1010708,hawthorn-hawks,Hawthorn Hawks,"https://s.afl.com.au/staticfile/AFL%20Tenant/AFL/Players/ChampIDImages/AFL/2026014/1010708.png?im=Scale,width=0.6,height=0.6",Sam Butler,Sam Butler,amutler
16465e85-6d62-4a74-8cad-b7a3c2714a30,f70ca36c-612b-439f-850f-4a31fd2df499,Zac Williams,DEF,"https://s.afl.com.au/staticfile/AFL%20Tenant/AFL/Players/ChampIDImages/AFL/2026014/294685.png?im=Scale,width=0.6,height=0.6",2026-02-26 00:25:45.873242+00,6,,,0,294685,carlton-blues,Carlton Blues,"https://s.afl.com.au/staticfile/AFL%20Tenant/AFL/Players/ChampIDImages/AFL/2026014/294685.png?im=Scale,width=0.6,height=0.6",Zac Williams,Zac Williams,acilliams
1653ade6-de6a-46f6-bf9f-b214224d45cb,0d8207f2-c6ac-43c7-b3b1-154eb1648fe5,Finn Callaghan,MID,"https://s.afl.com.au/staticfile/AFL%20Tenant/AFL/Players/ChampIDImages/AFL/2026014/1023266.png?im=Scale,width=0.6,height=0.6",2026-02-26 00:25:45.873242+00,17,,,0,1023266,gws-giants,GWS Giants,"https://s.afl.com.au/staticfile/AFL%20Tenant/AFL/Players/ChampIDImages/AFL/2026014/1023266.png?im=Scale,width=0.6,height=0.6",Finn Callaghan,Finn Callaghan,innallaghan
16cbf508-252c-4521-a880-fb2fdf79b77a,,Jayden Hunt,,"https://s.afl.com.au/staticfile/AFL%20Tenant/AFL/Players/ChampIDImages/AFL/2026014/994385.png?im=Scale,width=0.6,height=0.6",2026-02-26 00:25:45.873242+00,,,,0,994385,,,"https://s.afl.com.au/staticfile/AFL%20Tenant/AFL/Players/ChampIDImages/AFL/2026014/994385.png?im=Scale,width=0.6,height=0.6",Jayden Hunt,Jayden Hunt,aydenunt
176eb14b-601f-41b9-b80d-d13b971b8bc3,70c32ca0-2bec-4db6-9b70-b8c8327f51c1,Jase Burgoyne,DEF,"https://s.afl.com.au/staticfile/AFL%20Tenant/AFL/Players/ChampIDImages/AFL/2026014/1013462.png?im=Scale,width=0.6,height=0.6",2026-02-26 00:25:45.873242+00,7,,,0,1013462,port-adelaide-power,Port Adelaide Power,"https://s.afl.com.au/staticfile/AFL%20Tenant/AFL/Players/ChampIDImages/AFL/2026014/1013462.png?im=Scale,width=0.6,height=0.6",Jase Burgoyne,Jase Burgoyne,aseurgoyne
17cb739c-47ef-4988-b33c-94644e819db0,,Ted Clohesy,,"https://s.afl.com.au/staticfile/AFL%20Tenant/AFL/Players/ChampIDImages/AFL/2026014/1023542.png?im=Scale,width=0.6,height=0.6",2026-02-26 00:25:46.196086+00,,,,0,1023542,,,"https://s.afl.com.au/staticfile/AFL%20Tenant/AFL/Players/ChampIDImages/AFL/2026014/1023542.png?im=Scale,width=0.6,height=0.6",Ted Clohesy,Ted Clohesy,edlohesy
1812cb62-f824-447c-b4f7-045cba817424,5a697f25-65ef-4a40-9446-c813bbd624dc,Tom Hanily,MID,"https://s.afl.com.au/staticfile/AFL%20Tenant/AFL/Players/ChampIDImages/AFL/2026014/1027687.png?im=Scale,width=0.6,height=0.6",2026-02-26 00:25:46.196086+00,40,,,0,1027687,sydney-swans,Sydney Swans,"https://s.afl.com.au/staticfile/AFL%20Tenant/AFL/Players/ChampIDImages/AFL/2026014/1027687.png?im=Scale,width=0.6,height=0.6",Tom Hanily,Tom Hanily,omanily
1848ee00-2df1-4d4e-9988-8f220a34faa7,,Kynan Brown,,"https://s.afl.com.au/staticfile/AFL%20Tenant/AFL/Players/ChampIDImages/AFL/2026014/1027949.png?im=Scale,width=0.6,height=0.6",2026-02-26 00:25:46.196086+00,,,,0,1027949,,,"https://s.afl.com.au/staticfile/AFL%20Tenant/AFL/Players/ChampIDImages/AFL/2026014/1027949.png?im=Scale,width=0.6,height=0.6",Kynan Brown,Kynan Brown,ynanrown
185cd875-4da1-40a7-ade8-e198ca029ab4,d991371b-e2f7-4c95-ad7c-52ea89b07d7b,Bailey Macdonald,MID,"https://s.afl.com.au/staticfile/AFL%20Tenant/AFL/Players/ChampIDImages/AFL/2026014/1029261.png?im=Scale,width=0.6,height=0.6",2026-02-26 00:25:46.196086+00,42,,,0,1029261,hawthorn-hawks,Hawthorn Hawks,"https://s.afl.com.au/staticfile/AFL%20Tenant/AFL/Players/ChampIDImages/AFL/2026014/1029261.png?im=Scale,width=0.6,height=0.6",Bailey Macdonald,Bailey Macdonald,aileyacdonald
186d8ead-c623-4a88-b12b-7089ab8245af,6689e156-49a9-4066-a22e-259375fa9b04,Patrick Dangerfield,MID,"https://s.afl.com.au/staticfile/AFL%20Tenant/AFL/Players/ChampIDImages/AFL/2026014/270917.png?im=Scale,width=0.6,height=0.6",2026-02-26 00:25:45.873242+00,35,,,0,270917,geelong-cats,Geelong Cats,"https://s.afl.com.au/staticfile/AFL%20Tenant/AFL/Players/ChampIDImages/AFL/2026014/270917.png?im=Scale,width=0.6,height=0.6",Patrick Dangerfield,Patrick Dangerfield,atrickangerfield
187ca0af-539e-4c08-bd0c-94b979257e3c,501a05f7-174e-4a86-8cea-db048be8b646,Oscar Allen,DEF,"https://s.afl.com.au/staticfile/AFL%20Tenant/AFL/Players/ChampIDImages/AFL/2026014/1004385.png?im=Scale,width=0.6,height=0.6",2026-02-26 00:25:45.873242+00,4,,,0,1004385,brisbane-lions,Brisbane Lions,"https://s.afl.com.au/staticfile/AFL%20Tenant/AFL/Players/ChampIDImages/AFL/2026014/1004385.png?im=Scale,width=0.6,height=0.6",Oscar Allen,Oscar Allen,scarllen
18f408b1-650c-4772-b977-7e43f51c4882,4a0822e2-ed7a-4fc4-8e70-bd1d1b92d3f8,Bobby Hill,FWD,"https://s.afl.com.au/staticfile/AFL%20Tenant/AFL/Players/ChampIDImages/AFL/2026014/1006148.png?im=Scale,width=0.6,height=0.6",2026-02-26 00:25:45.873242+00,23,,,0,1006148,collingwood-magpies,Collingwood Magpies,"https://s.afl.com.au/staticfile/AFL%20Tenant/AFL/Players/ChampIDImages/AFL/2026014/1006148.png?im=Scale,width=0.6,height=0.6",Bobby Hill,Bobby Hill,obbyill
18fc74e8-e5f9-4b60-bf52-079d2e96266e,d991371b-e2f7-4c95-ad7c-52ea89b07d7b,Tom Barrass,MID,"https://s.afl.com.au/staticfile/AFL%20Tenant/AFL/Players/ChampIDImages/AFL/2026014/990290.png?im=Scale,width=0.6,height=0.6",2026-02-26 00:25:45.873242+00,37,,,0,990290,hawthorn-hawks,Hawthorn Hawks,"https://s.afl.com.au/staticfile/AFL%20Tenant/AFL/Players/ChampIDImages/AFL/2026014/990290.png?im=Scale,width=0.6,height=0.6",Tom Barrass,Tom Barrass,omarrass
192346b8-2c1c-4379-a789-cf7e53e6d017,0ceb3e8b-4504-4ddd-b7c6-e2bf4215eada,Ryan Gardner,MID,"https://s.afl.com.au/staticfile/AFL%20Tenant/AFL/Players/ChampIDImages/AFL/2026014/997501.png?im=Scale,width=0.6,height=0.6",2026-02-26 00:25:45.873242+00,43,,,0,997501,western-bulldogs,Western Bulldogs,"https://s.afl.com.au/staticfile/AFL%20Tenant/AFL/Players/ChampIDImages/AFL/2026014/997501.png?im=Scale,width=0.6,height=0.6",Ryan Gardner,Ryan Gardner,yanardner
198193a4-5a3a-4831-9fb5-75238c6efd12,f70ca36c-612b-439f-850f-4a31fd2df499,Patrick Cripps,DEF,"https://s.afl.com.au/staticfile/AFL%20Tenant/AFL/Players/ChampIDImages/AFL/2026014/990704.png?im=Scale,width=0.6,height=0.6",2026-02-26 00:25:45.873242+00,9,,,0,990704,carlton-blues,Carlton Blues,"https://s.afl.com.au/staticfile/AFL%20Tenant/AFL/Players/ChampIDImages/AFL/2026014/990704.png?im=Scale,width=0.6,height=0.6",Patrick Cripps,Patrick Cripps,atrickripps
19d76e44-0001-410e-bdec-5cc04fb7d541,70c32ca0-2bec-4db6-9b70-b8c8327f51c1,Jack Whitlock,MID,"https://s.afl.com.au/staticfile/AFL%20Tenant/AFL/Players/ChampIDImages/AFL/2026014/1032053.png?im=Scale,width=0.6,height=0.6",2026-02-26 00:25:46.196086+00,17,,,0,1032053,port-adelaide-power,Port Adelaide Power,"https://s.afl.com.au/staticfile/AFL%20Tenant/AFL/Players/ChampIDImages/AFL/2026014/1032053.png?im=Scale,width=0.6,height=0.6",Jack Whitlock,Jack Whitlock,ackhitlock
1a4fa32a-d93f-4f07-ae80-b8b1ba2fbba5,82880eac-b132-4b23-93d7-0ec25ff0a023,Jake Melksham,MID,"https://s.afl.com.au/staticfile/AFL%20Tenant/AFL/Players/ChampIDImages/AFL/2026014/280824.png?im=Scale,width=0.6,height=0.6",2026-02-26 00:25:46.196086+00,18,,,0,280824,melbourne-demons,Melbourne Demons,"https://s.afl.com.au/staticfile/AFL%20Tenant/AFL/Players/ChampIDImages/AFL/2026014/280824.png?im=Scale,width=0.6,height=0.6",Jake Melksham,Jake Melksham,akeelksham
1a50a7a1-a132-4879-8c30-882309793b88,,Oskar Smartt,,"https://s.afl.com.au/staticfile/AFL%20Tenant/AFL/Players/ChampIDImages/AFL/2026014/1027644.png?im=Scale,width=0.6,height=0.6",2026-02-26 00:25:46.196086+00,,,,0,1027644,,,"https://s.afl.com.au/staticfile/AFL%20Tenant/AFL/Players/ChampIDImages/AFL/2026014/1027644.png?im=Scale,width=0.6,height=0.6",Oskar Smartt,Oskar Smartt,skarmartt
1a621f65-f46a-4218-8bc4-0aaa49b901d0,914ab50f-d78d-4a28-aaef-6e4db1410600,Sam Flanders,MID,"https://s.afl.com.au/staticfile/AFL%20Tenant/AFL/Players/ChampIDImages/AFL/2026014/1009260.png?im=Scale,width=0.6,height=0.6",2026-02-26 00:25:45.873242+00,9,,,0,1009260,st-kilda-saints,St Kilda Saints,"https://s.afl.com.au/staticfile/AFL%20Tenant/AFL/Players/ChampIDImages/AFL/2026014/1009260.png?im=Scale,width=0.6,height=0.6",Sam Flanders,Sam Flanders,amlanders
1a9c9fee-9922-413a-b759-9b20e006d245,6e06405b-7cff-4d56-b852-48cc980c21bb,Oliver Hayes-Brown,MID,"https://s.afl.com.au/staticfile/AFL%20Tenant/AFL/Players/ChampIDImages/AFL/2026014/1035199.png?im=Scale,width=0.6,height=0.6",2026-02-26 00:25:45.873242+00,47,,,0,1035199,richmond-tigers,Richmond Tigers,"https://s.afl.com.au/staticfile/AFL%20Tenant/AFL/Players/ChampIDImages/AFL/2026014/1035199.png?im=Scale,width=0.6,height=0.6",Oliver Hayes-Brown,Oliver Hayes-Brown,liverayesrown
1a9d2609-bfe9-437e-a015-4d00ce2bcf64,0a73bf79-7321-4fd5-8b67-90fffabdcf01,Jye Amiss,FWD,"https://s.afl.com.au/staticfile/AFL%20Tenant/AFL/Players/ChampIDImages/AFL/2026014/1020594.png?im=Scale,width=0.6,height=0.6",2026-02-26 00:25:45.873242+00,24,,,0,1020594,fremantle-dockers,Fremantle Dockers,"https://s.afl.com.au/staticfile/AFL%20Tenant/AFL/Players/ChampIDImages/AFL/2026014/1020594.png?im=Scale,width=0.6,height=0.6",Jye Amiss,Jye Amiss,yemiss
1aa4938c-cc8c-4704-ba19-51266d5d091c,70c32ca0-2bec-4db6-9b70-b8c8327f51c1,Lachie Jones,MID,"https://s.afl.com.au/staticfile/AFL%20Tenant/AFL/Players/ChampIDImages/AFL/2026014/1011583.png?im=Scale,width=0.6,height=0.6",2026-02-26 00:25:46.196086+00,34,,,0,1011583,port-adelaide-power,Port Adelaide Power,"https://s.afl.com.au/staticfile/AFL%20Tenant/AFL/Players/ChampIDImages/AFL/2026014/1011583.png?im=Scale,width=0.6,height=0.6",Lachie Jones,Lachie Jones,achieones
1b6ee71a-812c-4f46-a86f-fdcb5aceba83,,Blake Leidler,,"https://s.afl.com.au/staticfile/AFL%20Tenant/AFL/Players/ChampIDImages/AFL/2026014/1028564.png?im=Scale,width=0.6,height=0.6",2026-02-26 00:25:46.196086+00,,,,0,1028564,,,"https://s.afl.com.au/staticfile/AFL%20Tenant/AFL/Players/ChampIDImages/AFL/2026014/1028564.png?im=Scale,width=0.6,height=0.6",Blake Leidler,Blake Leidler,lakeeidler
1b8715cb-803d-4822-bf29-845b00e741a3,6e06405b-7cff-4d56-b852-48cc980c21bb,Liam Fawcett,MID,"https://s.afl.com.au/staticfile/AFL%20Tenant/AFL/Players/ChampIDImages/AFL/2026014/1022383.png?im=Scale,width=0.6,height=0.6",2026-02-26 00:25:46.196086+00,43,,,0,1022383,richmond-tigers,Richmond Tigers,"https://s.afl.com.au/staticfile/AFL%20Tenant/AFL/Players/ChampIDImages/AFL/2026014/1022383.png?im=Scale,width=0.6,height=0.6",Liam Fawcett,Liam Fawcett,iamawcett
1bba8ef6-6388-49a1-87c5-e0bd115e5a0b,0d8207f2-c6ac-43c7-b3b1-154eb1648fe5,Jack Buckley,MID,"https://s.afl.com.au/staticfile/AFL%20Tenant/AFL/Players/ChampIDImages/AFL/2026014/1009708.png?im=Scale,width=0.6,height=0.6",2026-02-26 00:25:45.873242+00,44,,,0,1009708,gws-giants,GWS Giants,"https://s.afl.com.au/staticfile/AFL%20Tenant/AFL/Players/ChampIDImages/AFL/2026014/1009708.png?im=Scale,width=0.6,height=0.6",Jack Buckley,Jack Buckley,ackuckley
1be31a8c-6d56-4549-a123-f460496f665c,70c32ca0-2bec-4db6-9b70-b8c8327f51c1,Darcy Byrne-Jones,MID,"https://s.afl.com.au/staticfile/AFL%20Tenant/AFL/Players/ChampIDImages/AFL/2026014/991930.png?im=Scale,width=0.6,height=0.6",2026-02-26 00:25:45.873242+00,33,,,0,991930,port-adelaide-power,Port Adelaide Power,"https://s.afl.com.au/staticfile/AFL%20Tenant/AFL/Players/ChampIDImages/AFL/2026014/991930.png?im=Scale,width=0.6,height=0.6",Darcy Byrne-Jones,Darcy Byrne-Jones,arcyyrneones
1c2a7b56-6796-4776-ba88-c3167b4e5ed1,0ceb3e8b-4504-4ddd-b7c6-e2bf4215eada,Matthew Kennedy,DEF,"https://s.afl.com.au/staticfile/AFL%20Tenant/AFL/Players/ChampIDImages/AFL/2026014/1001398.png?im=Scale,width=0.6,height=0.6",2026-02-26 00:25:45.873242+00,8,,,0,1001398,western-bulldogs,Western Bulldogs,"https://s.afl.com.au/staticfile/AFL%20Tenant/AFL/Players/ChampIDImages/AFL/2026014/1001398.png?im=Scale,width=0.6,height=0.6",Matthew Kennedy,Matthew Kennedy,atthewennedy
1c63af25-5f8d-4a1a-80bf-c784cb20a5f4,8953891c-6af3-4f31-8386-7340f0c27f9c,Elliott Himmelberg,MID,"https://s.afl.com.au/staticfile/AFL%20Tenant/AFL/Players/ChampIDImages/AFL/2026014/1005199.png?im=Scale,width=0.6,height=0.6",2026-02-26 00:25:46.196086+00,12,,,0,1005199,gold-coast-suns,Gold Coast Suns,"https://s.afl.com.au/staticfile/AFL%20Tenant/AFL/Players/ChampIDImages/AFL/2026014/1005199.png?im=Scale,width=0.6,height=0.6",Elliott Himmelberg,Elliott Himmelberg,lliottimmelberg
1ca2fda2-fd38-4a96-ac5a-ed7c039b582d,914ab50f-d78d-4a28-aaef-6e4db1410600,Liam Henry,FWD,"https://s.afl.com.au/staticfile/AFL%20Tenant/AFL/Players/ChampIDImages/AFL/2026014/1005988.png?im=Scale,width=0.6,height=0.6",2026-02-26 00:25:45.873242+00,23,,,0,1005988,st-kilda-saints,St Kilda Saints,"https://s.afl.com.au/staticfile/AFL%20Tenant/AFL/Players/ChampIDImages/AFL/2026014/1005988.png?im=Scale,width=0.6,height=0.6",Liam Henry,Liam Henry,iamenry
1cb8062f-6690-4dd2-b4c9-2586e14d51f6,6689e156-49a9-4066-a22e-259375fa9b04,Lawson Humphries,MID,"https://s.afl.com.au/staticfile/AFL%20Tenant/AFL/Players/ChampIDImages/AFL/2026014/1013464.png?im=Scale,width=0.6,height=0.6",2026-02-26 00:25:45.873242+00,17,,,0,1013464,geelong-cats,Geelong Cats,"https://s.afl.com.au/staticfile/AFL%20Tenant/AFL/Players/ChampIDImages/AFL/2026014/1013464.png?im=Scale,width=0.6,height=0.6",Lawson Humphries,Lawson Humphries,awsonumphries
1ce4d9ed-74da-410b-9d07-8006c895b53e,0ceb3e8b-4504-4ddd-b7c6-e2bf4215eada,Josh Dolan,FWD,"https://s.afl.com.au/staticfile/AFL%20Tenant/AFL/Players/ChampIDImages/AFL/2026014/1034235.png?im=Scale,width=0.6,height=0.6",2026-02-26 00:25:46.196086+00,26,,,0,1034235,western-bulldogs,Western Bulldogs,"https://s.afl.com.au/staticfile/AFL%20Tenant/AFL/Players/ChampIDImages/AFL/2026014/1034235.png?im=Scale,width=0.6,height=0.6",Josh Dolan,Josh Dolan,osholan
1d358578-7525-4d12-b503-480302a8b632,501a05f7-174e-4a86-8cea-db048be8b646,Keidean Coleman,MID,"https://s.afl.com.au/staticfile/AFL%20Tenant/AFL/Players/ChampIDImages/AFL/2026014/1006059.png?im=Scale,width=0.6,height=0.6",2026-02-26 00:25:45.873242+00,18,,,0,1006059,brisbane-lions,Brisbane Lions,"https://s.afl.com.au/staticfile/AFL%20Tenant/AFL/Players/ChampIDImages/AFL/2026014/1006059.png?im=Scale,width=0.6,height=0.6",Keidean Coleman,Keidean Coleman,eideanoleman
1d5aea9a-54f4-4498-8152-4588a9d79647,4a0822e2-ed7a-4fc4-8e70-bd1d1b92d3f8,Tew Jiath,MID,"https://s.afl.com.au/staticfile/AFL%20Tenant/AFL/Players/ChampIDImages/AFL/2026014/1032017.png?im=Scale,width=0.6,height=0.6",2026-02-26 00:25:46.196086+00,19,,,0,1032017,collingwood-magpies,Collingwood Magpies,"https://s.afl.com.au/staticfile/AFL%20Tenant/AFL/Players/ChampIDImages/AFL/2026014/1032017.png?im=Scale,width=0.6,height=0.6",Tew Jiath,Tew Jiath,ewiath
1dc38882-e99e-41e4-872d-3f4e4b25e8b8,6e06405b-7cff-4d56-b852-48cc980c21bb,Patrick Retschko,RUCK,"https://s.afl.com.au/staticfile/AFL%20Tenant/AFL/Players/ChampIDImages/AFL/2026014/1032081.png?im=Scale,width=0.6,height=0.6",2026-02-26 00:25:45.873242+00,33,,,0,1032081,richmond-tigers,Richmond Tigers,"https://s.afl.com.au/staticfile/AFL%20Tenant/AFL/Players/ChampIDImages/AFL/2026014/1032081.png?im=Scale,width=0.6,height=0.6",Patrick Retschko,Patrick Retschko,atricketschko
1e33ba40-9763-48e7-973b-c780fe770691,38694aa4-7f1c-4a5f-b306-d094532ae24a,Kyle Langford,DEF,"https://s.afl.com.au/staticfile/AFL%20Tenant/AFL/Players/ChampIDImages/AFL/2026014/298630.png?im=Scale,width=0.6,height=0.6",2026-02-26 00:25:45.873242+00,4,,,0,298630,essendon-bombers,Essendon Bombers,"https://s.afl.com.au/staticfile/AFL%20Tenant/AFL/Players/ChampIDImages/AFL/2026014/298630.png?im=Scale,width=0.6,height=0.6",Kyle Langford,Kyle Langford,yleangford
1e712e1f-98d3-47f7-861b-b945f0657144,0d8207f2-c6ac-43c7-b3b1-154eb1648fe5,James Leake,RUCK,"https://s.afl.com.au/staticfile/AFL%20Tenant/AFL/Players/ChampIDImages/AFL/2026014/1032119.png?im=Scale,width=0.6,height=0.6",2026-02-26 00:25:45.873242+00,30,,,0,1032119,gws-giants,GWS Giants,"https://s.afl.com.au/staticfile/AFL%20Tenant/AFL/Players/ChampIDImages/AFL/2026014/1032119.png?im=Scale,width=0.6,height=0.6",James Leake,James Leake,ameseake
1ec18aa5-dc6d-473b-9d61-66b3b0b8eeb0,0a73bf79-7321-4fd5-8b67-90fffabdcf01,Bailey Banfield,MID,"https://s.afl.com.au/staticfile/AFL%20Tenant/AFL/Players/ChampIDImages/AFL/2026014/998180.png?im=Scale,width=0.6,height=0.6",2026-02-26 00:25:45.873242+00,41,,,0,998180,fremantle-dockers,Fremantle Dockers,"https://s.afl.com.au/staticfile/AFL%20Tenant/AFL/Players/ChampIDImages/AFL/2026014/998180.png?im=Scale,width=0.6,height=0.6",Bailey Banfield,Bailey Banfield,aileyanfield
1ed46e36-0787-435f-96b7-9ccbf89e3fee,6d7d39fb-1136-4cc8-a68c-bb6a284f2245,Ben Keays,DEF,"https://s.afl.com.au/staticfile/AFL%20Tenant/AFL/Players/ChampIDImages/AFL/2026014/993946.png?im=Scale,width=0.6,height=0.6",2026-02-26 00:25:45.873242+00,2,,,0,993946,adelaide-crows,Adelaide Crows,"https://s.afl.com.au/staticfile/AFL%20Tenant/AFL/Players/ChampIDImages/AFL/2026014/993946.png?im=Scale,width=0.6,height=0.6",Ben Keays,Ben Keays,eneays
1f013159-d11f-4ec5-a5bf-6d00a7d076f4,,Kamdyn McIntosh,,"https://s.afl.com.au/staticfile/AFL%20Tenant/AFL/Players/ChampIDImages/AFL/2026014/294592.png?im=Scale,width=0.6,height=0.6",2026-02-26 00:25:45.873242+00,,,,0,294592,,,"https://s.afl.com.au/staticfile/AFL%20Tenant/AFL/Players/ChampIDImages/AFL/2026014/294592.png?im=Scale,width=0.6,height=0.6",Kamdyn McIntosh,Kamdyn McIntosh,amdyncntosh
1f1e0260-a51e-4b9a-b7f4-9df13c06e10e,0d8207f2-c6ac-43c7-b3b1-154eb1648fe5,Leek Aleer,FWD,"https://s.afl.com.au/staticfile/AFL%20Tenant/AFL/Players/ChampIDImages/AFL/2026014/1008691.png?im=Scale,width=0.6,height=0.6",2026-02-26 00:25:46.196086+00,21,,,0,1008691,gws-giants,GWS Giants,"https://s.afl.com.au/staticfile/AFL%20Tenant/AFL/Players/ChampIDImages/AFL/2026014/1008691.png?im=Scale,width=0.6,height=0.6",Leek Aleer,Leek Aleer,eekleer
1f7b19cb-3ae1-4d70-bdf3-052081cadc53,8953891c-6af3-4f31-8386-7340f0c27f9c,Matt Rowell,MID,"https://s.afl.com.au/staticfile/AFL%20Tenant/AFL/Players/ChampIDImages/AFL/2026014/1009208.png?im=Scale,width=0.6,height=0.6",2026-02-26 00:25:45.873242+00,18,,,0,1009208,gold-coast-suns,Gold Coast Suns,"https://s.afl.com.au/staticfile/AFL%20Tenant/AFL/Players/ChampIDImages/AFL/2026014/1009208.png?im=Scale,width=0.6,height=0.6",Matt Rowell,Matt Rowell,attowell
1fb84f08-5669-4b43-bfda-48338defd8ac,0ceb3e8b-4504-4ddd-b7c6-e2bf4215eada,Harvey Gallagher,MID,"https://s.afl.com.au/staticfile/AFL%20Tenant/AFL/Players/ChampIDImages/AFL/2026014/1017087.png?im=Scale,width=0.6,height=0.6",2026-02-26 00:25:45.873242+00,12,,,0,1017087,western-bulldogs,Western Bulldogs,"https://s.afl.com.au/staticfile/AFL%20Tenant/AFL/Players/ChampIDImages/AFL/2026014/1017087.png?im=Scale,width=0.6,height=0.6",Harvey Gallagher,Harvey Gallagher,arveyallagher
1fcc8738-48e0-45b9-b13f-c82f6d5369e2,85de4282-cc6a-4db6-b4f6-8520b69c38de,Paul Curtis,FWD,"https://s.afl.com.au/staticfile/AFL%20Tenant/AFL/Players/ChampIDImages/AFL/2026014/1002947.png?im=Scale,width=0.6,height=0.6",2026-02-26 00:25:45.873242+00,25,,,0,1002947,north-melbourne-kangaroos,North Melbourne Kangaroos,"https://s.afl.com.au/staticfile/AFL%20Tenant/AFL/Players/ChampIDImages/AFL/2026014/1002947.png?im=Scale,width=0.6,height=0.6",Paul Curtis,Paul Curtis,aulurtis
2062d6ff-0442-4e73-92ce-3fcb1998b573,6d7d39fb-1136-4cc8-a68c-bb6a284f2245,Josh Worrell,FWD,"https://s.afl.com.au/staticfile/AFL%20Tenant/AFL/Players/ChampIDImages/AFL/2026014/1011981.png?im=Scale,width=0.6,height=0.6",2026-02-26 00:25:45.873242+00,24,,,0,1011981,adelaide-crows,Adelaide Crows,"https://s.afl.com.au/staticfile/AFL%20Tenant/AFL/Players/ChampIDImages/AFL/2026014/1011981.png?im=Scale,width=0.6,height=0.6",Josh Worrell,Josh Worrell,oshorrell
20b0b6eb-08bc-4a51-abb2-9fc69996d7f7,4a0822e2-ed7a-4fc4-8e70-bd1d1b92d3f8,Nick Daicos,MID,"https://s.afl.com.au/staticfile/AFL%20Tenant/AFL/Players/ChampIDImages/AFL/2026014/1023261.png?im=Scale,width=0.6,height=0.6",2026-02-26 00:25:45.873242+00,35,,,0,1023261,collingwood-magpies,Collingwood Magpies,"https://s.afl.com.au/staticfile/AFL%20Tenant/AFL/Players/ChampIDImages/AFL/2026014/1023261.png?im=Scale,width=0.6,height=0.6",Nick Daicos,Nick Daicos,ickaicos
20db506b-601c-4823-9296-3cc2afb796dc,0d8207f2-c6ac-43c7-b3b1-154eb1648fe5,Logan Smith,MID,"https://s.afl.com.au/staticfile/AFL%20Tenant/AFL/Players/ChampIDImages/AFL/2026014/1032161.png?im=Scale,width=0.6,height=0.6",2026-02-26 00:25:45.873242+00,36,,,0,1032161,gws-giants,GWS Giants,"https://s.afl.com.au/staticfile/AFL%20Tenant/AFL/Players/ChampIDImages/AFL/2026014/1032161.png?im=Scale,width=0.6,height=0.6",Logan Smith,Logan Smith,oganmith
225bb935-7377-4be6-ad6e-2481628b900c,5a697f25-65ef-4a40-9446-c813bbd624dc,Malcolm Rosas,MID,"https://s.afl.com.au/staticfile/AFL%20Tenant/AFL/Players/ChampIDImages/AFL/2026014/1005986.png?im=Scale,width=0.6,height=0.6",2026-02-26 00:25:46.196086+00,10,,,0,1005986,sydney-swans,Sydney Swans,"https://s.afl.com.au/staticfile/AFL%20Tenant/AFL/Players/ChampIDImages/AFL/2026014/1005986.png?im=Scale,width=0.6,height=0.6",Malcolm Rosas,Malcolm Rosas,alcolmosas
2319818d-d136-40a7-970a-57936dbefd8a,5a697f25-65ef-4a40-9446-c813bbd624dc,Sam Wicks,MID,"https://s.afl.com.au/staticfile/AFL%20Tenant/AFL/Players/ChampIDImages/AFL/2026014/1006232.png?im=Scale,width=0.6,height=0.6",2026-02-26 00:25:46.196086+00,15,,,0,1006232,sydney-swans,Sydney Swans,"https://s.afl.com.au/staticfile/AFL%20Tenant/AFL/Players/ChampIDImages/AFL/2026014/1006232.png?im=Scale,width=0.6,height=0.6",Sam Wicks,Sam Wicks,amicks
23207171-19fb-4fd9-b105-9461c37412ce,70c32ca0-2bec-4db6-9b70-b8c8327f51c1,Will Brodie,FWD,"https://s.afl.com.au/staticfile/AFL%20Tenant/AFL/Players/ChampIDImages/AFL/2026014/998129.png?im=Scale,width=0.6,height=0.6",2026-02-26 00:25:45.873242+00,23,,,0,998129,port-adelaide-power,Port Adelaide Power,"https://s.afl.com.au/staticfile/AFL%20Tenant/AFL/Players/ChampIDImages/AFL/2026014/998129.png?im=Scale,width=0.6,height=0.6",Will Brodie,Will Brodie,illrodie
2398d8a7-37f0-41c1-8db5-e6a087ad3e87,0a73bf79-7321-4fd5-8b67-90fffabdcf01,Patrick Voss,FWD,"https://s.afl.com.au/staticfile/AFL%20Tenant/AFL/Players/ChampIDImages/AFL/2026014/1017754.png?im=Scale,width=0.6,height=0.6",2026-02-26 00:25:46.196086+00,20,,,0,1017754,fremantle-dockers,Fremantle Dockers,"https://s.afl.com.au/staticfile/AFL%20Tenant/AFL/Players/ChampIDImages/AFL/2026014/1017754.png?im=Scale,width=0.6,height=0.6",Patrick Voss,Patrick Voss,atrickoss
23dfa8d0-ea51-43c3-b7fc-2ccb80458527,0d8207f2-c6ac-43c7-b3b1-154eb1648fe5,Sam Taylor,MID,"https://s.afl.com.au/staticfile/AFL%20Tenant/AFL/Players/ChampIDImages/AFL/2026014/1005247.png?im=Scale,width=0.6,height=0.6",2026-02-26 00:25:46.196086+00,15,,,0,1005247,gws-giants,GWS Giants,"https://s.afl.com.au/staticfile/AFL%20Tenant/AFL/Players/ChampIDImages/AFL/2026014/1005247.png?im=Scale,width=0.6,height=0.6",Sam Taylor,Sam Taylor,amaylor
24642037-aeb5-4642-b97c-9f7269abc38c,0ceb3e8b-4504-4ddd-b7c6-e2bf4215eada,Joel Freijah,FWD,"https://s.afl.com.au/staticfile/AFL%20Tenant/AFL/Players/ChampIDImages/AFL/2026014/1027704.png?im=Scale,width=0.6,height=0.6",2026-02-26 00:25:45.873242+00,27,,,0,1027704,western-bulldogs,Western Bulldogs,"https://s.afl.com.au/staticfile/AFL%20Tenant/AFL/Players/ChampIDImages/AFL/2026014/1027704.png?im=Scale,width=0.6,height=0.6",Joel Freijah,Joel Freijah,oelreijah
248f3322-15b9-4925-8e6c-462d28e9351c,914ab50f-d78d-4a28-aaef-6e4db1410600,Darcy Wilson,FWD,"https://s.afl.com.au/staticfile/AFL%20Tenant/AFL/Players/ChampIDImages/AFL/2026014/1027875.png?im=Scale,width=0.6,height=0.6",2026-02-26 00:25:45.873242+00,22,,,0,1027875,st-kilda-saints,St Kilda Saints,"https://s.afl.com.au/staticfile/AFL%20Tenant/AFL/Players/ChampIDImages/AFL/2026014/1027875.png?im=Scale,width=0.6,height=0.6",Darcy Wilson,Darcy Wilson,arcyilson
252aa81a-0c54-40b7-b075-4a27c2f92d9d,5a697f25-65ef-4a40-9446-c813bbd624dc,Ned Bowman,FWD,"https://s.afl.com.au/staticfile/AFL%20Tenant/AFL/Players/ChampIDImages/AFL/2026014/1027406.png?im=Scale,width=0.6,height=0.6",2026-02-26 00:25:46.196086+00,23,,,0,1027406,sydney-swans,Sydney Swans,"https://s.afl.com.au/staticfile/AFL%20Tenant/AFL/Players/ChampIDImages/AFL/2026014/1027406.png?im=Scale,width=0.6,height=0.6",Ned Bowman,Ned Bowman,edowman
256fef7e-a1b4-40cf-bec2-08331a3a0752,4a0822e2-ed7a-4fc4-8e70-bd1d1b92d3f8,Harvey Harrison,MID,"https://s.afl.com.au/staticfile/AFL%20Tenant/AFL/Players/ChampIDImages/AFL/2026014/1015332.png?im=Scale,width=0.6,height=0.6",2026-02-26 00:25:46.196086+00,36,,,0,1015332,collingwood-magpies,Collingwood Magpies,"https://s.afl.com.au/staticfile/AFL%20Tenant/AFL/Players/ChampIDImages/AFL/2026014/1015332.png?im=Scale,width=0.6,height=0.6",Harvey Harrison,Harvey Harrison,arveyarrison
25b1a2ef-8ffd-4097-b5c3-b3c9f8109880,8953891c-6af3-4f31-8386-7340f0c27f9c,Noah Anderson,MID,"https://s.afl.com.au/staticfile/AFL%20Tenant/AFL/Players/ChampIDImages/AFL/2026014/1009199.png?im=Scale,width=0.6,height=0.6",2026-02-26 00:25:45.873242+00,15,,,0,1009199,gold-coast-suns,Gold Coast Suns,"https://s.afl.com.au/staticfile/AFL%20Tenant/AFL/Players/ChampIDImages/AFL/2026014/1009199.png?im=Scale,width=0.6,height=0.6",Noah Anderson,Noah Anderson,oahnderson
26d20142-5778-4409-a1ca-c0fcb3416a9d,6e06405b-7cff-4d56-b852-48cc980c21bb,Thomas Sims,MID,"https://s.afl.com.au/staticfile/AFL%20Tenant/AFL/Players/ChampIDImages/AFL/2026014/1018996.png?im=Scale,width=0.6,height=0.6",2026-02-26 00:25:46.196086+00,38,,,0,1018996,richmond-tigers,Richmond Tigers,"https://s.afl.com.au/staticfile/AFL%20Tenant/AFL/Players/ChampIDImages/AFL/2026014/1018996.png?im=Scale,width=0.6,height=0.6",Thomas Sims,Thomas Sims,homasims
26e03f1d-13ed-4397-beaa-89e9ee2377a5,85de4282-cc6a-4db6-b4f6-8520b69c38de,George Wardlaw,DEF,"https://s.afl.com.au/staticfile/AFL%20Tenant/AFL/Players/ChampIDImages/AFL/2026014/1023477.png?im=Scale,width=0.6,height=0.6",2026-02-26 00:25:45.873242+00,6,,,0,1023477,north-melbourne-kangaroos,North Melbourne Kangaroos,"https://s.afl.com.au/staticfile/AFL%20Tenant/AFL/Players/ChampIDImages/AFL/2026014/1023477.png?im=Scale,width=0.6,height=0.6",George Wardlaw,George Wardlaw,eorgeardlaw
27295d87-9304-46f5-ab0f-97c1d1716574,6689e156-49a9-4066-a22e-259375fa9b04,Tom Stewart,MID,"https://s.afl.com.au/staticfile/AFL%20Tenant/AFL/Players/ChampIDImages/AFL/2026014/291800.png?im=Scale,width=0.6,height=0.6",2026-02-26 00:25:45.873242+00,44,,,0,291800,geelong-cats,Geelong Cats,"https://s.afl.com.au/staticfile/AFL%20Tenant/AFL/Players/ChampIDImages/AFL/2026014/291800.png?im=Scale,width=0.6,height=0.6",Tom Stewart,Tom Stewart,omtewart
273b9d4d-af07-4a3e-89de-c6e4ac14cc39,0ceb3e8b-4504-4ddd-b7c6-e2bf4215eada,Cody Weightman,DEF,"https://s.afl.com.au/staticfile/AFL%20Tenant/AFL/Players/ChampIDImages/AFL/2026014/1011803.png?im=Scale,width=0.6,height=0.6",2026-02-26 00:25:45.873242+00,3,,,0,1011803,western-bulldogs,Western Bulldogs,"https://s.afl.com.au/staticfile/AFL%20Tenant/AFL/Players/ChampIDImages/AFL/2026014/1011803.png?im=Scale,width=0.6,height=0.6",Cody Weightman,Cody Weightman,odyeightman
277c7551-68ba-4ab9-9d2a-87b160443a41,6e06405b-7cff-4d56-b852-48cc980c21bb,Jacob Hopper,DEF,"https://s.afl.com.au/staticfile/AFL%20Tenant/AFL/Players/ChampIDImages/AFL/2026014/993903.png?im=Scale,width=0.6,height=0.6",2026-02-26 00:25:45.873242+00,2,,,0,993903,richmond-tigers,Richmond Tigers,"https://s.afl.com.au/staticfile/AFL%20Tenant/AFL/Players/ChampIDImages/AFL/2026014/993903.png?im=Scale,width=0.6,height=0.6",Jacob Hopper,Jacob Hopper,acobopper
27890923-239c-4c62-b67c-9566eae47357,85de4282-cc6a-4db6-b4f6-8520b69c38de,Caleb Daniel,DEF,"https://s.afl.com.au/staticfile/AFL%20Tenant/AFL/Players/ChampIDImages/AFL/2026014/295136.png?im=Scale,width=0.6,height=0.6",2026-02-26 00:25:45.873242+00,5,,,0,295136,north-melbourne-kangaroos,North Melbourne Kangaroos,"https://s.afl.com.au/staticfile/AFL%20Tenant/AFL/Players/ChampIDImages/AFL/2026014/295136.png?im=Scale,width=0.6,height=0.6",Caleb Daniel,Caleb Daniel,alebaniel
2794436f-87a1-4aad-a3d6-547e8b89e6d7,f70ca36c-612b-439f-850f-4a31fd2df499,Harry O'Farrell,FWD,"https://s.afl.com.au/staticfile/AFL%20Tenant/AFL/Players/ChampIDImages/AFL/2026014/1028526.png?im=Scale,width=0.6,height=0.6",2026-02-26 00:25:46.196086+00,22,,,0,1028526,carlton-blues,Carlton Blues,"https://s.afl.com.au/staticfile/AFL%20Tenant/AFL/Players/ChampIDImages/AFL/2026014/1028526.png?im=Scale,width=0.6,height=0.6",Harry O'Farrell,Harry O'Farrell,arryarrell
281134ec-aaec-4032-beb0-a23961f8e7b9,914ab50f-d78d-4a28-aaef-6e4db1410600,Lance Collard,DEF,"https://s.afl.com.au/staticfile/AFL%20Tenant/AFL/Players/ChampIDImages/AFL/2026014/1017959.png?im=Scale,width=0.6,height=0.6",2026-02-26 00:25:46.196086+00,4,,,0,1017959,st-kilda-saints,St Kilda Saints,"https://s.afl.com.au/staticfile/AFL%20Tenant/AFL/Players/ChampIDImages/AFL/2026014/1017959.png?im=Scale,width=0.6,height=0.6",Lance Collard,Lance Collard,anceollard
288a82eb-f3d2-4af2-8426-c87a0daf94f8,0ceb3e8b-4504-4ddd-b7c6-e2bf4215eada,Luke Cleary,MID,"https://s.afl.com.au/staticfile/AFL%20Tenant/AFL/Players/ChampIDImages/AFL/2026014/1015929.png?im=Scale,width=0.6,height=0.6",2026-02-26 00:25:46.196086+00,36,,,0,1015929,western-bulldogs,Western Bulldogs,"https://s.afl.com.au/staticfile/AFL%20Tenant/AFL/Players/ChampIDImages/AFL/2026014/1015929.png?im=Scale,width=0.6,height=0.6",Luke Cleary,Luke Cleary,ukeleary
2890e2f9-9678-41e3-b767-5b1052714ccd,70c32ca0-2bec-4db6-9b70-b8c8327f51c1,Christian Moraes,MID,"https://s.afl.com.au/staticfile/AFL%20Tenant/AFL/Players/ChampIDImages/AFL/2026014/1028563.png?im=Scale,width=0.6,height=0.6",2026-02-26 00:25:46.196086+00,11,,,0,1028563,port-adelaide-power,Port Adelaide Power,"https://s.afl.com.au/staticfile/AFL%20Tenant/AFL/Players/ChampIDImages/AFL/2026014/1028563.png?im=Scale,width=0.6,height=0.6",Christian Moraes,Christian Moraes,hristianoraes
289eaa46-c2c2-4017-81a3-262089282c62,82880eac-b132-4b23-93d7-0ec25ff0a023,Shane McAdam,FWD,"https://s.afl.com.au/staticfile/AFL%20Tenant/AFL/Players/ChampIDImages/AFL/2026014/298470.png?im=Scale,width=0.6,height=0.6",2026-02-26 00:25:46.196086+00,23,,,0,298470,melbourne-demons,Melbourne Demons,"https://s.afl.com.au/staticfile/AFL%20Tenant/AFL/Players/ChampIDImages/AFL/2026014/298470.png?im=Scale,width=0.6,height=0.6",Shane McAdam,Shane McAdam,hanecdam
28a369d9-c9f7-4481-88e3-cc9e486d25d6,6e06405b-7cff-4d56-b852-48cc980c21bb,Samson Ryan,RUCK,"https://s.afl.com.au/staticfile/AFL%20Tenant/AFL/Players/ChampIDImages/AFL/2026014/1012386.png?im=Scale,width=0.6,height=0.6",2026-02-26 00:25:45.873242+00,32,,,0,1012386,richmond-tigers,Richmond Tigers,"https://s.afl.com.au/staticfile/AFL%20Tenant/AFL/Players/ChampIDImages/AFL/2026014/1012386.png?im=Scale,width=0.6,height=0.6",Samson Ryan,Samson Ryan,amsonyan
29103e1b-1bdc-4845-93d9-b0b59f40899c,,Jaxon Binns,,"https://s.afl.com.au/staticfile/AFL%20Tenant/AFL/Players/ChampIDImages/AFL/2026014/1023533.png?im=Scale,width=0.6,height=0.6",2026-02-26 00:25:45.873242+00,,,,0,1023533,,,"https://s.afl.com.au/staticfile/AFL%20Tenant/AFL/Players/ChampIDImages/AFL/2026014/1023533.png?im=Scale,width=0.6,height=0.6",Jaxon Binns,Jaxon Binns,axoninns
294b2bf6-524f-4cfe-a433-247680ebd374,f70ca36c-612b-439f-850f-4a31fd2df499,Will White,MID,"https://s.afl.com.au/staticfile/AFL%20Tenant/AFL/Players/ChampIDImages/AFL/2026014/1027713.png?im=Scale,width=0.6,height=0.6",2026-02-26 00:25:46.196086+00,38,,,0,1027713,carlton-blues,Carlton Blues,"https://s.afl.com.au/staticfile/AFL%20Tenant/AFL/Players/ChampIDImages/AFL/2026014/1027713.png?im=Scale,width=0.6,height=0.6",Will White,Will White,illhite
29611a1e-7b3f-4973-9c49-4fa33169021a,6d7d39fb-1136-4cc8-a68c-bb6a284f2245,Thomas Edwards,MID,"https://s.afl.com.au/staticfile/AFL%20Tenant/AFL/Players/ChampIDImages/AFL/2026014/1018323.png?im=Scale,width=0.6,height=0.6",2026-02-26 00:25:46.196086+00,11,,,0,1018323,adelaide-crows,Adelaide Crows,"https://s.afl.com.au/staticfile/AFL%20Tenant/AFL/Players/ChampIDImages/AFL/2026014/1018323.png?im=Scale,width=0.6,height=0.6",Thomas Edwards,Thomas Edwards,homasdwards
29719583-9545-45fa-b319-13429bc91a5a,f70ca36c-612b-439f-850f-4a31fd2df499,Mitch McGovern,MID,"https://s.afl.com.au/staticfile/AFL%20Tenant/AFL/Players/ChampIDImages/AFL/2026014/297255.png?im=Scale,width=0.6,height=0.6",2026-02-26 00:25:45.873242+00,11,,,0,297255,carlton-blues,Carlton Blues,"https://s.afl.com.au/staticfile/AFL%20Tenant/AFL/Players/ChampIDImages/AFL/2026014/297255.png?im=Scale,width=0.6,height=0.6",Mitch McGovern,Mitch McGovern,itchcovern
29dc4688-a16a-4e28-89bd-c6f36292f129,0d8207f2-c6ac-43c7-b3b1-154eb1648fe5,Toby Bedford,MID,"https://s.afl.com.au/staticfile/AFL%20Tenant/AFL/Players/ChampIDImages/AFL/2026014/1008139.png?im=Scale,width=0.6,height=0.6",2026-02-26 00:25:45.873242+00,14,,,0,1008139,gws-giants,GWS Giants,"https://s.afl.com.au/staticfile/AFL%20Tenant/AFL/Players/ChampIDImages/AFL/2026014/1008139.png?im=Scale,width=0.6,height=0.6",Toby Bedford,Toby Bedford,obyedford
29fc2360-b082-4d1d-ba27-95f75f6d8ff0,,Callum Jamieson,,"https://s.afl.com.au/staticfile/AFL%20Tenant/AFL/Players/ChampIDImages/AFL/2026014/1011243.png?im=Scale,width=0.6,height=0.6",2026-02-26 00:25:46.196086+00,,,,0,1011243,,,"https://s.afl.com.au/staticfile/AFL%20Tenant/AFL/Players/ChampIDImages/AFL/2026014/1011243.png?im=Scale,width=0.6,height=0.6",Callum Jamieson,Callum Jamieson,allumamieson
2a8ac662-ee06-4b77-8d4a-b370faafd902,6d7d39fb-1136-4cc8-a68c-bb6a284f2245,Isaac Cumming,MID,"https://s.afl.com.au/staticfile/AFL%20Tenant/AFL/Players/ChampIDImages/AFL/2026014/1001396.png?im=Scale,width=0.6,height=0.6",2026-02-26 00:25:45.873242+00,44,,,0,1001396,adelaide-crows,Adelaide Crows,"https://s.afl.com.au/staticfile/AFL%20Tenant/AFL/Players/ChampIDImages/AFL/2026014/1001396.png?im=Scale,width=0.6,height=0.6",Isaac Cumming,Isaac Cumming,saacumming
2ad83839-180d-4c4c-9990-f80fd36b8e2d,d991371b-e2f7-4c95-ad7c-52ea89b07d7b,Dylan Moore,DEF,"https://s.afl.com.au/staticfile/AFL%20Tenant/AFL/Players/ChampIDImages/AFL/2026014/1006314.png?im=Scale,width=0.6,height=0.6",2026-02-26 00:25:45.873242+00,8,,,0,1006314,hawthorn-hawks,Hawthorn Hawks,"https://s.afl.com.au/staticfile/AFL%20Tenant/AFL/Players/ChampIDImages/AFL/2026014/1006314.png?im=Scale,width=0.6,height=0.6",Dylan Moore,Dylan Moore,ylanoore
2ade2f4a-96fa-45b0-b14a-27e9a4c56c5e,d991371b-e2f7-4c95-ad7c-52ea89b07d7b,Harry Morrison,DEF,"https://s.afl.com.au/staticfile/AFL%20Tenant/AFL/Players/ChampIDImages/AFL/2026014/1000963.png?im=Scale,width=0.6,height=0.6",2026-02-26 00:25:45.873242+00,1,,,0,1000963,hawthorn-hawks,Hawthorn Hawks,"https://s.afl.com.au/staticfile/AFL%20Tenant/AFL/Players/ChampIDImages/AFL/2026014/1000963.png?im=Scale,width=0.6,height=0.6",Harry Morrison,Harry Morrison,arryorrison
2b4de705-a852-4812-8d87-779cd93f7ffb,4a0822e2-ed7a-4fc4-8e70-bd1d1b92d3f8,Charlie West,FWD,"https://s.afl.com.au/staticfile/AFL%20Tenant/AFL/Players/ChampIDImages/AFL/2026014/1027382.png?im=Scale,width=0.6,height=0.6",2026-02-26 00:25:46.196086+00,29,,,0,1027382,collingwood-magpies,Collingwood Magpies,"https://s.afl.com.au/staticfile/AFL%20Tenant/AFL/Players/ChampIDImages/AFL/2026014/1027382.png?im=Scale,width=0.6,height=0.6",Charlie West,Charlie West,harlieest
2b9f10bd-e25b-49c1-a032-ed1e8509fd88,914ab50f-d78d-4a28-aaef-6e4db1410600,Eamonn Armstrong,MID,"https://s.afl.com.au/staticfile/AFL%20Tenant/AFL/Players/ChampIDImages/AFL/2026014/1039730.png?im=Scale,width=0.6,height=0.6",2026-02-26 00:25:46.196086+00,46,,,0,1039730,st-kilda-saints,St Kilda Saints,"https://s.afl.com.au/staticfile/AFL%20Tenant/AFL/Players/ChampIDImages/AFL/2026014/1039730.png?im=Scale,width=0.6,height=0.6",Eamonn Armstrong,Eamonn Armstrong,amonnrmstrong
2ba4226f-07f5-4d88-8726-607803e94649,,Oleg Markov,,"https://s.afl.com.au/staticfile/AFL%20Tenant/AFL/Players/ChampIDImages/AFL/2026014/298358.png?im=Scale,width=0.6,height=0.6",2026-02-26 00:25:46.196086+00,,,,0,298358,,,"https://s.afl.com.au/staticfile/AFL%20Tenant/AFL/Players/ChampIDImages/AFL/2026014/298358.png?im=Scale,width=0.6,height=0.6",Oleg Markov,Oleg Markov,legarkov
2bb1c79a-11bc-4e1a-bbbc-434d52087b90,7fddbede-9cbf-4436-9845-1db1739b2476,Rhett Bazzo,MID,"https://s.afl.com.au/staticfile/AFL%20Tenant/AFL/Players/ChampIDImages/AFL/2026014/1017718.png?im=Scale,width=0.6,height=0.6",2026-02-26 00:25:46.196086+00,33,,,0,1017718,west-coast-eagles,West Coast Eagles,"https://s.afl.com.au/staticfile/AFL%20Tenant/AFL/Players/ChampIDImages/AFL/2026014/1017718.png?im=Scale,width=0.6,height=0.6",Rhett Bazzo,Rhett Bazzo,hettazzo
2ce815e5-24d7-40d4-a59d-bd55f3bacf74,f70ca36c-612b-439f-850f-4a31fd2df499,Jacob Weitering,FWD,"https://s.afl.com.au/staticfile/AFL%20Tenant/AFL/Players/ChampIDImages/AFL/2026014/993832.png?im=Scale,width=0.6,height=0.6",2026-02-26 00:25:45.873242+00,23,,,0,993832,carlton-blues,Carlton Blues,"https://s.afl.com.au/staticfile/AFL%20Tenant/AFL/Players/ChampIDImages/AFL/2026014/993832.png?im=Scale,width=0.6,height=0.6",Jacob Weitering,Jacob Weitering,acobeitering
2d1ab157-adac-4ba9-9aab-9720e7c41aaf,f70ca36c-612b-439f-850f-4a31fd2df499,Matt Duffy,MID,"https://s.afl.com.au/staticfile/AFL%20Tenant/AFL/Players/ChampIDImages/AFL/2026014/1039720.png?im=Scale,width=0.6,height=0.6",2026-02-26 00:25:46.196086+00,41,,,0,1039720,carlton-blues,Carlton Blues,"https://s.afl.com.au/staticfile/AFL%20Tenant/AFL/Players/ChampIDImages/AFL/2026014/1039720.png?im=Scale,width=0.6,height=0.6",Matt Duffy,Matt Duffy,attuffy
2d1c4346-2cf5-49c9-9e71-61b07a8bf253,6e06405b-7cff-4d56-b852-48cc980c21bb,Tom Brown,FWD,"https://s.afl.com.au/staticfile/AFL%20Tenant/AFL/Players/ChampIDImages/AFL/2026014/1017086.png?im=Scale,width=0.6,height=0.6",2026-02-26 00:25:46.196086+00,30,,,0,1017086,richmond-tigers,Richmond Tigers,"https://s.afl.com.au/staticfile/AFL%20Tenant/AFL/Players/ChampIDImages/AFL/2026014/1017086.png?im=Scale,width=0.6,height=0.6",Tom Brown,Tom Brown,omrown
2d202031-6442-4162-bd36-3577ac6e1060,914ab50f-d78d-4a28-aaef-6e4db1410600,Hugh Boxshall,MID,"https://s.afl.com.au/staticfile/AFL%20Tenant/AFL/Players/ChampIDImages/AFL/2026014/1029148.png?im=Scale,width=0.6,height=0.6",2026-02-26 00:25:45.873242+00,38,,,0,1029148,st-kilda-saints,St Kilda Saints,"https://s.afl.com.au/staticfile/AFL%20Tenant/AFL/Players/ChampIDImages/AFL/2026014/1029148.png?im=Scale,width=0.6,height=0.6",Hugh Boxshall,Hugh Boxshall,ughoxshall
2da0be09-9635-46b6-85e2-d631994b1938,7fddbede-9cbf-4436-9845-1db1739b2476,Malakai Champion,MID,"https://s.afl.com.au/staticfile/AFL%20Tenant/AFL/Players/ChampIDImages/AFL/2026014/1029136.png?im=Scale,width=0.6,height=0.6",2026-02-26 00:25:46.196086+00,37,,,0,1029136,west-coast-eagles,West Coast Eagles,"https://s.afl.com.au/staticfile/AFL%20Tenant/AFL/Players/ChampIDImages/AFL/2026014/1029136.png?im=Scale,width=0.6,height=0.6",Malakai Champion,Malakai Champion,alakaihampion
2daf14de-b674-443a-8d06-4b3c592ffd29,6e06405b-7cff-4d56-b852-48cc980c21bb,Ben Miller,MID,"https://s.afl.com.au/staticfile/AFL%20Tenant/AFL/Players/ChampIDImages/AFL/2026014/1002403.png?im=Scale,width=0.6,height=0.6",2026-02-26 00:25:46.196086+00,12,,,0,1002403,richmond-tigers,Richmond Tigers,"https://s.afl.com.au/staticfile/AFL%20Tenant/AFL/Players/ChampIDImages/AFL/2026014/1002403.png?im=Scale,width=0.6,height=0.6",Ben Miller,Ben Miller,eniller
2dd2456a-0f1d-4e82-bc78-af6b36639192,4a0822e2-ed7a-4fc4-8e70-bd1d1b92d3f8,Harry Perryman,MID,"https://s.afl.com.au/staticfile/AFL%20Tenant/AFL/Players/ChampIDImages/AFL/2026014/998205.png?im=Scale,width=0.6,height=0.6",2026-02-26 00:25:45.873242+00,12,,,0,998205,collingwood-magpies,Collingwood Magpies,"https://s.afl.com.au/staticfile/AFL%20Tenant/AFL/Players/ChampIDImages/AFL/2026014/998205.png?im=Scale,width=0.6,height=0.6",Harry Perryman,Harry Perryman,arryerryman
2de3e3d0-6c49-4a27-b43f-e275eb84a1e1,0d8207f2-c6ac-43c7-b3b1-154eb1648fe5,Callum M. Brown,MID,"https://s.afl.com.au/staticfile/AFL%20Tenant/AFL/Players/ChampIDImages/AFL/2026014/1014038.png?im=Scale,width=0.6,height=0.6",2026-02-26 00:25:46.196086+00,46,,,0,1014038,gws-giants,GWS Giants,"https://s.afl.com.au/staticfile/AFL%20Tenant/AFL/Players/ChampIDImages/AFL/2026014/1014038.png?im=Scale,width=0.6,height=0.6",Callum M. Brown,Callum M. Brown,allumrown
2df9464a-efaf-4093-8d36-d0d5941b8cc4,,Coen Livingstone,,"https://s.afl.com.au/staticfile/AFL%20Tenant/AFL/Players/ChampIDImages/AFL/2026014/1028291.png?im=Scale,width=0.6,height=0.6",2026-02-26 00:25:45.873242+00,,,,0,1028291,,,"https://s.afl.com.au/staticfile/AFL%20Tenant/AFL/Players/ChampIDImages/AFL/2026014/1028291.png?im=Scale,width=0.6,height=0.6",Coen Livingstone,Coen Livingstone,oenivingstone
2e1b3528-3348-4b6e-9849-8ff2386780c3,0d8207f2-c6ac-43c7-b3b1-154eb1648fe5,Nathan Wardius,MID,"https://s.afl.com.au/staticfile/AFL%20Tenant/AFL/Players/ChampIDImages/AFL/2026014/1034066.png?im=Scale,width=0.6,height=0.6",2026-02-26 00:25:46.196086+00,42,,,0,1034066,gws-giants,GWS Giants,"https://s.afl.com.au/staticfile/AFL%20Tenant/AFL/Players/ChampIDImages/AFL/2026014/1034066.png?im=Scale,width=0.6,height=0.6",Nathan Wardius,Nathan Wardius,athanardius
2e594f95-12c5-4499-bf36-df35d50e36ee,5a697f25-65ef-4a40-9446-c813bbd624dc,Dane Rampe,FWD,"https://s.afl.com.au/staticfile/AFL%20Tenant/AFL/Players/ChampIDImages/AFL/2026014/290307.png?im=Scale,width=0.6,height=0.6",2026-02-26 00:25:45.873242+00,24,,,0,290307,sydney-swans,Sydney Swans,"https://s.afl.com.au/staticfile/AFL%20Tenant/AFL/Players/ChampIDImages/AFL/2026014/290307.png?im=Scale,width=0.6,height=0.6",Dane Rampe,Dane Rampe,aneampe
2ebd023b-a8f3-4e55-9dab-e43e96dd641a,6689e156-49a9-4066-a22e-259375fa9b04,Bailey Smith,DEF,"https://s.afl.com.au/staticfile/AFL%20Tenant/AFL/Players/ChampIDImages/AFL/2026014/1006130.png?im=Scale,width=0.6,height=0.6",2026-02-26 00:25:45.873242+00,3,,,0,1006130,geelong-cats,Geelong Cats,"https://s.afl.com.au/staticfile/AFL%20Tenant/AFL/Players/ChampIDImages/AFL/2026014/1006130.png?im=Scale,width=0.6,height=0.6",Bailey Smith,Bailey Smith,aileymith
2f819ae6-6948-4c76-b4d4-972f72615c12,f70ca36c-612b-439f-850f-4a31fd2df499,Flynn Young,MID,"https://s.afl.com.au/staticfile/AFL%20Tenant/AFL/Players/ChampIDImages/AFL/2026014/1020877.png?im=Scale,width=0.6,height=0.6",2026-02-26 00:25:46.196086+00,45,,,0,1020877,carlton-blues,Carlton Blues,"https://s.afl.com.au/staticfile/AFL%20Tenant/AFL/Players/ChampIDImages/AFL/2026014/1020877.png?im=Scale,width=0.6,height=0.6",Flynn Young,Flynn Young,lynnoung
2f8a834b-7e38-4316-bcc7-e151dd16d7d4,6d7d39fb-1136-4cc8-a68c-bb6a284f2245,Izak Rankine,FWD,"https://s.afl.com.au/staticfile/AFL%20Tenant/AFL/Players/ChampIDImages/AFL/2026014/1001195.png?im=Scale,width=0.6,height=0.6",2026-02-26 00:25:45.873242+00,23,,,0,1001195,adelaide-crows,Adelaide Crows,"https://s.afl.com.au/staticfile/AFL%20Tenant/AFL/Players/ChampIDImages/AFL/2026014/1001195.png?im=Scale,width=0.6,height=0.6",Izak Rankine,Izak Rankine,zakankine
2fa1e38d-391a-4542-8e2f-89671313343b,7fddbede-9cbf-4436-9845-1db1739b2476,Tom McCarthy,MID,"https://s.afl.com.au/staticfile/AFL%20Tenant/AFL/Players/ChampIDImages/AFL/2026014/1036124.png?im=Scale,width=0.6,height=0.6",2026-02-26 00:25:46.196086+00,18,,,0,1036124,west-coast-eagles,West Coast Eagles,"https://s.afl.com.au/staticfile/AFL%20Tenant/AFL/Players/ChampIDImages/AFL/2026014/1036124.png?im=Scale,width=0.6,height=0.6",Tom McCarthy,Tom McCarthy,omcarthy
2fa8d99a-dcaa-4891-b8e5-94fa70a99782,0ceb3e8b-4504-4ddd-b7c6-e2bf4215eada,Zac Walker,MID,"https://s.afl.com.au/staticfile/AFL%20Tenant/AFL/Players/ChampIDImages/AFL/2026014/1041619.png?im=Scale,width=0.6,height=0.6",2026-02-26 00:25:46.196086+00,41,,,0,1041619,western-bulldogs,Western Bulldogs,"https://s.afl.com.au/staticfile/AFL%20Tenant/AFL/Players/ChampIDImages/AFL/2026014/1041619.png?im=Scale,width=0.6,height=0.6",Zac Walker,Zac Walker,acalker
2faafd46-cbe5-4758-931f-54478f0b2be3,7fddbede-9cbf-4436-9845-1db1739b2476,Harley Reid,MID,"https://s.afl.com.au/staticfile/AFL%20Tenant/AFL/Players/ChampIDImages/AFL/2026014/1023492.png?im=Scale,width=0.6,height=0.6",2026-02-26 00:25:45.873242+00,9,,,0,1023492,west-coast-eagles,West Coast Eagles,"https://s.afl.com.au/staticfile/AFL%20Tenant/AFL/Players/ChampIDImages/AFL/2026014/1023492.png?im=Scale,width=0.6,height=0.6",Harley Reid,Harley Reid,arleyeid
302e5539-20a9-4f04-8f3b-885c5c703662,38694aa4-7f1c-4a5f-b306-d094532ae24a,Archie Roberts,FWD,"https://s.afl.com.au/staticfile/AFL%20Tenant/AFL/Players/ChampIDImages/AFL/2026014/1023515.png?im=Scale,width=0.6,height=0.6",2026-02-26 00:25:45.873242+00,21,,,0,1023515,essendon-bombers,Essendon Bombers,"https://s.afl.com.au/staticfile/AFL%20Tenant/AFL/Players/ChampIDImages/AFL/2026014/1023515.png?im=Scale,width=0.6,height=0.6",Archie Roberts,Archie Roberts,rchieoberts
30807856-68d2-4953-b9e5-ea64e527fe83,7fddbede-9cbf-4436-9845-1db1739b2476,Harvey Johnston,FWD,"https://s.afl.com.au/staticfile/AFL%20Tenant/AFL/Players/ChampIDImages/AFL/2026014/1027969.png?im=Scale,width=0.6,height=0.6",2026-02-26 00:25:46.196086+00,24,,,0,1027969,west-coast-eagles,West Coast Eagles,"https://s.afl.com.au/staticfile/AFL%20Tenant/AFL/Players/ChampIDImages/AFL/2026014/1027969.png?im=Scale,width=0.6,height=0.6",Harvey Johnston,Harvey Johnston,arveyohnston
3182a259-0390-4bce-93b3-61d3a04373ac,501a05f7-174e-4a86-8cea-db048be8b646,Will Ashcroft,DEF,"https://s.afl.com.au/staticfile/AFL%20Tenant/AFL/Players/ChampIDImages/AFL/2026014/1023517.png?im=Scale,width=0.6,height=0.6",2026-02-26 00:25:45.873242+00,8,,,0,1023517,brisbane-lions,Brisbane Lions,"https://s.afl.com.au/staticfile/AFL%20Tenant/AFL/Players/ChampIDImages/AFL/2026014/1023517.png?im=Scale,width=0.6,height=0.6",Will Ashcroft,Will Ashcroft,illshcroft
318ac4fb-231e-46d3-9992-2bab963c034a,501a05f7-174e-4a86-8cea-db048be8b646,Will McLachlan,FWD,"https://s.afl.com.au/staticfile/AFL%20Tenant/AFL/Players/ChampIDImages/AFL/2026014/1029405.png?im=Scale,width=0.6,height=0.6",2026-02-26 00:25:46.196086+00,28,,,0,1029405,brisbane-lions,Brisbane Lions,"https://s.afl.com.au/staticfile/AFL%20Tenant/AFL/Players/ChampIDImages/AFL/2026014/1029405.png?im=Scale,width=0.6,height=0.6",Will McLachlan,Will McLachlan,illcachlan
31f49a3a-e5c6-435c-a94a-26f245759d48,6689e156-49a9-4066-a22e-259375fa9b04,Oliver Dempsey,FWD,"https://s.afl.com.au/staticfile/AFL%20Tenant/AFL/Players/ChampIDImages/AFL/2026014/1025034.png?im=Scale,width=0.6,height=0.6",2026-02-26 00:25:45.873242+00,28,,,0,1025034,geelong-cats,Geelong Cats,"https://s.afl.com.au/staticfile/AFL%20Tenant/AFL/Players/ChampIDImages/AFL/2026014/1025034.png?im=Scale,width=0.6,height=0.6",Oliver Dempsey,Oliver Dempsey,liverempsey
323ec3f5-f9e5-436e-af55-d0df7cc600d9,7fddbede-9cbf-4436-9845-1db1739b2476,Elliot Yeo,DEF,"https://s.afl.com.au/staticfile/AFL%20Tenant/AFL/Players/ChampIDImages/AFL/2026014/292128.png?im=Scale,width=0.6,height=0.6",2026-02-26 00:25:45.873242+00,6,,,0,292128,west-coast-eagles,West Coast Eagles,"https://s.afl.com.au/staticfile/AFL%20Tenant/AFL/Players/ChampIDImages/AFL/2026014/292128.png?im=Scale,width=0.6,height=0.6",Elliot Yeo,Elliot Yeo,llioteo
32676086-725c-4868-9f32-09b8a86ae1ff,85de4282-cc6a-4db6-b4f6-8520b69c38de,Charlie Spargo,MID,"https://s.afl.com.au/staticfile/AFL%20Tenant/AFL/Players/ChampIDImages/AFL/2026014/1002282.png?im=Scale,width=0.6,height=0.6",2026-02-26 00:25:46.196086+00,13,,,0,1002282,north-melbourne-kangaroos,North Melbourne Kangaroos,"https://s.afl.com.au/staticfile/AFL%20Tenant/AFL/Players/ChampIDImages/AFL/2026014/1002282.png?im=Scale,width=0.6,height=0.6",Charlie Spargo,Charlie Spargo,harliepargo
327d744c-4904-4140-bdd2-03af2fa38e9c,6d7d39fb-1136-4cc8-a68c-bb6a284f2245,Chayce Jones,DEF,"https://s.afl.com.au/staticfile/AFL%20Tenant/AFL/Players/ChampIDImages/AFL/2026014/1006203.png?im=Scale,width=0.6,height=0.6",2026-02-26 00:25:45.873242+00,1,,,0,1006203,adelaide-crows,Adelaide Crows,"https://s.afl.com.au/staticfile/AFL%20Tenant/AFL/Players/ChampIDImages/AFL/2026014/1006203.png?im=Scale,width=0.6,height=0.6",Chayce Jones,Chayce Jones,hayceones
32f1ce42-1c86-4959-a9e4-53bae5c7f177,6e06405b-7cff-4d56-b852-48cc980c21bb,Campbell Gray,MID,"https://s.afl.com.au/staticfile/AFL%20Tenant/AFL/Players/ChampIDImages/AFL/2026014/1036103.png?im=Scale,width=0.6,height=0.6",2026-02-26 00:25:46.196086+00,50,,,0,1036103,richmond-tigers,Richmond Tigers,"https://s.afl.com.au/staticfile/AFL%20Tenant/AFL/Players/ChampIDImages/AFL/2026014/1036103.png?im=Scale,width=0.6,height=0.6",Campbell Gray,Campbell Gray,ampbellray
33683604-981d-4851-ac0b-92ff1c4a6520,5a697f25-65ef-4a40-9446-c813bbd624dc,Nick Blakey,FWD,"https://s.afl.com.au/staticfile/AFL%20Tenant/AFL/Players/ChampIDImages/AFL/2026014/1006028.png?im=Scale,width=0.6,height=0.6",2026-02-26 00:25:45.873242+00,22,,,0,1006028,sydney-swans,Sydney Swans,"https://s.afl.com.au/staticfile/AFL%20Tenant/AFL/Players/ChampIDImages/AFL/2026014/1006028.png?im=Scale,width=0.6,height=0.6",Nick Blakey,Nick Blakey,icklakey
3377b6ce-770c-4ea5-b648-970672ea1691,6d7d39fb-1136-4cc8-a68c-bb6a284f2245,Oscar Ryan,FWD,"https://s.afl.com.au/staticfile/AFL%20Tenant/AFL/Players/ChampIDImages/AFL/2026014/1027893.png?im=Scale,width=0.6,height=0.6",2026-02-26 00:25:46.196086+00,22,,,0,1027893,adelaide-crows,Adelaide Crows,"https://s.afl.com.au/staticfile/AFL%20Tenant/AFL/Players/ChampIDImages/AFL/2026014/1027893.png?im=Scale,width=0.6,height=0.6",Oscar Ryan,Oscar Ryan,scaryan
33d5679d-5d70-4379-8a05-9113765fca57,4a0822e2-ed7a-4fc4-8e70-bd1d1b92d3f8,Dan Houston,DEF,"https://s.afl.com.au/staticfile/AFL%20Tenant/AFL/Players/ChampIDImages/AFL/2026014/994295.png?im=Scale,width=0.6,height=0.6",2026-02-26 00:25:45.873242+00,9,,,0,994295,collingwood-magpies,Collingwood Magpies,"https://s.afl.com.au/staticfile/AFL%20Tenant/AFL/Players/ChampIDImages/AFL/2026014/994295.png?im=Scale,width=0.6,height=0.6",Dan Houston,Dan Houston,anouston
3420d18e-6061-40df-88e3-d066d0d5065e,914ab50f-d78d-4a28-aaef-6e4db1410600,Nasiah Wanganeen-Milera,DEF,"https://s.afl.com.au/staticfile/AFL%20Tenant/AFL/Players/ChampIDImages/AFL/2026014/1015507.png?im=Scale,width=0.6,height=0.6",2026-02-26 00:25:45.873242+00,7,,,0,1015507,st-kilda-saints,St Kilda Saints,"https://s.afl.com.au/staticfile/AFL%20Tenant/AFL/Players/ChampIDImages/AFL/2026014/1015507.png?im=Scale,width=0.6,height=0.6",Nasiah Wanganeen-Milera,Nasiah Wanganeen-Milera,asiahanganeenilera
34279ae1-d66f-4b21-9f46-633b9f21c12f,4a0822e2-ed7a-4fc4-8e70-bd1d1b92d3f8,Joel Cochran,FWD,"https://s.afl.com.au/staticfile/AFL%20Tenant/AFL/Players/ChampIDImages/AFL/2026014/1029000.png?im=Scale,width=0.6,height=0.6",2026-02-26 00:25:46.196086+00,27,,,0,1029000,collingwood-magpies,Collingwood Magpies,"https://s.afl.com.au/staticfile/AFL%20Tenant/AFL/Players/ChampIDImages/AFL/2026014/1029000.png?im=Scale,width=0.6,height=0.6",Joel Cochran,Joel Cochran,oelochran
348b95ea-1834-4183-857c-19173065928f,914ab50f-d78d-4a28-aaef-6e4db1410600,Tom De Koning,FWD,"https://s.afl.com.au/staticfile/AFL%20Tenant/AFL/Players/ChampIDImages/AFL/2026014/1004912.png?im=Scale,width=0.6,height=0.6",2026-02-26 00:25:45.873242+00,21,,,0,1004912,st-kilda-saints,St Kilda Saints,"https://s.afl.com.au/staticfile/AFL%20Tenant/AFL/Players/ChampIDImages/AFL/2026014/1004912.png?im=Scale,width=0.6,height=0.6",Tom De Koning,Tom De Koning,omeoning
349c0313-15e9-4bea-83b0-f36c3811cf7a,,Jasper Scaife,,"https://s.afl.com.au/staticfile/AFL%20Tenant/AFL/Players/ChampIDImages/AFL/2026014/1018122.png?im=Scale,width=0.6,height=0.6",2026-02-26 00:25:46.196086+00,,,,0,1018122,,,"https://s.afl.com.au/staticfile/AFL%20Tenant/AFL/Players/ChampIDImages/AFL/2026014/1018122.png?im=Scale,width=0.6,height=0.6",Jasper Scaife,Jasper Scaife,aspercaife
34ebd061-8e75-4f4f-bea2-c72484cfd248,d991371b-e2f7-4c95-ad7c-52ea89b07d7b,Mitch Lewis,DEF,"https://s.afl.com.au/staticfile/AFL%20Tenant/AFL/Players/ChampIDImages/AFL/2026014/1000887.png?im=Scale,width=0.6,height=0.6",2026-02-26 00:25:45.873242+00,2,,,0,1000887,hawthorn-hawks,Hawthorn Hawks,"https://s.afl.com.au/staticfile/AFL%20Tenant/AFL/Players/ChampIDImages/AFL/2026014/1000887.png?im=Scale,width=0.6,height=0.6",Mitch Lewis,Mitch Lewis,itchewis
34fda884-0e5e-487f-8928-607cd651d685,,Alex Cincotta,,"https://s.afl.com.au/staticfile/AFL%20Tenant/AFL/Players/ChampIDImages/AFL/2026014/1016268.png?im=Scale,width=0.6,height=0.6",2026-02-26 00:25:46.196086+00,,,,0,1016268,,,"https://s.afl.com.au/staticfile/AFL%20Tenant/AFL/Players/ChampIDImages/AFL/2026014/1016268.png?im=Scale,width=0.6,height=0.6",Alex Cincotta,Alex Cincotta,lexincotta
3555c1a9-509a-4cfd-8135-4ff26256a320,0d8207f2-c6ac-43c7-b3b1-154eb1648fe5,Tom Green,MID,"https://s.afl.com.au/staticfile/AFL%20Tenant/AFL/Players/ChampIDImages/AFL/2026014/1009528.png?im=Scale,width=0.6,height=0.6",2026-02-26 00:25:45.873242+00,12,,,0,1009528,gws-giants,GWS Giants,"https://s.afl.com.au/staticfile/AFL%20Tenant/AFL/Players/ChampIDImages/AFL/2026014/1009528.png?im=Scale,width=0.6,height=0.6",Tom Green,Tom Green,omreen
35b7a9de-7142-4d4a-be2b-a8b5e82058b4,,Todd Goldstein,,"https://s.afl.com.au/staticfile/AFL%20Tenant/AFL/Players/ChampIDImages/AFL/2026014/271129.png?im=Scale,width=0.6,height=0.6",2026-02-26 00:25:45.873242+00,,,,0,271129,,,"https://s.afl.com.au/staticfile/AFL%20Tenant/AFL/Players/ChampIDImages/AFL/2026014/271129.png?im=Scale,width=0.6,height=0.6",Todd Goldstein,Todd Goldstein,oddoldstein
36c82d1f-59ba-43cc-aca1-3d68ef708df1,8953891c-6af3-4f31-8386-7340f0c27f9c,Bodhi Uwland,DEF,"https://s.afl.com.au/staticfile/AFL%20Tenant/AFL/Players/ChampIDImages/AFL/2026014/1017665.png?im=Scale,width=0.6,height=0.6",2026-02-26 00:25:45.873242+00,6,,,0,1017665,gold-coast-suns,Gold Coast Suns,"https://s.afl.com.au/staticfile/AFL%20Tenant/AFL/Players/ChampIDImages/AFL/2026014/1017665.png?im=Scale,width=0.6,height=0.6",Bodhi Uwland,Bodhi Uwland,odhiwland
371d0d1b-751c-4195-a65f-98391148a97c,501a05f7-174e-4a86-8cea-db048be8b646,Bruce Reville,MID,"https://s.afl.com.au/staticfile/AFL%20Tenant/AFL/Players/ChampIDImages/AFL/2026014/1009317.png?im=Scale,width=0.6,height=0.6",2026-02-26 00:25:45.873242+00,38,,,0,1009317,brisbane-lions,Brisbane Lions,"https://s.afl.com.au/staticfile/AFL%20Tenant/AFL/Players/ChampIDImages/AFL/2026014/1009317.png?im=Scale,width=0.6,height=0.6",Bruce Reville,Bruce Reville,ruceeville
374b49db-d35d-42b3-960b-683969b16be4,5a697f25-65ef-4a40-9446-c813bbd624dc,William Edwards,FWD,"https://s.afl.com.au/staticfile/AFL%20Tenant/AFL/Players/ChampIDImages/AFL/2026014/1017757.png?im=Scale,width=0.6,height=0.6",2026-02-26 00:25:46.196086+00,28,,,0,1017757,sydney-swans,Sydney Swans,"https://s.afl.com.au/staticfile/AFL%20Tenant/AFL/Players/ChampIDImages/AFL/2026014/1017757.png?im=Scale,width=0.6,height=0.6",William Edwards,William Edwards,illiamdwards
37586496-0c50-4239-81a4-16a05476f34d,,Will Phillips,,"https://s.afl.com.au/staticfile/AFL%20Tenant/AFL/Players/ChampIDImages/AFL/2026014/1012829.png?im=Scale,width=0.6,height=0.6",2026-02-26 00:25:45.873242+00,,,,0,1012829,,,"https://s.afl.com.au/staticfile/AFL%20Tenant/AFL/Players/ChampIDImages/AFL/2026014/1012829.png?im=Scale,width=0.6,height=0.6",Will Phillips,Will Phillips,illhillips
3769ad6f-1f23-4009-8ab7-8c83861697c2,4a0822e2-ed7a-4fc4-8e70-bd1d1b92d3f8,Roan Steele,MID,"https://s.afl.com.au/staticfile/AFL%20Tenant/AFL/Players/ChampIDImages/AFL/2026014/1027501.png?im=Scale,width=0.6,height=0.6",2026-02-26 00:25:46.196086+00,45,,,0,1027501,collingwood-magpies,Collingwood Magpies,"https://s.afl.com.au/staticfile/AFL%20Tenant/AFL/Players/ChampIDImages/AFL/2026014/1027501.png?im=Scale,width=0.6,height=0.6",Roan Steele,Roan Steele,oanteele
37c11db5-2cbd-4e42-b63d-3b0eb655673c,4a0822e2-ed7a-4fc4-8e70-bd1d1b92d3f8,Jack Crisp,FWD,"https://s.afl.com.au/staticfile/AFL%20Tenant/AFL/Players/ChampIDImages/AFL/2026014/293871.png?im=Scale,width=0.6,height=0.6",2026-02-26 00:25:45.873242+00,25,,,0,293871,collingwood-magpies,Collingwood Magpies,"https://s.afl.com.au/staticfile/AFL%20Tenant/AFL/Players/ChampIDImages/AFL/2026014/293871.png?im=Scale,width=0.6,height=0.6",Jack Crisp,Jack Crisp,ackrisp
37edd1ef-6a34-4d15-8dc2-c1cd70455a95,0d8207f2-c6ac-43c7-b3b1-154eb1648fe5,Lachie Ash,DEF,"https://s.afl.com.au/staticfile/AFL%20Tenant/AFL/Players/ChampIDImages/AFL/2026014/1009253.png?im=Scale,width=0.6,height=0.6",2026-02-26 00:25:45.873242+00,7,,,0,1009253,gws-giants,GWS Giants,"https://s.afl.com.au/staticfile/AFL%20Tenant/AFL/Players/ChampIDImages/AFL/2026014/1009253.png?im=Scale,width=0.6,height=0.6",Lachie Ash,Lachie Ash,achiesh
37f96d51-b96d-4249-a4ce-da967df4afeb,85de4282-cc6a-4db6-b4f6-8520b69c38de,Taylor Goad,FWD,"https://s.afl.com.au/staticfile/AFL%20Tenant/AFL/Players/ChampIDImages/AFL/2026014/1031506.png?im=Scale,width=0.6,height=0.6",2026-02-26 00:25:45.873242+00,22,,,0,1031506,north-melbourne-kangaroos,North Melbourne Kangaroos,"https://s.afl.com.au/staticfile/AFL%20Tenant/AFL/Players/ChampIDImages/AFL/2026014/1031506.png?im=Scale,width=0.6,height=0.6",Taylor Goad,Taylor Goad,ayloroad
3805201e-b5dd-4bce-a704-7ed5fae1732c,,Zaine Cordy,,"https://s.afl.com.au/staticfile/AFL%20Tenant/AFL/Players/ChampIDImages/AFL/2026014/991939.png?im=Scale,width=0.6,height=0.6",2026-02-26 00:25:46.196086+00,,,,0,991939,,,"https://s.afl.com.au/staticfile/AFL%20Tenant/AFL/Players/ChampIDImages/AFL/2026014/991939.png?im=Scale,width=0.6,height=0.6",Zaine Cordy,Zaine Cordy,aineordy
3857ca34-2b5c-4605-9ba9-b9a9b672df4a,4a0822e2-ed7a-4fc4-8e70-bd1d1b92d3f8,Darcy Cameron,MID,"https://s.afl.com.au/staticfile/AFL%20Tenant/AFL/Players/ChampIDImages/AFL/2026014/990291.png?im=Scale,width=0.6,height=0.6",2026-02-26 00:25:45.873242+00,14,,,0,990291,collingwood-magpies,Collingwood Magpies,"https://s.afl.com.au/staticfile/AFL%20Tenant/AFL/Players/ChampIDImages/AFL/2026014/990291.png?im=Scale,width=0.6,height=0.6",Darcy Cameron,Darcy Cameron,arcyameron
3860ddeb-bc07-43ee-ada9-f2838afa816b,82880eac-b132-4b23-93d7-0ec25ff0a023,Jack Viney,DEF,"https://s.afl.com.au/staticfile/AFL%20Tenant/AFL/Players/ChampIDImages/AFL/2026014/291902.png?im=Scale,width=0.6,height=0.6",2026-02-26 00:25:45.873242+00,7,,,0,291902,melbourne-demons,Melbourne Demons,"https://s.afl.com.au/staticfile/AFL%20Tenant/AFL/Players/ChampIDImages/AFL/2026014/291902.png?im=Scale,width=0.6,height=0.6",Jack Viney,Jack Viney,ackiney
3866e847-5849-4da4-81c3-8f59e660ed50,6689e156-49a9-4066-a22e-259375fa9b04,Tyson Stengle,MID,"https://s.afl.com.au/staticfile/AFL%20Tenant/AFL/Players/ChampIDImages/AFL/2026014/997230.png?im=Scale,width=0.6,height=0.6",2026-02-26 00:25:45.873242+00,18,,,0,997230,geelong-cats,Geelong Cats,"https://s.afl.com.au/staticfile/AFL%20Tenant/AFL/Players/ChampIDImages/AFL/2026014/997230.png?im=Scale,width=0.6,height=0.6",Tyson Stengle,Tyson Stengle,ysontengle
38a12c70-f533-4277-9d8c-364a7f8fcc7b,6d7d39fb-1136-4cc8-a68c-bb6a284f2245,Zac Taylor,MID,"https://s.afl.com.au/staticfile/AFL%20Tenant/AFL/Players/ChampIDImages/AFL/2026014/1017065.png?im=Scale,width=0.6,height=0.6",2026-02-26 00:25:45.873242+00,19,,,0,1017065,adelaide-crows,Adelaide Crows,"https://s.afl.com.au/staticfile/AFL%20Tenant/AFL/Players/ChampIDImages/AFL/2026014/1017065.png?im=Scale,width=0.6,height=0.6",Zac Taylor,Zac Taylor,acaylor
3a1666d4-fa1a-4574-b465-af183bfb16e0,0ceb3e8b-4504-4ddd-b7c6-e2bf4215eada,Luke Kennedy,MID,"https://s.afl.com.au/staticfile/AFL%20Tenant/AFL/Players/ChampIDImages/AFL/2026014/1032112.png?im=Scale,width=0.6,height=0.6",2026-02-26 00:25:45.873242+00,35,,,0,1032112,western-bulldogs,Western Bulldogs,"https://s.afl.com.au/staticfile/AFL%20Tenant/AFL/Players/ChampIDImages/AFL/2026014/1032112.png?im=Scale,width=0.6,height=0.6",Luke Kennedy,Luke Kennedy,ukeennedy
3a36fbe7-60e5-4622-a6d5-8f7e1bd32962,70c32ca0-2bec-4db6-9b70-b8c8327f51c1,Kane Farrell,DEF,"https://s.afl.com.au/staticfile/AFL%20Tenant/AFL/Players/ChampIDImages/AFL/2026014/1002253.png?im=Scale,width=0.6,height=0.6",2026-02-26 00:25:45.873242+00,6,,,0,1002253,port-adelaide-power,Port Adelaide Power,"https://s.afl.com.au/staticfile/AFL%20Tenant/AFL/Players/ChampIDImages/AFL/2026014/1002253.png?im=Scale,width=0.6,height=0.6",Kane Farrell,Kane Farrell,anearrell
3b2b2962-a163-4add-8b09-0121395fc893,70c32ca0-2bec-4db6-9b70-b8c8327f51c1,Joe Berry,DEF,"https://s.afl.com.au/staticfile/AFL%20Tenant/AFL/Players/ChampIDImages/AFL/2026014/1028529.png?im=Scale,width=0.6,height=0.6",2026-02-26 00:25:46.196086+00,5,,,0,1028529,port-adelaide-power,Port Adelaide Power,"https://s.afl.com.au/staticfile/AFL%20Tenant/AFL/Players/ChampIDImages/AFL/2026014/1028529.png?im=Scale,width=0.6,height=0.6",Joe Berry,Joe Berry,oeerry
3b6f5097-fa74-4b31-947d-cdce400e7ea4,6e06405b-7cff-4d56-b852-48cc980c21bb,Taj Hotton,MID,"https://s.afl.com.au/staticfile/AFL%20Tenant/AFL/Players/ChampIDImages/AFL/2026014/1032106.png?im=Scale,width=0.6,height=0.6",2026-02-26 00:25:46.196086+00,10,,,0,1032106,richmond-tigers,Richmond Tigers,"https://s.afl.com.au/staticfile/AFL%20Tenant/AFL/Players/ChampIDImages/AFL/2026014/1032106.png?im=Scale,width=0.6,height=0.6",Taj Hotton,Taj Hotton,ajotton
3b709e5e-07ee-40ce-9b03-93e0750c0284,4a0822e2-ed7a-4fc4-8e70-bd1d1b92d3f8,Daniel McStay,MID,"https://s.afl.com.au/staticfile/AFL%20Tenant/AFL/Players/ChampIDImages/AFL/2026014/297504.png?im=Scale,width=0.6,height=0.6",2026-02-26 00:25:45.873242+00,11,,,0,297504,collingwood-magpies,Collingwood Magpies,"https://s.afl.com.au/staticfile/AFL%20Tenant/AFL/Players/ChampIDImages/AFL/2026014/297504.png?im=Scale,width=0.6,height=0.6",Daniel McStay,Daniel McStay,anielctay
3b73ad88-112c-449c-98f2-198c828d4c80,f70ca36c-612b-439f-850f-4a31fd2df499,Sam Walsh,MID,"https://s.afl.com.au/staticfile/AFL%20Tenant/AFL/Players/ChampIDImages/AFL/2026014/1006094.png?im=Scale,width=0.6,height=0.6",2026-02-26 00:25:45.873242+00,18,,,0,1006094,carlton-blues,Carlton Blues,"https://s.afl.com.au/staticfile/AFL%20Tenant/AFL/Players/ChampIDImages/AFL/2026014/1006094.png?im=Scale,width=0.6,height=0.6",Sam Walsh,Sam Walsh,amalsh
3bb4360f-e02f-4e78-8134-08320d96da04,f70ca36c-612b-439f-850f-4a31fd2df499,Matthew Cottrell,MID,"https://s.afl.com.au/staticfile/AFL%20Tenant/AFL/Players/ChampIDImages/AFL/2026014/1008154.png?im=Scale,width=0.6,height=0.6",2026-02-26 00:25:45.873242+00,46,,,0,1008154,carlton-blues,Carlton Blues,"https://s.afl.com.au/staticfile/AFL%20Tenant/AFL/Players/ChampIDImages/AFL/2026014/1008154.png?im=Scale,width=0.6,height=0.6",Matthew Cottrell,Matthew Cottrell,atthewottrell
3ca2e5f6-7620-4dd2-bbcc-c4c0a5e403dd,82880eac-b132-4b23-93d7-0ec25ff0a023,Jack Henderson,MID,"https://s.afl.com.au/staticfile/AFL%20Tenant/AFL/Players/ChampIDImages/AFL/2026014/1008183.png?im=Scale,width=0.6,height=0.6",2026-02-26 00:25:46.196086+00,43,,,0,1008183,melbourne-demons,Melbourne Demons,"https://s.afl.com.au/staticfile/AFL%20Tenant/AFL/Players/ChampIDImages/AFL/2026014/1008183.png?im=Scale,width=0.6,height=0.6",Jack Henderson,Jack Henderson,ackenderson
3d1eeb71-dcbf-49e3-ab09-bf5b6ba668de,85de4282-cc6a-4db6-b4f6-8520b69c38de,Wil Dawson,MID,"https://s.afl.com.au/staticfile/AFL%20Tenant/AFL/Players/ChampIDImages/AFL/2026014/1028551.png?im=Scale,width=0.6,height=0.6",2026-02-26 00:25:46.196086+00,18,,,0,1028551,north-melbourne-kangaroos,North Melbourne Kangaroos,"https://s.afl.com.au/staticfile/AFL%20Tenant/AFL/Players/ChampIDImages/AFL/2026014/1028551.png?im=Scale,width=0.6,height=0.6",Wil Dawson,Wil Dawson,ilawson
3d93b140-4519-4f54-ae31-cbd0949d9d42,914ab50f-d78d-4a28-aaef-6e4db1410600,Ryan Byrnes,MID,"https://s.afl.com.au/staticfile/AFL%20Tenant/AFL/Players/ChampIDImages/AFL/2026014/1011994.png?im=Scale,width=0.6,height=0.6",2026-02-26 00:25:45.873242+00,13,,,0,1011994,st-kilda-saints,St Kilda Saints,"https://s.afl.com.au/staticfile/AFL%20Tenant/AFL/Players/ChampIDImages/AFL/2026014/1011994.png?im=Scale,width=0.6,height=0.6",Ryan Byrnes,Ryan Byrnes,yanyrnes
3db5353f-53f3-4c4c-95d4-5dc808c19a6d,7fddbede-9cbf-4436-9845-1db1739b2476,Bo Allan,FWD,"https://s.afl.com.au/staticfile/AFL%20Tenant/AFL/Players/ChampIDImages/AFL/2026014/1028449.png?im=Scale,width=0.6,height=0.6",2026-02-26 00:25:46.196086+00,26,,,0,1028449,west-coast-eagles,West Coast Eagles,"https://s.afl.com.au/staticfile/AFL%20Tenant/AFL/Players/ChampIDImages/AFL/2026014/1028449.png?im=Scale,width=0.6,height=0.6",Bo Allan,Bo Allan,ollan
3e61310f-8a29-413c-8ffa-e6e92c1d8fc8,,Mitch Duncan,,"https://s.afl.com.au/staticfile/AFL%20Tenant/AFL/Players/ChampIDImages/AFL/2026014/281065.png?im=Scale,width=0.6,height=0.6",2026-02-26 00:25:45.873242+00,,,,0,281065,,,"https://s.afl.com.au/staticfile/AFL%20Tenant/AFL/Players/ChampIDImages/AFL/2026014/281065.png?im=Scale,width=0.6,height=0.6",Mitch Duncan,Mitch Duncan,itchuncan
3e79b1f8-164e-451f-85c9-62ed65aeea1e,,Darcy Tucker,,"https://s.afl.com.au/staticfile/AFL%20Tenant/AFL/Players/ChampIDImages/AFL/2026014/993816.png?im=Scale,width=0.6,height=0.6",2026-02-26 00:25:45.873242+00,,,,0,993816,,,"https://s.afl.com.au/staticfile/AFL%20Tenant/AFL/Players/ChampIDImages/AFL/2026014/993816.png?im=Scale,width=0.6,height=0.6",Darcy Tucker,Darcy Tucker,arcyucker
3ea35ed4-eb5a-4e3d-bf02-504e55e406b8,6689e156-49a9-4066-a22e-259375fa9b04,Tanner Bruhn,DEF,"https://s.afl.com.au/staticfile/AFL%20Tenant/AFL/Players/ChampIDImages/AFL/2026014/1012805.png?im=Scale,width=0.6,height=0.6",2026-02-26 00:25:45.873242+00,4,,,0,1012805,geelong-cats,Geelong Cats,"https://s.afl.com.au/staticfile/AFL%20Tenant/AFL/Players/ChampIDImages/AFL/2026014/1012805.png?im=Scale,width=0.6,height=0.6",Tanner Bruhn,Tanner Bruhn,annerruhn
3ea5e22e-40a0-4692-b80b-a54be9bd4d86,5a697f25-65ef-4a40-9446-c813bbd624dc,Caiden Cleary,MID,"https://s.afl.com.au/staticfile/AFL%20Tenant/AFL/Players/ChampIDImages/AFL/2026014/1024057.png?im=Scale,width=0.6,height=0.6",2026-02-26 00:25:46.196086+00,33,,,0,1024057,sydney-swans,Sydney Swans,"https://s.afl.com.au/staticfile/AFL%20Tenant/AFL/Players/ChampIDImages/AFL/2026014/1024057.png?im=Scale,width=0.6,height=0.6",Caiden Cleary,Caiden Cleary,aidenleary
3ebbea8f-3ee3-4bcc-8973-30e1fcc651e4,501a05f7-174e-4a86-8cea-db048be8b646,Lincoln McCarthy,MID,"https://s.afl.com.au/staticfile/AFL%20Tenant/AFL/Players/ChampIDImages/AFL/2026014/293581.png?im=Scale,width=0.6,height=0.6",2026-02-26 00:25:45.873242+00,11,,,0,293581,brisbane-lions,Brisbane Lions,"https://s.afl.com.au/staticfile/AFL%20Tenant/AFL/Players/ChampIDImages/AFL/2026014/293581.png?im=Scale,width=0.6,height=0.6",Lincoln McCarthy,Lincoln McCarthy,incolncarthy
3f0aed5e-ec84-4488-bd27-eb857f8011d2,d991371b-e2f7-4c95-ad7c-52ea89b07d7b,Lloyd Meek,MID,"https://s.afl.com.au/staticfile/AFL%20Tenant/AFL/Players/ChampIDImages/AFL/2026014/1000980.png?im=Scale,width=0.6,height=0.6",2026-02-26 00:25:45.873242+00,17,,,0,1000980,hawthorn-hawks,Hawthorn Hawks,"https://s.afl.com.au/staticfile/AFL%20Tenant/AFL/Players/ChampIDImages/AFL/2026014/1000980.png?im=Scale,width=0.6,height=0.6",Lloyd Meek,Lloyd Meek,loydeek
41124b10-57ef-4389-b983-0f963c4ce6dd,6689e156-49a9-4066-a22e-259375fa9b04,Sam De Koning,MID,"https://s.afl.com.au/staticfile/AFL%20Tenant/AFL/Players/ChampIDImages/AFL/2026014/1009229.png?im=Scale,width=0.6,height=0.6",2026-02-26 00:25:46.196086+00,16,,,0,1009229,geelong-cats,Geelong Cats,"https://s.afl.com.au/staticfile/AFL%20Tenant/AFL/Players/ChampIDImages/AFL/2026014/1009229.png?im=Scale,width=0.6,height=0.6",Sam De Koning,Sam De Koning,ameoning
41758deb-4fbf-498f-bd15-3770b67e1d82,f70ca36c-612b-439f-850f-4a31fd2df499,Jagga Smith,DEF,"https://s.afl.com.au/staticfile/AFL%20Tenant/AFL/Players/ChampIDImages/AFL/2026014/1028515.png?im=Scale,width=0.6,height=0.6",2026-02-26 00:25:45.873242+00,7,,,0,1028515,carlton-blues,Carlton Blues,"https://s.afl.com.au/staticfile/AFL%20Tenant/AFL/Players/ChampIDImages/AFL/2026014/1028515.png?im=Scale,width=0.6,height=0.6",Jagga Smith,Jagga Smith,aggamith
41b2f3e2-8a1c-4ee8-a21a-e719c28be6e6,f70ca36c-612b-439f-850f-4a31fd2df499,Oliver Hollands,DEF,"https://s.afl.com.au/staticfile/AFL%20Tenant/AFL/Players/ChampIDImages/AFL/2026014/1023495.png?im=Scale,width=0.6,height=0.6",2026-02-26 00:25:45.873242+00,4,,,0,1023495,carlton-blues,Carlton Blues,"https://s.afl.com.au/staticfile/AFL%20Tenant/AFL/Players/ChampIDImages/AFL/2026014/1023495.png?im=Scale,width=0.6,height=0.6",Oliver Hollands,Oliver Hollands,liverollands
41dd9269-fce3-46ae-8eef-0adcb31d2716,7fddbede-9cbf-4436-9845-1db1739b2476,Jake Waterman,DEF,"https://s.afl.com.au/staticfile/AFL%20Tenant/AFL/Players/ChampIDImages/AFL/2026014/996554.png?im=Scale,width=0.6,height=0.6",2026-02-26 00:25:45.873242+00,2,,,0,996554,west-coast-eagles,West Coast Eagles,"https://s.afl.com.au/staticfile/AFL%20Tenant/AFL/Players/ChampIDImages/AFL/2026014/996554.png?im=Scale,width=0.6,height=0.6",Jake Waterman,Jake Waterman,akeaterman
431f2603-d4b8-48b6-be61-e1f4a9a4aab7,0ceb3e8b-4504-4ddd-b7c6-e2bf4215eada,Ryley Sanders,MID,"https://s.afl.com.au/staticfile/AFL%20Tenant/AFL/Players/ChampIDImages/AFL/2026014/1017939.png?im=Scale,width=0.6,height=0.6",2026-02-26 00:25:45.873242+00,9,,,0,1017939,western-bulldogs,Western Bulldogs,"https://s.afl.com.au/staticfile/AFL%20Tenant/AFL/Players/ChampIDImages/AFL/2026014/1017939.png?im=Scale,width=0.6,height=0.6",Ryley Sanders,Ryley Sanders,yleyanders
431fba35-756e-4a54-a535-f243677554ec,70c32ca0-2bec-4db6-9b70-b8c8327f51c1,Mani Liddy,MID,"https://s.afl.com.au/staticfile/AFL%20Tenant/AFL/Players/ChampIDImages/AFL/2026014/1008649.png?im=Scale,width=0.6,height=0.6",2026-02-26 00:25:46.196086+00,50,,,0,1008649,port-adelaide-power,Port Adelaide Power,"https://s.afl.com.au/staticfile/AFL%20Tenant/AFL/Players/ChampIDImages/AFL/2026014/1008649.png?im=Scale,width=0.6,height=0.6",Mani Liddy,Mani Liddy,aniiddy
43575e92-5e95-4fe5-abec-fe446f9d6711,d991371b-e2f7-4c95-ad7c-52ea89b07d7b,Josh Battle,FWD,"https://s.afl.com.au/staticfile/AFL%20Tenant/AFL/Players/ChampIDImages/AFL/2026014/998134.png?im=Scale,width=0.6,height=0.6",2026-02-26 00:25:45.873242+00,24,,,0,998134,hawthorn-hawks,Hawthorn Hawks,"https://s.afl.com.au/staticfile/AFL%20Tenant/AFL/Players/ChampIDImages/AFL/2026014/998134.png?im=Scale,width=0.6,height=0.6",Josh Battle,Josh Battle,oshattle
43afdcfc-84b5-46ef-bc84-fc393cd317f5,8953891c-6af3-4f31-8386-7340f0c27f9c,Nick Holman,DEF,"https://s.afl.com.au/staticfile/AFL%20Tenant/AFL/Players/ChampIDImages/AFL/2026014/297456.png?im=Scale,width=0.6,height=0.6",2026-02-26 00:25:45.873242+00,7,,,0,297456,gold-coast-suns,Gold Coast Suns,"https://s.afl.com.au/staticfile/AFL%20Tenant/AFL/Players/ChampIDImages/AFL/2026014/297456.png?im=Scale,width=0.6,height=0.6",Nick Holman,Nick Holman,ickolman
444a981e-9595-4d96-8d04-018dc01bdcef,,Travis Boak,,"https://s.afl.com.au/staticfile/AFL%20Tenant/AFL/Players/ChampIDImages/AFL/2026014/250365.png?im=Scale,width=0.6,height=0.6",2026-02-26 00:25:45.873242+00,,,,0,250365,,,"https://s.afl.com.au/staticfile/AFL%20Tenant/AFL/Players/ChampIDImages/AFL/2026014/250365.png?im=Scale,width=0.6,height=0.6",Travis Boak,Travis Boak,ravisoak
44728d9b-f7a4-44fb-a79e-f30302e3d6a8,0ceb3e8b-4504-4ddd-b7c6-e2bf4215eada,Sam Darcy,MID,"https://s.afl.com.au/staticfile/AFL%20Tenant/AFL/Players/ChampIDImages/AFL/2026014/1017126.png?im=Scale,width=0.6,height=0.6",2026-02-26 00:25:45.873242+00,10,,,0,1017126,western-bulldogs,Western Bulldogs,"https://s.afl.com.au/staticfile/AFL%20Tenant/AFL/Players/ChampIDImages/AFL/2026014/1017126.png?im=Scale,width=0.6,height=0.6",Sam Darcy,Sam Darcy,amarcy
44ae14b0-9188-4941-8105-083a42cd8bd9,7fddbede-9cbf-4436-9845-1db1739b2476,Dylan Williams,MID,"https://s.afl.com.au/staticfile/AFL%20Tenant/AFL/Players/ChampIDImages/AFL/2026014/1009195.png?im=Scale,width=0.6,height=0.6",2026-02-26 00:25:45.873242+00,36,,,0,1009195,west-coast-eagles,West Coast Eagles,"https://s.afl.com.au/staticfile/AFL%20Tenant/AFL/Players/ChampIDImages/AFL/2026014/1009195.png?im=Scale,width=0.6,height=0.6",Dylan Williams,Dylan Williams,ylanilliams
450d3c66-5e6b-4fd2-9e9d-694ee06aa867,0ceb3e8b-4504-4ddd-b7c6-e2bf4215eada,Sam Davidson,MID,"https://s.afl.com.au/staticfile/AFL%20Tenant/AFL/Players/ChampIDImages/AFL/2026014/1036123.png?im=Scale,width=0.6,height=0.6",2026-02-26 00:25:46.196086+00,42,,,0,1036123,western-bulldogs,Western Bulldogs,"https://s.afl.com.au/staticfile/AFL%20Tenant/AFL/Players/ChampIDImages/AFL/2026014/1036123.png?im=Scale,width=0.6,height=0.6",Sam Davidson,Sam Davidson,amavidson
455d0e91-04ce-4bca-86da-6b26f8e88cb7,0a73bf79-7321-4fd5-8b67-90fffabdcf01,Sam Switkowski,MID,"https://s.afl.com.au/staticfile/AFL%20Tenant/AFL/Players/ChampIDImages/AFL/2026014/992059.png?im=Scale,width=0.6,height=0.6",2026-02-26 00:25:45.873242+00,39,,,0,992059,fremantle-dockers,Fremantle Dockers,"https://s.afl.com.au/staticfile/AFL%20Tenant/AFL/Players/ChampIDImages/AFL/2026014/992059.png?im=Scale,width=0.6,height=0.6",Sam Switkowski,Sam Switkowski,amwitkowski
45794e7c-69fd-4162-ba06-be9804b7ff11,82880eac-b132-4b23-93d7-0ec25ff0a023,Max Heath,FWD,"https://s.afl.com.au/staticfile/AFL%20Tenant/AFL/Players/ChampIDImages/AFL/2026014/1015886.png?im=Scale,width=0.6,height=0.6",2026-02-26 00:25:45.873242+00,27,,,0,1015886,melbourne-demons,Melbourne Demons,"https://s.afl.com.au/staticfile/AFL%20Tenant/AFL/Players/ChampIDImages/AFL/2026014/1015886.png?im=Scale,width=0.6,height=0.6",Max Heath,Max Heath,axeath
45c00840-b784-454a-878a-2728bbb67b60,7fddbede-9cbf-4436-9845-1db1739b2476,Jack Williams,MID,"https://s.afl.com.au/staticfile/AFL%20Tenant/AFL/Players/ChampIDImages/AFL/2026014/1020371.png?im=Scale,width=0.6,height=0.6",2026-02-26 00:25:46.196086+00,34,,,0,1020371,west-coast-eagles,West Coast Eagles,"https://s.afl.com.au/staticfile/AFL%20Tenant/AFL/Players/ChampIDImages/AFL/2026014/1020371.png?im=Scale,width=0.6,height=0.6",Jack Williams,Jack Williams,ackilliams
45d47e60-8569-441d-89d6-da7815b4d72d,38694aa4-7f1c-4a5f-b306-d094532ae24a,Lewis Hayes,MID,"https://s.afl.com.au/staticfile/AFL%20Tenant/AFL/Players/ChampIDImages/AFL/2026014/1023487.png?im=Scale,width=0.6,height=0.6",2026-02-26 00:25:46.196086+00,18,,,0,1023487,essendon-bombers,Essendon Bombers,"https://s.afl.com.au/staticfile/AFL%20Tenant/AFL/Players/ChampIDImages/AFL/2026014/1023487.png?im=Scale,width=0.6,height=0.6",Lewis Hayes,Lewis Hayes,ewisayes
46303c54-e38f-4ef3-892a-23d65c99e9fa,70c32ca0-2bec-4db6-9b70-b8c8327f51c1,Jordon Sweet,FWD,"https://s.afl.com.au/staticfile/AFL%20Tenant/AFL/Players/ChampIDImages/AFL/2026014/992330.png?im=Scale,width=0.6,height=0.6",2026-02-26 00:25:45.873242+00,24,,,0,992330,port-adelaide-power,Port Adelaide Power,"https://s.afl.com.au/staticfile/AFL%20Tenant/AFL/Players/ChampIDImages/AFL/2026014/992330.png?im=Scale,width=0.6,height=0.6",Jordon Sweet,Jordon Sweet,ordonweet
479152e6-ba9c-475f-8eaf-b62400fa3278,,Will Hoskin-Elliott,,"https://s.afl.com.au/staticfile/AFL%20Tenant/AFL/Players/ChampIDImages/AFL/2026014/291720.png?im=Scale,width=0.6,height=0.6",2026-02-26 00:25:45.873242+00,,,,0,291720,,,"https://s.afl.com.au/staticfile/AFL%20Tenant/AFL/Players/ChampIDImages/AFL/2026014/291720.png?im=Scale,width=0.6,height=0.6",Will Hoskin-Elliott,Will Hoskin-Elliott,illoskinlliott
48a6a628-ce79-4381-bddf-3df6d828de6d,5a697f25-65ef-4a40-9446-c813bbd624dc,Patrick Snell,MID,"https://s.afl.com.au/staticfile/AFL%20Tenant/AFL/Players/ChampIDImages/AFL/2026014/1024685.png?im=Scale,width=0.6,height=0.6",2026-02-26 00:25:46.196086+00,41,,,0,1024685,sydney-swans,Sydney Swans,"https://s.afl.com.au/staticfile/AFL%20Tenant/AFL/Players/ChampIDImages/AFL/2026014/1024685.png?im=Scale,width=0.6,height=0.6",Patrick Snell,Patrick Snell,atricknell
496b901b-86fb-4ab0-b761-2f9c0627fb33,8953891c-6af3-4f31-8386-7340f0c27f9c,Jy Farrar,MID,"https://s.afl.com.au/staticfile/AFL%20Tenant/AFL/Players/ChampIDImages/AFL/2026014/999715.png?im=Scale,width=0.6,height=0.6",2026-02-26 00:25:46.196086+00,50,,,0,999715,gold-coast-suns,Gold Coast Suns,"https://s.afl.com.au/staticfile/AFL%20Tenant/AFL/Players/ChampIDImages/AFL/2026014/999715.png?im=Scale,width=0.6,height=0.6",Jy Farrar,Jy Farrar,yarrar
499bb336-f535-403c-bfc2-bd18704df951,82880eac-b132-4b23-93d7-0ec25ff0a023,Christian Salem,DEF,"https://s.afl.com.au/staticfile/AFL%20Tenant/AFL/Players/ChampIDImages/AFL/2026014/296359.png?im=Scale,width=0.6,height=0.6",2026-02-26 00:25:45.873242+00,3,,,0,296359,melbourne-demons,Melbourne Demons,"https://s.afl.com.au/staticfile/AFL%20Tenant/AFL/Players/ChampIDImages/AFL/2026014/296359.png?im=Scale,width=0.6,height=0.6",Christian Salem,Christian Salem,hristianalem
49a5673c-e686-42aa-9b5e-d13a69bae333,501a05f7-174e-4a86-8cea-db048be8b646,Shadeau Brain,MID,"https://s.afl.com.au/staticfile/AFL%20Tenant/AFL/Players/ChampIDImages/AFL/2026014/1028105.png?im=Scale,width=0.6,height=0.6",2026-02-26 00:25:46.196086+00,34,,,0,1028105,brisbane-lions,Brisbane Lions,"https://s.afl.com.au/staticfile/AFL%20Tenant/AFL/Players/ChampIDImages/AFL/2026014/1028105.png?im=Scale,width=0.6,height=0.6",Shadeau Brain,Shadeau Brain,hadeaurain
49cba1d2-630f-44ef-8449-00c154b89d0b,0d8207f2-c6ac-43c7-b3b1-154eb1648fe5,Ryan Angwin,DEF,"https://s.afl.com.au/staticfile/AFL%20Tenant/AFL/Players/ChampIDImages/AFL/2026014/1015777.png?im=Scale,width=0.6,height=0.6",2026-02-26 00:25:45.873242+00,9,,,0,1015777,gws-giants,GWS Giants,"https://s.afl.com.au/staticfile/AFL%20Tenant/AFL/Players/ChampIDImages/AFL/2026014/1015777.png?im=Scale,width=0.6,height=0.6",Ryan Angwin,Ryan Angwin,yanngwin
4a36b8ff-a738-49b8-8778-31258a06c6f9,38694aa4-7f1c-4a5f-b306-d094532ae24a,Will Setterfield,MID,"https://s.afl.com.au/staticfile/AFL%20Tenant/AFL/Players/ChampIDImages/AFL/2026014/998215.png?im=Scale,width=0.6,height=0.6",2026-02-26 00:25:45.873242+00,12,,,0,998215,essendon-bombers,Essendon Bombers,"https://s.afl.com.au/staticfile/AFL%20Tenant/AFL/Players/ChampIDImages/AFL/2026014/998215.png?im=Scale,width=0.6,height=0.6",Will Setterfield,Will Setterfield,illetterfield
4b79d3f6-d448-46fd-bf00-034e48e010ff,5a697f25-65ef-4a40-9446-c813bbd624dc,Riak Andrew,FWD,"https://s.afl.com.au/staticfile/AFL%20Tenant/AFL/Players/ChampIDImages/AFL/2026014/1027659.png?im=Scale,width=0.6,height=0.6",2026-02-26 00:25:46.196086+00,20,,,0,1027659,sydney-swans,Sydney Swans,"https://s.afl.com.au/staticfile/AFL%20Tenant/AFL/Players/ChampIDImages/AFL/2026014/1027659.png?im=Scale,width=0.6,height=0.6",Riak Andrew,Riak Andrew,iakndrew
4b7f0818-13d2-456f-8bc1-b8e4de70be1e,85de4282-cc6a-4db6-b4f6-8520b69c38de,Dylan Stephens,MID,"https://s.afl.com.au/staticfile/AFL%20Tenant/AFL/Players/ChampIDImages/AFL/2026014/1004848.png?im=Scale,width=0.6,height=0.6",2026-02-26 00:25:45.873242+00,15,,,0,1004848,north-melbourne-kangaroos,North Melbourne Kangaroos,"https://s.afl.com.au/staticfile/AFL%20Tenant/AFL/Players/ChampIDImages/AFL/2026014/1004848.png?im=Scale,width=0.6,height=0.6",Dylan Stephens,Dylan Stephens,ylantephens
4b942869-c7b6-41af-8fa5-ac1dd5d361b5,0a73bf79-7321-4fd5-8b67-90fffabdcf01,Jaeger O'Meara,DEF,"https://s.afl.com.au/staticfile/AFL%20Tenant/AFL/Players/ChampIDImages/AFL/2026014/294613.png?im=Scale,width=0.6,height=0.6",2026-02-26 00:25:45.873242+00,2,,,0,294613,fremantle-dockers,Fremantle Dockers,"https://s.afl.com.au/staticfile/AFL%20Tenant/AFL/Players/ChampIDImages/AFL/2026014/294613.png?im=Scale,width=0.6,height=0.6",Jaeger O'Meara,Jaeger O'Meara,aegereara
4bfcc5a4-f596-4492-b112-bdc8990bd212,85de4282-cc6a-4db6-b4f6-8520b69c38de,Colby McKercher,MID,"https://s.afl.com.au/staticfile/AFL%20Tenant/AFL/Players/ChampIDImages/AFL/2026014/1024272.png?im=Scale,width=0.6,height=0.6",2026-02-26 00:25:45.873242+00,10,,,0,1024272,north-melbourne-kangaroos,North Melbourne Kangaroos,"https://s.afl.com.au/staticfile/AFL%20Tenant/AFL/Players/ChampIDImages/AFL/2026014/1024272.png?im=Scale,width=0.6,height=0.6",Colby McKercher,Colby McKercher,olbycercher
4c28b247-befe-4a1a-bc64-0e083fb31487,d991371b-e2f7-4c95-ad7c-52ea89b07d7b,Jaime Uhr-Henry,MID,"https://s.afl.com.au/staticfile/AFL%20Tenant/AFL/Players/ChampIDImages/AFL/2026014/1039499.png?im=Scale,width=0.6,height=0.6",2026-02-26 00:25:45.873242+00,43,,,0,1039499,hawthorn-hawks,Hawthorn Hawks,"https://s.afl.com.au/staticfile/AFL%20Tenant/AFL/Players/ChampIDImages/AFL/2026014/1039499.png?im=Scale,width=0.6,height=0.6",Jaime Uhr-Henry,Jaime Uhr-Henry,aimehrenry
4c9cce2a-1855-429b-a48b-9d4d541d9907,38694aa4-7f1c-4a5f-b306-d094532ae24a,Lachlan Blakiston,MID,"https://s.afl.com.au/staticfile/AFL%20Tenant/AFL/Players/ChampIDImages/AFL/2026014/1028196.png?im=Scale,width=0.6,height=0.6",2026-02-26 00:25:46.196086+00,46,,,0,1028196,essendon-bombers,Essendon Bombers,"https://s.afl.com.au/staticfile/AFL%20Tenant/AFL/Players/ChampIDImages/AFL/2026014/1028196.png?im=Scale,width=0.6,height=0.6",Lachlan Blakiston,Lachlan Blakiston,achlanlakiston
4caa7b95-b00a-4e48-a4b6-4641404b3053,70c32ca0-2bec-4db6-9b70-b8c8327f51c1,Ivan Soldo,MID,"https://s.afl.com.au/staticfile/AFL%20Tenant/AFL/Players/ChampIDImages/AFL/2026014/998529.png?im=Scale,width=0.6,height=0.6",2026-02-26 00:25:45.873242+00,13,,,0,998529,port-adelaide-power,Port Adelaide Power,"https://s.afl.com.au/staticfile/AFL%20Tenant/AFL/Players/ChampIDImages/AFL/2026014/998529.png?im=Scale,width=0.6,height=0.6",Ivan Soldo,Ivan Soldo,vanoldo
4cd1d48e-0cdd-48a5-ace5-77a971de3296,38694aa4-7f1c-4a5f-b306-d094532ae24a,Saad El-Hawli,MID,"https://s.afl.com.au/staticfile/AFL%20Tenant/AFL/Players/ChampIDImages/AFL/2026014/1015919.png?im=Scale,width=0.6,height=0.6",2026-02-26 00:25:45.873242+00,41,,,0,1015919,essendon-bombers,Essendon Bombers,"https://s.afl.com.au/staticfile/AFL%20Tenant/AFL/Players/ChampIDImages/AFL/2026014/1015919.png?im=Scale,width=0.6,height=0.6",Saad El-Hawli,Saad El-Hawli,aadlawli
4dc1c84f-3828-4d7b-b7bd-1032707bee0e,0a73bf79-7321-4fd5-8b67-90fffabdcf01,Karl Worner,FWD,"https://s.afl.com.au/staticfile/AFL%20Tenant/AFL/Players/ChampIDImages/AFL/2026014/1021015.png?im=Scale,width=0.6,height=0.6",2026-02-26 00:25:46.196086+00,23,,,0,1021015,fremantle-dockers,Fremantle Dockers,"https://s.afl.com.au/staticfile/AFL%20Tenant/AFL/Players/ChampIDImages/AFL/2026014/1021015.png?im=Scale,width=0.6,height=0.6",Karl Worner,Karl Worner,arlorner
4ea8b193-d2cf-4156-89e7-577d62b34c7b,85de4282-cc6a-4db6-b4f6-8520b69c38de,Cooper Harvey,MID,"https://s.afl.com.au/staticfile/AFL%20Tenant/AFL/Players/ChampIDImages/AFL/2026014/1020979.png?im=Scale,width=0.6,height=0.6",2026-02-26 00:25:46.196086+00,37,,,0,1020979,north-melbourne-kangaroos,North Melbourne Kangaroos,"https://s.afl.com.au/staticfile/AFL%20Tenant/AFL/Players/ChampIDImages/AFL/2026014/1020979.png?im=Scale,width=0.6,height=0.6",Cooper Harvey,Cooper Harvey,ooperarvey
4eb7a447-c4c3-48cc-8998-b38215bb2e04,0ceb3e8b-4504-4ddd-b7c6-e2bf4215eada,Aaron Naughton,MID,"https://s.afl.com.au/staticfile/AFL%20Tenant/AFL/Players/ChampIDImages/AFL/2026014/1002404.png?im=Scale,width=0.6,height=0.6",2026-02-26 00:25:45.873242+00,33,,,0,1002404,western-bulldogs,Western Bulldogs,"https://s.afl.com.au/staticfile/AFL%20Tenant/AFL/Players/ChampIDImages/AFL/2026014/1002404.png?im=Scale,width=0.6,height=0.6",Aaron Naughton,Aaron Naughton,aronaughton
4f3ee75e-b389-4335-b1d1-f908964b96d6,7fddbede-9cbf-4436-9845-1db1739b2476,Tyrell Dewar,MID,"https://s.afl.com.au/staticfile/AFL%20Tenant/AFL/Players/ChampIDImages/AFL/2026014/1023142.png?im=Scale,width=0.6,height=0.6",2026-02-26 00:25:46.196086+00,43,,,0,1023142,west-coast-eagles,West Coast Eagles,"https://s.afl.com.au/staticfile/AFL%20Tenant/AFL/Players/ChampIDImages/AFL/2026014/1023142.png?im=Scale,width=0.6,height=0.6",Tyrell Dewar,Tyrell Dewar,yrellewar
4f5bfce9-437d-49ce-a6df-fab0164184f8,6e06405b-7cff-4d56-b852-48cc980c21bb,Tom Lynch,MID,"https://s.afl.com.au/staticfile/AFL%20Tenant/AFL/Players/ChampIDImages/AFL/2026014/293813.png?im=Scale,width=0.6,height=0.6",2026-02-26 00:25:45.873242+00,19,,,0,293813,richmond-tigers,Richmond Tigers,"https://s.afl.com.au/staticfile/AFL%20Tenant/AFL/Players/ChampIDImages/AFL/2026014/293813.png?im=Scale,width=0.6,height=0.6",Tom Lynch,Tom Lynch,omynch
50a1b409-e75f-4c60-907a-65a0d42c6739,6689e156-49a9-4066-a22e-259375fa9b04,James Worpel,FWD,"https://s.afl.com.au/staticfile/AFL%20Tenant/AFL/Players/ChampIDImages/AFL/2026014/1002222.png?im=Scale,width=0.6,height=0.6",2026-02-26 00:25:45.873242+00,29,,,0,1002222,geelong-cats,Geelong Cats,"https://s.afl.com.au/staticfile/AFL%20Tenant/AFL/Players/ChampIDImages/AFL/2026014/1002222.png?im=Scale,width=0.6,height=0.6",James Worpel,James Worpel,amesorpel
50b3607b-3871-4ffc-9ce3-de9d3dea8190,501a05f7-174e-4a86-8cea-db048be8b646,Jack Payne,MID,"https://s.afl.com.au/staticfile/AFL%20Tenant/AFL/Players/ChampIDImages/AFL/2026014/1002347.png?im=Scale,width=0.6,height=0.6",2026-02-26 00:25:46.196086+00,40,,,0,1002347,brisbane-lions,Brisbane Lions,"https://s.afl.com.au/staticfile/AFL%20Tenant/AFL/Players/ChampIDImages/AFL/2026014/1002347.png?im=Scale,width=0.6,height=0.6",Jack Payne,Jack Payne,ackayne
50d406f3-9e2b-4080-9d0d-a3652faf2567,f70ca36c-612b-439f-850f-4a31fd2df499,Billy Wilson,MID,"https://s.afl.com.au/staticfile/AFL%20Tenant/AFL/Players/ChampIDImages/AFL/2026014/1027678.png?im=Scale,width=0.6,height=0.6",2026-02-26 00:25:46.196086+00,15,,,0,1027678,carlton-blues,Carlton Blues,"https://s.afl.com.au/staticfile/AFL%20Tenant/AFL/Players/ChampIDImages/AFL/2026014/1027678.png?im=Scale,width=0.6,height=0.6",Billy Wilson,Billy Wilson,illyilson
51458b40-14b6-4e8b-9719-dc2b378642ea,38694aa4-7f1c-4a5f-b306-d094532ae24a,Isaac Kako,MID,"https://s.afl.com.au/staticfile/AFL%20Tenant/AFL/Players/ChampIDImages/AFL/2026014/1028554.png?im=Scale,width=0.6,height=0.6",2026-02-26 00:25:45.873242+00,10,,,0,1028554,essendon-bombers,Essendon Bombers,"https://s.afl.com.au/staticfile/AFL%20Tenant/AFL/Players/ChampIDImages/AFL/2026014/1028554.png?im=Scale,width=0.6,height=0.6",Isaac Kako,Isaac Kako,saacako
51c090af-d38d-4dff-83a5-ebcd2b5ebda5,5a697f25-65ef-4a40-9446-c813bbd624dc,Taylor Adams,DEF,"https://s.afl.com.au/staticfile/AFL%20Tenant/AFL/Players/ChampIDImages/AFL/2026014/291776.png?im=Scale,width=0.6,height=0.6",2026-02-26 00:25:45.873242+00,3,,,0,291776,sydney-swans,Sydney Swans,"https://s.afl.com.au/staticfile/AFL%20Tenant/AFL/Players/ChampIDImages/AFL/2026014/291776.png?im=Scale,width=0.6,height=0.6",Taylor Adams,Taylor Adams,aylordams
5218c2ec-e916-4105-963a-e24aa3be0acc,6e06405b-7cff-4d56-b852-48cc980c21bb,Noah Balta,FWD,"https://s.afl.com.au/staticfile/AFL%20Tenant/AFL/Players/ChampIDImages/AFL/2026014/1002245.png?im=Scale,width=0.6,height=0.6",2026-02-26 00:25:45.873242+00,21,,,0,1002245,richmond-tigers,Richmond Tigers,"https://s.afl.com.au/staticfile/AFL%20Tenant/AFL/Players/ChampIDImages/AFL/2026014/1002245.png?im=Scale,width=0.6,height=0.6",Noah Balta,Noah Balta,oahalta
52a8eae5-5260-4d3d-9daf-90ab733c1794,501a05f7-174e-4a86-8cea-db048be8b646,Dayne Zorko,MID,"https://s.afl.com.au/staticfile/AFL%20Tenant/AFL/Players/ChampIDImages/AFL/2026014/261224.png?im=Scale,width=0.6,height=0.6",2026-02-26 00:25:45.873242+00,15,,,0,261224,brisbane-lions,Brisbane Lions,"https://s.afl.com.au/staticfile/AFL%20Tenant/AFL/Players/ChampIDImages/AFL/2026014/261224.png?im=Scale,width=0.6,height=0.6",Dayne Zorko,Dayne Zorko,ayneorko
52e8ec20-73b6-4b02-8d7b-800ca31a8f3a,d991371b-e2f7-4c95-ad7c-52ea89b07d7b,Noah Mraz,FWD,"https://s.afl.com.au/staticfile/AFL%20Tenant/AFL/Players/ChampIDImages/AFL/2026014/1028643.png?im=Scale,width=0.6,height=0.6",2026-02-26 00:25:46.196086+00,21,,,0,1028643,hawthorn-hawks,Hawthorn Hawks,"https://s.afl.com.au/staticfile/AFL%20Tenant/AFL/Players/ChampIDImages/AFL/2026014/1028643.png?im=Scale,width=0.6,height=0.6",Noah Mraz,Noah Mraz,oahraz
52f500f5-9d06-4364-a0a5-c0eadc5c61aa,70c32ca0-2bec-4db6-9b70-b8c8327f51c1,Jason Horne-Francis,MID,"https://s.afl.com.au/staticfile/AFL%20Tenant/AFL/Players/ChampIDImages/AFL/2026014/1011640.png?im=Scale,width=0.6,height=0.6",2026-02-26 00:25:45.873242+00,18,,,0,1011640,port-adelaide-power,Port Adelaide Power,"https://s.afl.com.au/staticfile/AFL%20Tenant/AFL/Players/ChampIDImages/AFL/2026014/1011640.png?im=Scale,width=0.6,height=0.6",Jason Horne-Francis,Jason Horne-Francis,asonornerancis
53160aad-4a04-42b3-a27d-7644763b06b0,4a0822e2-ed7a-4fc4-8e70-bd1d1b92d3f8,Oscar Steene,FWD,"https://s.afl.com.au/staticfile/AFL%20Tenant/AFL/Players/ChampIDImages/AFL/2026014/1022844.png?im=Scale,width=0.6,height=0.6",2026-02-26 00:25:45.873242+00,21,,,0,1022844,collingwood-magpies,Collingwood Magpies,"https://s.afl.com.au/staticfile/AFL%20Tenant/AFL/Players/ChampIDImages/AFL/2026014/1022844.png?im=Scale,width=0.6,height=0.6",Oscar Steene,Oscar Steene,scarteene
53a82dfe-1275-416c-9342-a5f96eab125c,85de4282-cc6a-4db6-b4f6-8520b69c38de,Jy Simpkin,MID,"https://s.afl.com.au/staticfile/AFL%20Tenant/AFL/Players/ChampIDImages/AFL/2026014/993998.png?im=Scale,width=0.6,height=0.6",2026-02-26 00:25:45.873242+00,12,,,0,993998,north-melbourne-kangaroos,North Melbourne Kangaroos,"https://s.afl.com.au/staticfile/AFL%20Tenant/AFL/Players/ChampIDImages/AFL/2026014/993998.png?im=Scale,width=0.6,height=0.6",Jy Simpkin,Jy Simpkin,yimpkin
53d16adb-d2b3-4f57-8cde-ebe93ced112d,8953891c-6af3-4f31-8386-7340f0c27f9c,Zak Evans,MID,"https://s.afl.com.au/staticfile/AFL%20Tenant/AFL/Players/ChampIDImages/AFL/2026014/1038801.png?im=Scale,width=0.6,height=0.6",2026-02-26 00:25:46.196086+00,36,,,0,1038801,gold-coast-suns,Gold Coast Suns,"https://s.afl.com.au/staticfile/AFL%20Tenant/AFL/Players/ChampIDImages/AFL/2026014/1038801.png?im=Scale,width=0.6,height=0.6",Zak Evans,Zak Evans,akvans
543f48b5-2e83-4d98-bfbb-60012baecc72,d991371b-e2f7-4c95-ad7c-52ea89b07d7b,Massimo D'Ambrosio,MID,"https://s.afl.com.au/staticfile/AFL%20Tenant/AFL/Players/ChampIDImages/AFL/2026014/1005144.png?im=Scale,width=0.6,height=0.6",2026-02-26 00:25:45.873242+00,16,,,0,1005144,hawthorn-hawks,Hawthorn Hawks,"https://s.afl.com.au/staticfile/AFL%20Tenant/AFL/Players/ChampIDImages/AFL/2026014/1005144.png?im=Scale,width=0.6,height=0.6",Massimo D'Ambrosio,Massimo D'Ambrosio,assimombrosio
547ea2d7-b297-4b30-a249-b9b954377ffe,0a73bf79-7321-4fd5-8b67-90fffabdcf01,Alex Pearce,FWD,"https://s.afl.com.au/staticfile/AFL%20Tenant/AFL/Players/ChampIDImages/AFL/2026014/298409.png?im=Scale,width=0.6,height=0.6",2026-02-26 00:25:46.196086+00,25,,,0,298409,fremantle-dockers,Fremantle Dockers,"https://s.afl.com.au/staticfile/AFL%20Tenant/AFL/Players/ChampIDImages/AFL/2026014/298409.png?im=Scale,width=0.6,height=0.6",Alex Pearce,Alex Pearce,lexearce
55e973ce-dc08-457e-a92a-e59d408ae41b,,Nat Fyfe,,"https://s.afl.com.au/staticfile/AFL%20Tenant/AFL/Players/ChampIDImages/AFL/2026014/291570.png?im=Scale,width=0.6,height=0.6",2026-02-26 00:25:45.873242+00,,,,0,291570,,,"https://s.afl.com.au/staticfile/AFL%20Tenant/AFL/Players/ChampIDImages/AFL/2026014/291570.png?im=Scale,width=0.6,height=0.6",Nat Fyfe,Nat Fyfe,atyfe
564305e0-8a4a-4e17-a302-a695e9cbb273,,Dylan Shiel,,"https://s.afl.com.au/staticfile/AFL%20Tenant/AFL/Players/ChampIDImages/AFL/2026014/291783.png?im=Scale,width=0.6,height=0.6",2026-02-26 00:25:45.873242+00,,,,0,291783,,,"https://s.afl.com.au/staticfile/AFL%20Tenant/AFL/Players/ChampIDImages/AFL/2026014/291783.png?im=Scale,width=0.6,height=0.6",Dylan Shiel,Dylan Shiel,ylanhiel
56812f47-991b-4533-809c-2d2e0de7ed64,f70ca36c-612b-439f-850f-4a31fd2df499,Campbell Chesser,RUCK,"https://s.afl.com.au/staticfile/AFL%20Tenant/AFL/Players/ChampIDImages/AFL/2026014/1017057.png?im=Scale,width=0.6,height=0.6",2026-02-26 00:25:46.196086+00,31,,,0,1017057,carlton-blues,Carlton Blues,"https://s.afl.com.au/staticfile/AFL%20Tenant/AFL/Players/ChampIDImages/AFL/2026014/1017057.png?im=Scale,width=0.6,height=0.6",Campbell Chesser,Campbell Chesser,ampbellhesser
56c84f2e-2e97-4f09-87ff-4c8910202679,0d8207f2-c6ac-43c7-b3b1-154eb1648fe5,Toby McMullin,RUCK,"https://s.afl.com.au/staticfile/AFL%20Tenant/AFL/Players/ChampIDImages/AFL/2026014/1027971.png?im=Scale,width=0.6,height=0.6",2026-02-26 00:25:46.196086+00,31,,,0,1027971,gws-giants,GWS Giants,"https://s.afl.com.au/staticfile/AFL%20Tenant/AFL/Players/ChampIDImages/AFL/2026014/1027971.png?im=Scale,width=0.6,height=0.6",Toby McMullin,Toby McMullin,obycullin
5772a988-698a-42cc-a311-09cb51141116,f70ca36c-612b-439f-850f-4a31fd2df499,Blake Acres,MID,"https://s.afl.com.au/staticfile/AFL%20Tenant/AFL/Players/ChampIDImages/AFL/2026014/296294.png?im=Scale,width=0.6,height=0.6",2026-02-26 00:25:45.873242+00,13,,,0,296294,carlton-blues,Carlton Blues,"https://s.afl.com.au/staticfile/AFL%20Tenant/AFL/Players/ChampIDImages/AFL/2026014/296294.png?im=Scale,width=0.6,height=0.6",Blake Acres,Blake Acres,lakecres
578496c4-a301-4432-94ba-1a1cffdecc6e,,Sam Docherty,,"https://s.afl.com.au/staticfile/AFL%20Tenant/AFL/Players/ChampIDImages/AFL/2026014/295518.png?im=Scale,width=0.6,height=0.6",2026-02-26 00:25:45.873242+00,,,,0,295518,,,"https://s.afl.com.au/staticfile/AFL%20Tenant/AFL/Players/ChampIDImages/AFL/2026014/295518.png?im=Scale,width=0.6,height=0.6",Sam Docherty,Sam Docherty,amocherty
57ba3496-8fdb-4d0d-9cc0-ffdbce8e8147,70c32ca0-2bec-4db6-9b70-b8c8327f51c1,Aliir Aliir,FWD,"https://s.afl.com.au/staticfile/AFL%20Tenant/AFL/Players/ChampIDImages/AFL/2026014/294469.png?im=Scale,width=0.6,height=0.6",2026-02-26 00:25:45.873242+00,21,,,0,294469,port-adelaide-power,Port Adelaide Power,"https://s.afl.com.au/staticfile/AFL%20Tenant/AFL/Players/ChampIDImages/AFL/2026014/294469.png?im=Scale,width=0.6,height=0.6",Aliir Aliir,Aliir Aliir,liirliir
5817e104-1955-4231-99f8-dd68588ccf34,85de4282-cc6a-4db6-b4f6-8520b69c38de,Nick Larkey,FWD,"https://s.afl.com.au/staticfile/AFL%20Tenant/AFL/Players/ChampIDImages/AFL/2026014/1001017.png?im=Scale,width=0.6,height=0.6",2026-02-26 00:25:45.873242+00,20,,,0,1001017,north-melbourne-kangaroos,North Melbourne Kangaroos,"https://s.afl.com.au/staticfile/AFL%20Tenant/AFL/Players/ChampIDImages/AFL/2026014/1001017.png?im=Scale,width=0.6,height=0.6",Nick Larkey,Nick Larkey,ickarkey
590a3670-ddc7-4bbd-a692-cbef213029d9,5a697f25-65ef-4a40-9446-c813bbd624dc,Callum Mills,MID,"https://s.afl.com.au/staticfile/AFL%20Tenant/AFL/Players/ChampIDImages/AFL/2026014/993905.png?im=Scale,width=0.6,height=0.6",2026-02-26 00:25:45.873242+00,14,,,0,993905,sydney-swans,Sydney Swans,"https://s.afl.com.au/staticfile/AFL%20Tenant/AFL/Players/ChampIDImages/AFL/2026014/993905.png?im=Scale,width=0.6,height=0.6",Callum Mills,Callum Mills,allumills
59346a02-959b-405b-b2b4-29dfec012b7b,0d8207f2-c6ac-43c7-b3b1-154eb1648fe5,Toby Greene,DEF,"https://s.afl.com.au/staticfile/AFL%20Tenant/AFL/Players/ChampIDImages/AFL/2026014/295344.png?im=Scale,width=0.6,height=0.6",2026-02-26 00:25:45.873242+00,4,,,0,295344,gws-giants,GWS Giants,"https://s.afl.com.au/staticfile/AFL%20Tenant/AFL/Players/ChampIDImages/AFL/2026014/295344.png?im=Scale,width=0.6,height=0.6",Toby Greene,Toby Greene,obyreene
596d0cd3-1d55-481a-bca3-8142e6fd636a,,Liam Jones,,"https://s.afl.com.au/staticfile/AFL%20Tenant/AFL/Players/ChampIDImages/AFL/2026014/281078.png?im=Scale,width=0.6,height=0.6",2026-02-26 00:25:46.196086+00,,,,0,281078,,,"https://s.afl.com.au/staticfile/AFL%20Tenant/AFL/Players/ChampIDImages/AFL/2026014/281078.png?im=Scale,width=0.6,height=0.6",Liam Jones,Liam Jones,iamones
59b2fca1-3142-4a74-b104-fe579ea3df0a,,Jack Billings,,"https://s.afl.com.au/staticfile/AFL%20Tenant/AFL/Players/ChampIDImages/AFL/2026014/296351.png?im=Scale,width=0.6,height=0.6",2026-02-26 00:25:45.873242+00,,,,0,296351,,,"https://s.afl.com.au/staticfile/AFL%20Tenant/AFL/Players/ChampIDImages/AFL/2026014/296351.png?im=Scale,width=0.6,height=0.6",Jack Billings,Jack Billings,ackillings
5a3c7be9-331d-4316-a0ca-7d6fdaeb589d,4a0822e2-ed7a-4fc4-8e70-bd1d1b92d3f8,Josh Daicos,DEF,"https://s.afl.com.au/staticfile/AFL%20Tenant/AFL/Players/ChampIDImages/AFL/2026014/1005054.png?im=Scale,width=0.6,height=0.6",2026-02-26 00:25:45.873242+00,7,,,0,1005054,collingwood-magpies,Collingwood Magpies,"https://s.afl.com.au/staticfile/AFL%20Tenant/AFL/Players/ChampIDImages/AFL/2026014/1005054.png?im=Scale,width=0.6,height=0.6",Josh Daicos,Josh Daicos,oshaicos
5a3da537-f71f-4bfd-9496-16d4c5a90302,0d8207f2-c6ac-43c7-b3b1-154eb1648fe5,Joe Fonti,MID,"https://s.afl.com.au/staticfile/AFL%20Tenant/AFL/Players/ChampIDImages/AFL/2026014/1032629.png?im=Scale,width=0.6,height=0.6",2026-02-26 00:25:46.196086+00,37,,,0,1032629,gws-giants,GWS Giants,"https://s.afl.com.au/staticfile/AFL%20Tenant/AFL/Players/ChampIDImages/AFL/2026014/1032629.png?im=Scale,width=0.6,height=0.6",Joe Fonti,Joe Fonti,oeonti
5b76f2c2-beda-47c9-bdbf-9d08de9ba1fe,0ceb3e8b-4504-4ddd-b7c6-e2bf4215eada,Ed Richards,FWD,"https://s.afl.com.au/staticfile/AFL%20Tenant/AFL/Players/ChampIDImages/AFL/2026014/1008280.png?im=Scale,width=0.6,height=0.6",2026-02-26 00:25:45.873242+00,20,,,0,1008280,western-bulldogs,Western Bulldogs,"https://s.afl.com.au/staticfile/AFL%20Tenant/AFL/Players/ChampIDImages/AFL/2026014/1008280.png?im=Scale,width=0.6,height=0.6",Ed Richards,Ed Richards,dichards
5b9e6182-778f-4ab7-9ae0-79ceb8830b17,5a697f25-65ef-4a40-9446-c813bbd624dc,Harry Cunningham,DEF,"https://s.afl.com.au/staticfile/AFL%20Tenant/AFL/Players/ChampIDImages/AFL/2026014/291978.png?im=Scale,width=0.6,height=0.6",2026-02-26 00:25:45.873242+00,7,,,0,291978,sydney-swans,Sydney Swans,"https://s.afl.com.au/staticfile/AFL%20Tenant/AFL/Players/ChampIDImages/AFL/2026014/291978.png?im=Scale,width=0.6,height=0.6",Harry Cunningham,Harry Cunningham,arryunningham
5be4a56d-e907-4145-82f8-293ae9b2a26e,5a697f25-65ef-4a40-9446-c813bbd624dc,Isaac Heeney,DEF,"https://s.afl.com.au/staticfile/AFL%20Tenant/AFL/Players/ChampIDImages/AFL/2026014/298539.png?im=Scale,width=0.6,height=0.6",2026-02-26 00:25:45.873242+00,5,,,0,298539,sydney-swans,Sydney Swans,"https://s.afl.com.au/staticfile/AFL%20Tenant/AFL/Players/ChampIDImages/AFL/2026014/298539.png?im=Scale,width=0.6,height=0.6",Isaac Heeney,Isaac Heeney,saaceeney
5be70cbb-aec2-400e-9537-c328e5b88c26,6d7d39fb-1136-4cc8-a68c-bb6a284f2245,Lachlan Sholl,MID,"https://s.afl.com.au/staticfile/AFL%20Tenant/AFL/Players/ChampIDImages/AFL/2026014/1006136.png?im=Scale,width=0.6,height=0.6",2026-02-26 00:25:45.873242+00,38,,,0,1006136,adelaide-crows,Adelaide Crows,"https://s.afl.com.au/staticfile/AFL%20Tenant/AFL/Players/ChampIDImages/AFL/2026014/1006136.png?im=Scale,width=0.6,height=0.6",Lachlan Sholl,Lachlan Sholl,achlanholl
5c10d582-9fd5-4a8d-89cd-759c4fba07fa,,Lachie Jaques,,"https://s.afl.com.au/staticfile/AFL%20Tenant/AFL/Players/ChampIDImages/AFL/2026014/1028493.png?im=Scale,width=0.6,height=0.6",2026-02-26 00:25:46.196086+00,,,,0,1028493,,,"https://s.afl.com.au/staticfile/AFL%20Tenant/AFL/Players/ChampIDImages/AFL/2026014/1028493.png?im=Scale,width=0.6,height=0.6",Lachie Jaques,Lachie Jaques,achieaques
5c2e789d-e285-43e6-8287-ebf8372128a7,7fddbede-9cbf-4436-9845-1db1739b2476,Matthew Owies,MID,"https://s.afl.com.au/staticfile/AFL%20Tenant/AFL/Players/ChampIDImages/AFL/2026014/1013973.png?im=Scale,width=0.6,height=0.6",2026-02-26 00:25:46.196086+00,16,,,0,1013973,west-coast-eagles,West Coast Eagles,"https://s.afl.com.au/staticfile/AFL%20Tenant/AFL/Players/ChampIDImages/AFL/2026014/1013973.png?im=Scale,width=0.6,height=0.6",Matthew Owies,Matthew Owies,atthewwies
5c59e93e-e303-4ffe-ad54-8969cdbd8045,,Michael Walters,,"https://s.afl.com.au/staticfile/AFL%20Tenant/AFL/Players/ChampIDImages/AFL/2026014/281007.png?im=Scale,width=0.6,height=0.6",2026-02-26 00:25:45.873242+00,,,,0,281007,,,"https://s.afl.com.au/staticfile/AFL%20Tenant/AFL/Players/ChampIDImages/AFL/2026014/281007.png?im=Scale,width=0.6,height=0.6",Michael Walters,Michael Walters,ichaelalters
5dc2e6b2-5d5a-4792-a5c4-2dce52c00c39,914ab50f-d78d-4a28-aaef-6e4db1410600,Alex Dodson,FWD,"https://s.afl.com.au/staticfile/AFL%20Tenant/AFL/Players/ChampIDImages/AFL/2026014/1027011.png?im=Scale,width=0.6,height=0.6",2026-02-26 00:25:45.873242+00,30,,,0,1027011,st-kilda-saints,St Kilda Saints,"https://s.afl.com.au/staticfile/AFL%20Tenant/AFL/Players/ChampIDImages/AFL/2026014/1027011.png?im=Scale,width=0.6,height=0.6",Alex Dodson,Alex Dodson,lexodson
5de52a47-2c42-4318-bc27-8c4408890c3f,6e06405b-7cff-4d56-b852-48cc980c21bb,Dion Prestia,DEF,"https://s.afl.com.au/staticfile/AFL%20Tenant/AFL/Players/ChampIDImages/AFL/2026014/290627.png?im=Scale,width=0.6,height=0.6",2026-02-26 00:25:45.873242+00,3,,,0,290627,richmond-tigers,Richmond Tigers,"https://s.afl.com.au/staticfile/AFL%20Tenant/AFL/Players/ChampIDImages/AFL/2026014/290627.png?im=Scale,width=0.6,height=0.6",Dion Prestia,Dion Prestia,ionrestia
5e823bdc-2625-43d4-8ef2-b10c6f1d3e54,6d7d39fb-1136-4cc8-a68c-bb6a284f2245,Taylor Walker,MID,"https://s.afl.com.au/staticfile/AFL%20Tenant/AFL/Players/ChampIDImages/AFL/2026014/280506.png?im=Scale,width=0.6,height=0.6",2026-02-26 00:25:45.873242+00,13,,,0,280506,adelaide-crows,Adelaide Crows,"https://s.afl.com.au/staticfile/AFL%20Tenant/AFL/Players/ChampIDImages/AFL/2026014/280506.png?im=Scale,width=0.6,height=0.6",Taylor Walker,Taylor Walker,ayloralker
5e90cb2e-33a0-4b16-b338-2e6714ad08b0,914ab50f-d78d-4a28-aaef-6e4db1410600,Jack Silvagni,DEF,"https://s.afl.com.au/staticfile/AFL%20Tenant/AFL/Players/ChampIDImages/AFL/2026014/1001028.png?im=Scale,width=0.6,height=0.6",2026-02-26 00:25:45.873242+00,3,,,0,1001028,st-kilda-saints,St Kilda Saints,"https://s.afl.com.au/staticfile/AFL%20Tenant/AFL/Players/ChampIDImages/AFL/2026014/1001028.png?im=Scale,width=0.6,height=0.6",Jack Silvagni,Jack Silvagni,ackilvagni
5e994994-5ecb-4c1b-a3e5-dc557be0276a,6d7d39fb-1136-4cc8-a68c-bb6a284f2245,Sam Berry,DEF,"https://s.afl.com.au/staticfile/AFL%20Tenant/AFL/Players/ChampIDImages/AFL/2026014/1012807.png?im=Scale,width=0.6,height=0.6",2026-02-26 00:25:45.873242+00,3,,,0,1012807,adelaide-crows,Adelaide Crows,"https://s.afl.com.au/staticfile/AFL%20Tenant/AFL/Players/ChampIDImages/AFL/2026014/1012807.png?im=Scale,width=0.6,height=0.6",Sam Berry,Sam Berry,amerry
5efad662-216e-4579-96c1-6fdd530ace3f,914ab50f-d78d-4a28-aaef-6e4db1410600,Tobie Travaglia,DEF,"https://s.afl.com.au/staticfile/AFL%20Tenant/AFL/Players/ChampIDImages/AFL/2026014/1028538.png?im=Scale,width=0.6,height=0.6",2026-02-26 00:25:46.196086+00,5,,,0,1028538,st-kilda-saints,St Kilda Saints,"https://s.afl.com.au/staticfile/AFL%20Tenant/AFL/Players/ChampIDImages/AFL/2026014/1028538.png?im=Scale,width=0.6,height=0.6",Tobie Travaglia,Tobie Travaglia,obieravaglia
5f299e08-1cdd-47aa-94e9-e071a424996e,6689e156-49a9-4066-a22e-259375fa9b04,Mark Blicavs,MID,"https://s.afl.com.au/staticfile/AFL%20Tenant/AFL/Players/ChampIDImages/AFL/2026014/296733.png?im=Scale,width=0.6,height=0.6",2026-02-26 00:25:45.873242+00,46,,,0,296733,geelong-cats,Geelong Cats,"https://s.afl.com.au/staticfile/AFL%20Tenant/AFL/Players/ChampIDImages/AFL/2026014/296733.png?im=Scale,width=0.6,height=0.6",Mark Blicavs,Mark Blicavs,arklicavs
5f5d40ea-3e2e-40db-8ffd-67fbad498c1e,70c32ca0-2bec-4db6-9b70-b8c8327f51c1,Willem Drew,FWD,"https://s.afl.com.au/staticfile/AFL%20Tenant/AFL/Players/ChampIDImages/AFL/2026014/1000972.png?im=Scale,width=0.6,height=0.6",2026-02-26 00:25:45.873242+00,28,,,0,1000972,port-adelaide-power,Port Adelaide Power,"https://s.afl.com.au/staticfile/AFL%20Tenant/AFL/Players/ChampIDImages/AFL/2026014/1000972.png?im=Scale,width=0.6,height=0.6",Willem Drew,Willem Drew,illemrew
5ffaee28-538f-4a51-912d-ca830685ab49,4a0822e2-ed7a-4fc4-8e70-bd1d1b92d3f8,Reef McInnes,FWD,"https://s.afl.com.au/staticfile/AFL%20Tenant/AFL/Players/ChampIDImages/AFL/2026014/1013278.png?im=Scale,width=0.6,height=0.6",2026-02-26 00:25:46.196086+00,26,,,0,1013278,collingwood-magpies,Collingwood Magpies,"https://s.afl.com.au/staticfile/AFL%20Tenant/AFL/Players/ChampIDImages/AFL/2026014/1013278.png?im=Scale,width=0.6,height=0.6",Reef McInnes,Reef McInnes,eefcnnes
602954f0-95eb-4239-92e4-ad1cf28e33e2,6689e156-49a9-4066-a22e-259375fa9b04,George Stevens,MID,"https://s.afl.com.au/staticfile/AFL%20Tenant/AFL/Players/ChampIDImages/AFL/2026014/1023681.png?im=Scale,width=0.6,height=0.6",2026-02-26 00:25:45.873242+00,15,,,0,1023681,geelong-cats,Geelong Cats,"https://s.afl.com.au/staticfile/AFL%20Tenant/AFL/Players/ChampIDImages/AFL/2026014/1023681.png?im=Scale,width=0.6,height=0.6",George Stevens,George Stevens,eorgetevens
6038840e-eee8-49c5-9f07-bf7f604a55b3,d991371b-e2f7-4c95-ad7c-52ea89b07d7b,Matt Hill,MID,"https://s.afl.com.au/staticfile/AFL%20Tenant/AFL/Players/ChampIDImages/AFL/2026014/1039500.png?im=Scale,width=0.6,height=0.6",2026-02-26 00:25:46.196086+00,41,,,0,1039500,hawthorn-hawks,Hawthorn Hawks,"https://s.afl.com.au/staticfile/AFL%20Tenant/AFL/Players/ChampIDImages/AFL/2026014/1039500.png?im=Scale,width=0.6,height=0.6",Matt Hill,Matt Hill,attill
60448b21-7f2a-484f-bb08-0a817b46b511,501a05f7-174e-4a86-8cea-db048be8b646,Lachie Neale,MID,"https://s.afl.com.au/staticfile/AFL%20Tenant/AFL/Players/ChampIDImages/AFL/2026014/293535.png?im=Scale,width=0.6,height=0.6",2026-02-26 00:25:45.873242+00,9,,,0,293535,brisbane-lions,Brisbane Lions,"https://s.afl.com.au/staticfile/AFL%20Tenant/AFL/Players/ChampIDImages/AFL/2026014/293535.png?im=Scale,width=0.6,height=0.6",Lachie Neale,Lachie Neale,achieeale
612d7b4a-8991-4060-a91b-b6aafd0da129,38694aa4-7f1c-4a5f-b306-d094532ae24a,Kayle Gerreyn,FWD,"https://s.afl.com.au/staticfile/AFL%20Tenant/AFL/Players/ChampIDImages/AFL/2026014/1029159.png?im=Scale,width=0.6,height=0.6",2026-02-26 00:25:45.873242+00,19,,,0,1029159,essendon-bombers,Essendon Bombers,"https://s.afl.com.au/staticfile/AFL%20Tenant/AFL/Players/ChampIDImages/AFL/2026014/1029159.png?im=Scale,width=0.6,height=0.6",Kayle Gerreyn,Kayle Gerreyn,ayleerreyn
61860eb5-a4a7-420e-a63b-f707e6ffaef6,0d8207f2-c6ac-43c7-b3b1-154eb1648fe5,Oliver Hannaford,MID,"https://s.afl.com.au/staticfile/AFL%20Tenant/AFL/Players/ChampIDImages/AFL/2026014/1028485.png?im=Scale,width=0.6,height=0.6",2026-02-26 00:25:45.873242+00,13,,,0,1028485,gws-giants,GWS Giants,"https://s.afl.com.au/staticfile/AFL%20Tenant/AFL/Players/ChampIDImages/AFL/2026014/1028485.png?im=Scale,width=0.6,height=0.6",Oliver Hannaford,Oliver Hannaford,liverannaford
61bc999f-de16-479a-9872-6d74b0084ada,85de4282-cc6a-4db6-b4f6-8520b69c38de,Cooper Trembath,MID,"https://s.afl.com.au/staticfile/AFL%20Tenant/AFL/Players/ChampIDImages/AFL/2026014/1031988.png?im=Scale,width=0.6,height=0.6",2026-02-26 00:25:46.196086+00,47,,,0,1031988,north-melbourne-kangaroos,North Melbourne Kangaroos,"https://s.afl.com.au/staticfile/AFL%20Tenant/AFL/Players/ChampIDImages/AFL/2026014/1031988.png?im=Scale,width=0.6,height=0.6",Cooper Trembath,Cooper Trembath,ooperrembath
625ccfcb-1199-4656-9267-6032fb27be53,6689e156-49a9-4066-a22e-259375fa9b04,Oliver Wiltshire,FWD,"https://s.afl.com.au/staticfile/AFL%20Tenant/AFL/Players/ChampIDImages/AFL/2026014/1020881.png?im=Scale,width=0.6,height=0.6",2026-02-26 00:25:46.196086+00,21,,,0,1020881,geelong-cats,Geelong Cats,"https://s.afl.com.au/staticfile/AFL%20Tenant/AFL/Players/ChampIDImages/AFL/2026014/1020881.png?im=Scale,width=0.6,height=0.6",Oliver Wiltshire,Oliver Wiltshire,liveriltshire
626ecd30-45ea-45cb-a8d7-3b259aed60c8,6e06405b-7cff-4d56-b852-48cc980c21bb,Seth Campbell,MID,"https://s.afl.com.au/staticfile/AFL%20Tenant/AFL/Players/ChampIDImages/AFL/2026014/1023275.png?im=Scale,width=0.6,height=0.6",2026-02-26 00:25:46.196086+00,44,,,0,1023275,richmond-tigers,Richmond Tigers,"https://s.afl.com.au/staticfile/AFL%20Tenant/AFL/Players/ChampIDImages/AFL/2026014/1023275.png?im=Scale,width=0.6,height=0.6",Seth Campbell,Seth Campbell,ethampbell
629bf35c-8c7b-4de2-a832-bf452d4125d4,,Robbie Fox,,"https://s.afl.com.au/staticfile/AFL%20Tenant/AFL/Players/ChampIDImages/AFL/2026014/291848.png?im=Scale,width=0.6,height=0.6",2026-02-26 00:25:46.196086+00,,,,0,291848,,,"https://s.afl.com.au/staticfile/AFL%20Tenant/AFL/Players/ChampIDImages/AFL/2026014/291848.png?im=Scale,width=0.6,height=0.6",Robbie Fox,Robbie Fox,obbieox
63854249-14b3-4391-8994-2766fe442962,8953891c-6af3-4f31-8386-7340f0c27f9c,Jed Walter,DEF,"https://s.afl.com.au/staticfile/AFL%20Tenant/AFL/Players/ChampIDImages/AFL/2026014/1023736.png?im=Scale,width=0.6,height=0.6",2026-02-26 00:25:46.196086+00,4,,,0,1023736,gold-coast-suns,Gold Coast Suns,"https://s.afl.com.au/staticfile/AFL%20Tenant/AFL/Players/ChampIDImages/AFL/2026014/1023736.png?im=Scale,width=0.6,height=0.6",Jed Walter,Jed Walter,edalter
63922218-aa85-4a1c-a657-ef5a25521ce9,8953891c-6af3-4f31-8386-7340f0c27f9c,Jamarra Ugle-Hagan,MID,"https://s.afl.com.au/staticfile/AFL%20Tenant/AFL/Players/ChampIDImages/AFL/2026014/1009301.png?im=Scale,width=0.6,height=0.6",2026-02-26 00:25:45.873242+00,9,,,0,1009301,gold-coast-suns,Gold Coast Suns,"https://s.afl.com.au/staticfile/AFL%20Tenant/AFL/Players/ChampIDImages/AFL/2026014/1009301.png?im=Scale,width=0.6,height=0.6",Jamarra Ugle-Hagan,Jamarra Ugle-Hagan,amarragleagan
639a9718-3267-4809-88aa-c1bb6c287ad7,,Orazio Fantasia,,"https://s.afl.com.au/staticfile/AFL%20Tenant/AFL/Players/ChampIDImages/AFL/2026014/296334.png?im=Scale,width=0.6,height=0.6",2026-02-26 00:25:46.196086+00,,,,0,296334,,,"https://s.afl.com.au/staticfile/AFL%20Tenant/AFL/Players/ChampIDImages/AFL/2026014/296334.png?im=Scale,width=0.6,height=0.6",Orazio Fantasia,Orazio Fantasia,razioantasia
63b845a7-e214-4ab6-9719-a18fc5d3e579,38694aa4-7f1c-4a5f-b306-d094532ae24a,Andrew McGrath,DEF,"https://s.afl.com.au/staticfile/AFL%20Tenant/AFL/Players/ChampIDImages/AFL/2026014/998102.png?im=Scale,width=0.6,height=0.6",2026-02-26 00:25:45.873242+00,1,,,0,998102,essendon-bombers,Essendon Bombers,"https://s.afl.com.au/staticfile/AFL%20Tenant/AFL/Players/ChampIDImages/AFL/2026014/998102.png?im=Scale,width=0.6,height=0.6",Andrew McGrath,Andrew McGrath,ndrewcrath
6440d248-6f23-4400-bf36-ca368aa5243f,82880eac-b132-4b23-93d7-0ec25ff0a023,Tom Sparrow,MID,"https://s.afl.com.au/staticfile/AFL%20Tenant/AFL/Players/ChampIDImages/AFL/2026014/999391.png?im=Scale,width=0.6,height=0.6",2026-02-26 00:25:45.873242+00,32,,,0,999391,melbourne-demons,Melbourne Demons,"https://s.afl.com.au/staticfile/AFL%20Tenant/AFL/Players/ChampIDImages/AFL/2026014/999391.png?im=Scale,width=0.6,height=0.6",Tom Sparrow,Tom Sparrow,omparrow
65525abf-66f5-4982-89c6-deb5861f0f3d,8953891c-6af3-4f31-8386-7340f0c27f9c,Maurice Rioli,MID,"https://s.afl.com.au/staticfile/AFL%20Tenant/AFL/Players/ChampIDImages/AFL/2026014/1009551.png?im=Scale,width=0.6,height=0.6",2026-02-26 00:25:46.196086+00,17,,,0,1009551,gold-coast-suns,Gold Coast Suns,"https://s.afl.com.au/staticfile/AFL%20Tenant/AFL/Players/ChampIDImages/AFL/2026014/1009551.png?im=Scale,width=0.6,height=0.6",Maurice Rioli,Maurice Rioli,auriceioli
65ef5e0d-393d-4b1c-98f5-ed877c6de877,,Oscar McInerney,,"https://s.afl.com.au/staticfile/AFL%20Tenant/AFL/Players/ChampIDImages/AFL/2026014/1005521.png?im=Scale,width=0.6,height=0.6",2026-02-26 00:25:45.873242+00,,,,0,1005521,,,"https://s.afl.com.au/staticfile/AFL%20Tenant/AFL/Players/ChampIDImages/AFL/2026014/1005521.png?im=Scale,width=0.6,height=0.6",Oscar McInerney,Oscar McInerney,scarcnerney
65ef7bd3-2b61-439e-a07a-fd27526794fe,6d7d39fb-1136-4cc8-a68c-bb6a284f2245,James Peatling,FWD,"https://s.afl.com.au/staticfile/AFL%20Tenant/AFL/Players/ChampIDImages/AFL/2026014/1006013.png?im=Scale,width=0.6,height=0.6",2026-02-26 00:25:45.873242+00,25,,,0,1006013,adelaide-crows,Adelaide Crows,"https://s.afl.com.au/staticfile/AFL%20Tenant/AFL/Players/ChampIDImages/AFL/2026014/1006013.png?im=Scale,width=0.6,height=0.6",James Peatling,James Peatling,ameseatling
66157a6f-abc4-4c13-a736-1dbc753ec979,0d8207f2-c6ac-43c7-b3b1-154eb1648fe5,Stephen Coniglio,DEF,"https://s.afl.com.au/staticfile/AFL%20Tenant/AFL/Players/ChampIDImages/AFL/2026014/291969.png?im=Scale,width=0.6,height=0.6",2026-02-26 00:25:45.873242+00,3,,,0,291969,gws-giants,GWS Giants,"https://s.afl.com.au/staticfile/AFL%20Tenant/AFL/Players/ChampIDImages/AFL/2026014/291969.png?im=Scale,width=0.6,height=0.6",Stephen Coniglio,Stephen Coniglio,tephenoniglio
6648bc1c-1318-45ba-8940-660ff69f1982,,Xavier Ivisic,,"https://s.afl.com.au/staticfile/AFL%20Tenant/AFL/Players/ChampIDImages/AFL/2026014/1028489.png?im=Scale,width=0.6,height=0.6",2026-02-26 00:25:45.873242+00,,,,0,1028489,,,"https://s.afl.com.au/staticfile/AFL%20Tenant/AFL/Players/ChampIDImages/AFL/2026014/1028489.png?im=Scale,width=0.6,height=0.6",Xavier Ivisic,Xavier Ivisic,aviervisic
668232ae-bb95-4fe1-a2af-6a6093fdd342,914ab50f-d78d-4a28-aaef-6e4db1410600,Mason Wood,RUCK,"https://s.afl.com.au/staticfile/AFL%20Tenant/AFL/Players/ChampIDImages/AFL/2026014/295340.png?im=Scale,width=0.6,height=0.6",2026-02-26 00:25:45.873242+00,32,,,0,295340,st-kilda-saints,St Kilda Saints,"https://s.afl.com.au/staticfile/AFL%20Tenant/AFL/Players/ChampIDImages/AFL/2026014/295340.png?im=Scale,width=0.6,height=0.6",Mason Wood,Mason Wood,asonood
6730ae9e-301b-4195-afa0-9c7b4e4b2bcb,0ceb3e8b-4504-4ddd-b7c6-e2bf4215eada,Tom Liberatore,FWD,"https://s.afl.com.au/staticfile/AFL%20Tenant/AFL/Players/ChampIDImages/AFL/2026014/290799.png?im=Scale,width=0.6,height=0.6",2026-02-26 00:25:45.873242+00,21,,,0,290799,western-bulldogs,Western Bulldogs,"https://s.afl.com.au/staticfile/AFL%20Tenant/AFL/Players/ChampIDImages/AFL/2026014/290799.png?im=Scale,width=0.6,height=0.6",Tom Liberatore,Tom Liberatore,omiberatore
674e420a-f95d-4095-97ef-5b6485f9e153,0d8207f2-c6ac-43c7-b3b1-154eb1648fe5,Jake Riccardi,FWD,"https://s.afl.com.au/staticfile/AFL%20Tenant/AFL/Players/ChampIDImages/AFL/2026014/1008123.png?im=Scale,width=0.6,height=0.6",2026-02-26 00:25:45.873242+00,26,,,0,1008123,gws-giants,GWS Giants,"https://s.afl.com.au/staticfile/AFL%20Tenant/AFL/Players/ChampIDImages/AFL/2026014/1008123.png?im=Scale,width=0.6,height=0.6",Jake Riccardi,Jake Riccardi,akeiccardi
677d533d-bb98-4d66-90d5-f8d62a8b6301,5a697f25-65ef-4a40-9446-c813bbd624dc,Braeden Campbell,MID,"https://s.afl.com.au/staticfile/AFL%20Tenant/AFL/Players/ChampIDImages/AFL/2026014/1013133.png?im=Scale,width=0.6,height=0.6",2026-02-26 00:25:45.873242+00,16,,,0,1013133,sydney-swans,Sydney Swans,"https://s.afl.com.au/staticfile/AFL%20Tenant/AFL/Players/ChampIDImages/AFL/2026014/1013133.png?im=Scale,width=0.6,height=0.6",Braeden Campbell,Braeden Campbell,raedenampbell
6781f0ca-36fb-44ab-9d3b-e65d83a3daad,,Lennox Hoffman,,"https://s.afl.com.au/staticfile/AFL%20Tenant/AFL/Players/ChampIDImages/AFL/2026014/1032114.png?im=Scale,width=0.6,height=0.6",2026-02-26 00:25:46.196086+00,,,,0,1032114,,,"https://s.afl.com.au/staticfile/AFL%20Tenant/AFL/Players/ChampIDImages/AFL/2026014/1032114.png?im=Scale,width=0.6,height=0.6",Lennox Hoffman,Lennox Hoffman,ennoxoffman
67c1cc03-5488-4eee-80b8-c5d507ed316f,8953891c-6af3-4f31-8386-7340f0c27f9c,Cooper Bell,FWD,"https://s.afl.com.au/staticfile/AFL%20Tenant/AFL/Players/ChampIDImages/AFL/2026014/1029065.png?im=Scale,width=0.6,height=0.6",2026-02-26 00:25:46.196086+00,31,,,0,1029065,gold-coast-suns,Gold Coast Suns,"https://s.afl.com.au/staticfile/AFL%20Tenant/AFL/Players/ChampIDImages/AFL/2026014/1029065.png?im=Scale,width=0.6,height=0.6",Cooper Bell,Cooper Bell,ooperell
67c65726-4ba5-456c-b5ab-6fbad024114c,,Lachlan Murphy,,"https://s.afl.com.au/staticfile/AFL%20Tenant/AFL/Players/ChampIDImages/AFL/2026014/1000998.png?im=Scale,width=0.6,height=0.6",2026-02-26 00:25:45.873242+00,,,,0,1000998,,,"https://s.afl.com.au/staticfile/AFL%20Tenant/AFL/Players/ChampIDImages/AFL/2026014/1000998.png?im=Scale,width=0.6,height=0.6",Lachlan Murphy,Lachlan Murphy,achlanurphy
67efe8ef-70e8-4279-96e6-fb1ffeedb7d1,0d8207f2-c6ac-43c7-b3b1-154eb1648fe5,Harrison Oliver,MID,"https://s.afl.com.au/staticfile/AFL%20Tenant/AFL/Players/ChampIDImages/AFL/2026014/1028562.png?im=Scale,width=0.6,height=0.6",2026-02-26 00:25:46.196086+00,19,,,0,1028562,gws-giants,GWS Giants,"https://s.afl.com.au/staticfile/AFL%20Tenant/AFL/Players/ChampIDImages/AFL/2026014/1028562.png?im=Scale,width=0.6,height=0.6",Harrison Oliver,Harrison Oliver,arrisonliver
68168148-d11a-4d34-9206-a47a2bc194eb,,Thomas Berry,,"https://s.afl.com.au/staticfile/AFL%20Tenant/AFL/Players/ChampIDImages/AFL/2026014/1006100.png?im=Scale,width=0.6,height=0.6",2026-02-26 00:25:46.196086+00,,,,0,1006100,,,"https://s.afl.com.au/staticfile/AFL%20Tenant/AFL/Players/ChampIDImages/AFL/2026014/1006100.png?im=Scale,width=0.6,height=0.6",Thomas Berry,Thomas Berry,homaserry
6825c679-3bc8-476d-8e87-d8a0dae71c71,0a73bf79-7321-4fd5-8b67-90fffabdcf01,Nathan O'Driscoll,RUCK,"https://s.afl.com.au/staticfile/AFL%20Tenant/AFL/Players/ChampIDImages/AFL/2026014/1013220.png?im=Scale,width=0.6,height=0.6",2026-02-26 00:25:45.873242+00,30,,,0,1013220,fremantle-dockers,Fremantle Dockers,"https://s.afl.com.au/staticfile/AFL%20Tenant/AFL/Players/ChampIDImages/AFL/2026014/1013220.png?im=Scale,width=0.6,height=0.6",Nathan O'Driscoll,Nathan O'Driscoll,athanriscoll
68474868-8695-4787-a2f1-b5c7a0078fdf,f70ca36c-612b-439f-850f-4a31fd2df499,Oliver Florent,MID,"https://s.afl.com.au/staticfile/AFL%20Tenant/AFL/Players/ChampIDImages/AFL/2026014/998103.png?im=Scale,width=0.6,height=0.6",2026-02-26 00:25:45.873242+00,14,,,0,998103,carlton-blues,Carlton Blues,"https://s.afl.com.au/staticfile/AFL%20Tenant/AFL/Players/ChampIDImages/AFL/2026014/998103.png?im=Scale,width=0.6,height=0.6",Oliver Florent,Oliver Florent,liverlorent
685e631c-62ef-402c-80fe-7f9bd1dc0ce2,38694aa4-7f1c-4a5f-b306-d094532ae24a,Jordan Ridley,MID,"https://s.afl.com.au/staticfile/AFL%20Tenant/AFL/Players/ChampIDImages/AFL/2026014/1001026.png?im=Scale,width=0.6,height=0.6",2026-02-26 00:25:45.873242+00,14,,,0,1001026,essendon-bombers,Essendon Bombers,"https://s.afl.com.au/staticfile/AFL%20Tenant/AFL/Players/ChampIDImages/AFL/2026014/1001026.png?im=Scale,width=0.6,height=0.6",Jordan Ridley,Jordan Ridley,ordanidley
69747463-b301-442b-8e00-3c28acc3dfbb,8953891c-6af3-4f31-8386-7340f0c27f9c,Touk Miller,MID,"https://s.afl.com.au/staticfile/AFL%20Tenant/AFL/Players/ChampIDImages/AFL/2026014/298272.png?im=Scale,width=0.6,height=0.6",2026-02-26 00:25:45.873242+00,11,,,0,298272,gold-coast-suns,Gold Coast Suns,"https://s.afl.com.au/staticfile/AFL%20Tenant/AFL/Players/ChampIDImages/AFL/2026014/298272.png?im=Scale,width=0.6,height=0.6",Touk Miller,Touk Miller,oukiller
69be53e5-b463-4ca8-8221-787f661fecca,0ceb3e8b-4504-4ddd-b7c6-e2bf4215eada,Rory Lobb,DEF,"https://s.afl.com.au/staticfile/AFL%20Tenant/AFL/Players/ChampIDImages/AFL/2026014/990740.png?im=Scale,width=0.6,height=0.6",2026-02-26 00:25:46.196086+00,7,,,0,990740,western-bulldogs,Western Bulldogs,"https://s.afl.com.au/staticfile/AFL%20Tenant/AFL/Players/ChampIDImages/AFL/2026014/990740.png?im=Scale,width=0.6,height=0.6",Rory Lobb,Rory Lobb,oryobb
6a0c47c4-8f96-4df9-b74e-caf93624c342,6e06405b-7cff-4d56-b852-48cc980c21bb,Jayden Short,MID,"https://s.afl.com.au/staticfile/AFL%20Tenant/AFL/Players/ChampIDImages/AFL/2026014/992049.png?im=Scale,width=0.6,height=0.6",2026-02-26 00:25:45.873242+00,15,,,0,992049,richmond-tigers,Richmond Tigers,"https://s.afl.com.au/staticfile/AFL%20Tenant/AFL/Players/ChampIDImages/AFL/2026014/992049.png?im=Scale,width=0.6,height=0.6",Jayden Short,Jayden Short,aydenhort
6a3023d2-b0df-4cc0-99ca-570b89e6ff7f,82880eac-b132-4b23-93d7-0ec25ff0a023,Kysaiah Pickett,MID,"https://s.afl.com.au/staticfile/AFL%20Tenant/AFL/Players/ChampIDImages/AFL/2026014/1008541.png?im=Scale,width=0.6,height=0.6",2026-02-26 00:25:45.873242+00,36,,,0,1008541,melbourne-demons,Melbourne Demons,"https://s.afl.com.au/staticfile/AFL%20Tenant/AFL/Players/ChampIDImages/AFL/2026014/1008541.png?im=Scale,width=0.6,height=0.6",Kysaiah Pickett,Kysaiah Pickett,ysaiahickett
6a59c870-70e3-41cd-a78e-9c9f598e6bfa,6689e156-49a9-4066-a22e-259375fa9b04,Keighton Matofai-Forbes,RUCK,"https://s.afl.com.au/staticfile/AFL%20Tenant/AFL/Players/ChampIDImages/AFL/2026014/1032141.png?im=Scale,width=0.6,height=0.6",2026-02-26 00:25:46.196086+00,31,,,0,1032141,geelong-cats,Geelong Cats,"https://s.afl.com.au/staticfile/AFL%20Tenant/AFL/Players/ChampIDImages/AFL/2026014/1032141.png?im=Scale,width=0.6,height=0.6",Keighton Matofai-Forbes,Keighton Matofai-Forbes,eightonatofaiorbes
6a724e7b-edc9-4cf9-8e93-70e7ca72b437,6689e156-49a9-4066-a22e-259375fa9b04,Jed Bews,FWD,"https://s.afl.com.au/staticfile/AFL%20Tenant/AFL/Players/ChampIDImages/AFL/2026014/293883.png?im=Scale,width=0.6,height=0.6",2026-02-26 00:25:46.196086+00,24,,,0,293883,geelong-cats,Geelong Cats,"https://s.afl.com.au/staticfile/AFL%20Tenant/AFL/Players/ChampIDImages/AFL/2026014/293883.png?im=Scale,width=0.6,height=0.6",Jed Bews,Jed Bews,edews
6b159ced-ead5-4c72-8efd-404da9940cff,8953891c-6af3-4f31-8386-7340f0c27f9c,Sam Collins,FWD,"https://s.afl.com.au/staticfile/AFL%20Tenant/AFL/Players/ChampIDImages/AFL/2026014/295446.png?im=Scale,width=0.6,height=0.6",2026-02-26 00:25:46.196086+00,25,,,0,295446,gold-coast-suns,Gold Coast Suns,"https://s.afl.com.au/staticfile/AFL%20Tenant/AFL/Players/ChampIDImages/AFL/2026014/295446.png?im=Scale,width=0.6,height=0.6",Sam Collins,Sam Collins,amollins
6b4303ea-9a19-4a84-9234-a2a33e0ddfeb,,Taj Woewodin,,"https://s.afl.com.au/staticfile/AFL%20Tenant/AFL/Players/ChampIDImages/AFL/2026014/1018425.png?im=Scale,width=0.6,height=0.6",2026-02-26 00:25:46.196086+00,,,,0,1018425,,,"https://s.afl.com.au/staticfile/AFL%20Tenant/AFL/Players/ChampIDImages/AFL/2026014/1018425.png?im=Scale,width=0.6,height=0.6",Taj Woewodin,Taj Woewodin,ajoewodin
6c424f9c-cc7b-4c90-a42b-443c63c240f4,0d8207f2-c6ac-43c7-b3b1-154eb1648fe5,Jack Ough,FWD,"https://s.afl.com.au/staticfile/AFL%20Tenant/AFL/Players/ChampIDImages/AFL/2026014/1028539.png?im=Scale,width=0.6,height=0.6",2026-02-26 00:25:45.873242+00,28,,,0,1028539,gws-giants,GWS Giants,"https://s.afl.com.au/staticfile/AFL%20Tenant/AFL/Players/ChampIDImages/AFL/2026014/1028539.png?im=Scale,width=0.6,height=0.6",Jack Ough,Jack Ough,ackugh
6c7debf1-0734-4cad-b67d-3394385c0c71,4a0822e2-ed7a-4fc4-8e70-bd1d1b92d3f8,Harry DeMattia,MID,"https://s.afl.com.au/staticfile/AFL%20Tenant/AFL/Players/ChampIDImages/AFL/2026014/1027673.png?im=Scale,width=0.6,height=0.6",2026-02-26 00:25:46.196086+00,13,,,0,1027673,collingwood-magpies,Collingwood Magpies,"https://s.afl.com.au/staticfile/AFL%20Tenant/AFL/Players/ChampIDImages/AFL/2026014/1027673.png?im=Scale,width=0.6,height=0.6",Harry DeMattia,Harry DeMattia,arryeattia
6c903374-2160-4d93-af36-c577fc3a0bea,8953891c-6af3-4f31-8386-7340f0c27f9c,Lachlan Gulbin,MID,"https://s.afl.com.au/staticfile/AFL%20Tenant/AFL/Players/ChampIDImages/AFL/2026014/1029304.png?im=Scale,width=0.6,height=0.6",2026-02-26 00:25:46.196086+00,39,,,0,1029304,gold-coast-suns,Gold Coast Suns,"https://s.afl.com.au/staticfile/AFL%20Tenant/AFL/Players/ChampIDImages/AFL/2026014/1029304.png?im=Scale,width=0.6,height=0.6",Lachlan Gulbin,Lachlan Gulbin,achlanulbin
6cace217-151f-437b-b745-a092434d54f9,5a697f25-65ef-4a40-9446-c813bbd624dc,Brodie Grundy,DEF,"https://s.afl.com.au/staticfile/AFL%20Tenant/AFL/Players/ChampIDImages/AFL/2026014/293957.png?im=Scale,width=0.6,height=0.6",2026-02-26 00:25:45.873242+00,4,,,0,293957,sydney-swans,Sydney Swans,"https://s.afl.com.au/staticfile/AFL%20Tenant/AFL/Players/ChampIDImages/AFL/2026014/293957.png?im=Scale,width=0.6,height=0.6",Brodie Grundy,Brodie Grundy,rodierundy
6ce71c4a-b19e-40cd-bdab-ecdd407a3eeb,914ab50f-d78d-4a28-aaef-6e4db1410600,Paddy Dow,MID,"https://s.afl.com.au/staticfile/AFL%20Tenant/AFL/Players/ChampIDImages/AFL/2026014/1002256.png?im=Scale,width=0.6,height=0.6",2026-02-26 00:25:45.873242+00,15,,,0,1002256,st-kilda-saints,St Kilda Saints,"https://s.afl.com.au/staticfile/AFL%20Tenant/AFL/Players/ChampIDImages/AFL/2026014/1002256.png?im=Scale,width=0.6,height=0.6",Paddy Dow,Paddy Dow,addyow
6d3750de-0482-45a9-807e-806e955f0b81,4a0822e2-ed7a-4fc4-8e70-bd1d1b92d3f8,Tim Membrey,FWD,"https://s.afl.com.au/staticfile/AFL%20Tenant/AFL/Players/ChampIDImages/AFL/2026014/294596.png?im=Scale,width=0.6,height=0.6",2026-02-26 00:25:45.873242+00,28,,,0,294596,collingwood-magpies,Collingwood Magpies,"https://s.afl.com.au/staticfile/AFL%20Tenant/AFL/Players/ChampIDImages/AFL/2026014/294596.png?im=Scale,width=0.6,height=0.6",Tim Membrey,Tim Membrey,imembrey
6d6eda1d-63f2-442e-99f5-286dcbb8ad10,501a05f7-174e-4a86-8cea-db048be8b646,Zac Bailey,MID,"https://s.afl.com.au/staticfile/AFL%20Tenant/AFL/Players/ChampIDImages/AFL/2026014/1002312.png?im=Scale,width=0.6,height=0.6",2026-02-26 00:25:45.873242+00,33,,,0,1002312,brisbane-lions,Brisbane Lions,"https://s.afl.com.au/staticfile/AFL%20Tenant/AFL/Players/ChampIDImages/AFL/2026014/1002312.png?im=Scale,width=0.6,height=0.6",Zac Bailey,Zac Bailey,acailey
6d852d8f-48c0-44fe-98c3-eaf580383ecd,501a05f7-174e-4a86-8cea-db048be8b646,Sam Marshall,FWD,"https://s.afl.com.au/staticfile/AFL%20Tenant/AFL/Players/ChampIDImages/AFL/2026014/1028520.png?im=Scale,width=0.6,height=0.6",2026-02-26 00:25:45.873242+00,20,,,0,1028520,brisbane-lions,Brisbane Lions,"https://s.afl.com.au/staticfile/AFL%20Tenant/AFL/Players/ChampIDImages/AFL/2026014/1028520.png?im=Scale,width=0.6,height=0.6",Sam Marshall,Sam Marshall,amarshall
6dd03fed-aee9-45e5-b57e-b490f1824e07,914ab50f-d78d-4a28-aaef-6e4db1410600,Liam Stocker,MID,"https://s.afl.com.au/staticfile/AFL%20Tenant/AFL/Players/ChampIDImages/AFL/2026014/1008312.png?im=Scale,width=0.6,height=0.6",2026-02-26 00:25:45.873242+00,14,,,0,1008312,st-kilda-saints,St Kilda Saints,"https://s.afl.com.au/staticfile/AFL%20Tenant/AFL/Players/ChampIDImages/AFL/2026014/1008312.png?im=Scale,width=0.6,height=0.6",Liam Stocker,Liam Stocker,iamtocker
6e06be23-c2e2-455a-8645-6320ae490105,501a05f7-174e-4a86-8cea-db048be8b646,Ty Gallop,FWD,"https://s.afl.com.au/staticfile/AFL%20Tenant/AFL/Players/ChampIDImages/AFL/2026014/1034411.png?im=Scale,width=0.6,height=0.6",2026-02-26 00:25:46.196086+00,22,,,0,1034411,brisbane-lions,Brisbane Lions,"https://s.afl.com.au/staticfile/AFL%20Tenant/AFL/Players/ChampIDImages/AFL/2026014/1034411.png?im=Scale,width=0.6,height=0.6",Ty Gallop,Ty Gallop,yallop
6f0c003d-d8b8-45fb-a27a-3ef2a4b3b22d,d991371b-e2f7-4c95-ad7c-52ea89b07d7b,Bodie Ryan,FWD,"https://s.afl.com.au/staticfile/AFL%20Tenant/AFL/Players/ChampIDImages/AFL/2026014/1022473.png?im=Scale,width=0.6,height=0.6",2026-02-26 00:25:46.196086+00,26,,,0,1022473,hawthorn-hawks,Hawthorn Hawks,"https://s.afl.com.au/staticfile/AFL%20Tenant/AFL/Players/ChampIDImages/AFL/2026014/1022473.png?im=Scale,width=0.6,height=0.6",Bodie Ryan,Bodie Ryan,odieyan
6f76c002-e893-4098-ac43-9d464f38044f,8953891c-6af3-4f31-8386-7340f0c27f9c,Max Knobel,MID,"https://s.afl.com.au/staticfile/AFL%20Tenant/AFL/Players/ChampIDImages/AFL/2026014/1027701.png?im=Scale,width=0.6,height=0.6",2026-02-26 00:25:45.873242+00,37,,,0,1027701,gold-coast-suns,Gold Coast Suns,"https://s.afl.com.au/staticfile/AFL%20Tenant/AFL/Players/ChampIDImages/AFL/2026014/1027701.png?im=Scale,width=0.6,height=0.6",Max Knobel,Max Knobel,axnobel
6ffc6a77-3fce-4ee3-8829-42c1b6acae8e,,Sean Lemmens,,"https://s.afl.com.au/staticfile/AFL%20Tenant/AFL/Players/ChampIDImages/AFL/2026014/294013.png?im=Scale,width=0.6,height=0.6",2026-02-26 00:25:46.196086+00,,,,0,294013,,,"https://s.afl.com.au/staticfile/AFL%20Tenant/AFL/Players/ChampIDImages/AFL/2026014/294013.png?im=Scale,width=0.6,height=0.6",Sean Lemmens,Sean Lemmens,eanemmens
7005de36-4e34-47d4-9a4e-8c1ff0d2fed8,82880eac-b132-4b23-93d7-0ec25ff0a023,Blake Howes,FWD,"https://s.afl.com.au/staticfile/AFL%20Tenant/AFL/Players/ChampIDImages/AFL/2026014/1017122.png?im=Scale,width=0.6,height=0.6",2026-02-26 00:25:45.873242+00,22,,,0,1017122,melbourne-demons,Melbourne Demons,"https://s.afl.com.au/staticfile/AFL%20Tenant/AFL/Players/ChampIDImages/AFL/2026014/1017122.png?im=Scale,width=0.6,height=0.6",Blake Howes,Blake Howes,lakeowes
70a7a496-af78-4048-a74c-7b49f932341d,,Ben Paton,,"https://s.afl.com.au/staticfile/AFL%20Tenant/AFL/Players/ChampIDImages/AFL/2026014/1004985.png?im=Scale,width=0.6,height=0.6",2026-02-26 00:25:45.873242+00,,,,0,1004985,,,"https://s.afl.com.au/staticfile/AFL%20Tenant/AFL/Players/ChampIDImages/AFL/2026014/1004985.png?im=Scale,width=0.6,height=0.6",Ben Paton,Ben Paton,enaton
70cae9eb-a915-497f-9296-34779358301a,0a73bf79-7321-4fd5-8b67-90fffabdcf01,Oscar McDonald,FWD,"https://s.afl.com.au/staticfile/AFL%20Tenant/AFL/Players/ChampIDImages/AFL/2026014/992472.png?im=Scale,width=0.6,height=0.6",2026-02-26 00:25:46.196086+00,21,,,0,992472,fremantle-dockers,Fremantle Dockers,"https://s.afl.com.au/staticfile/AFL%20Tenant/AFL/Players/ChampIDImages/AFL/2026014/992472.png?im=Scale,width=0.6,height=0.6",Oscar McDonald,Oscar McDonald,scarconald
70fea83b-d54b-49b3-9e73-daa08a9d14ae,6e06405b-7cff-4d56-b852-48cc980c21bb,Judson Clarke,FWD,"https://s.afl.com.au/staticfile/AFL%20Tenant/AFL/Players/ChampIDImages/AFL/2026014/1017043.png?im=Scale,width=0.6,height=0.6",2026-02-26 00:25:46.196086+00,23,,,0,1017043,richmond-tigers,Richmond Tigers,"https://s.afl.com.au/staticfile/AFL%20Tenant/AFL/Players/ChampIDImages/AFL/2026014/1017043.png?im=Scale,width=0.6,height=0.6",Judson Clarke,Judson Clarke,udsonlarke
71119f95-a426-4675-a390-95a90fe4a610,501a05f7-174e-4a86-8cea-db048be8b646,Zane Zakostelsky,FWD,"https://s.afl.com.au/staticfile/AFL%20Tenant/AFL/Players/ChampIDImages/AFL/2026014/1032650.png?im=Scale,width=0.6,height=0.6",2026-02-26 00:25:46.196086+00,21,,,0,1032650,brisbane-lions,Brisbane Lions,"https://s.afl.com.au/staticfile/AFL%20Tenant/AFL/Players/ChampIDImages/AFL/2026014/1032650.png?im=Scale,width=0.6,height=0.6",Zane Zakostelsky,Zane Zakostelsky,aneakostelsky
713d4120-2dea-4641-9a5e-03a73f69ef47,85de4282-cc6a-4db6-b4f6-8520b69c38de,Luke Davies-Uniacke,MID,"https://s.afl.com.au/staticfile/AFL%20Tenant/AFL/Players/ChampIDImages/AFL/2026014/1002267.png?im=Scale,width=0.6,height=0.6",2026-02-26 00:25:45.873242+00,9,,,0,1002267,north-melbourne-kangaroos,North Melbourne Kangaroos,"https://s.afl.com.au/staticfile/AFL%20Tenant/AFL/Players/ChampIDImages/AFL/2026014/1002267.png?im=Scale,width=0.6,height=0.6",Luke Davies-Uniacke,Luke Davies-Uniacke,ukeaviesniacke
7161314a-4757-4629-8287-d2f91578f87b,38694aa4-7f1c-4a5f-b306-d094532ae24a,Peter Wright,FWD,"https://s.afl.com.au/staticfile/AFL%20Tenant/AFL/Players/ChampIDImages/AFL/2026014/298289.png?im=Scale,width=0.6,height=0.6",2026-02-26 00:25:45.873242+00,20,,,0,298289,essendon-bombers,Essendon Bombers,"https://s.afl.com.au/staticfile/AFL%20Tenant/AFL/Players/ChampIDImages/AFL/2026014/298289.png?im=Scale,width=0.6,height=0.6",Peter Wright,Peter Wright,eterright
722a0eca-81dd-458d-8db4-36e637b81af8,914ab50f-d78d-4a28-aaef-6e4db1410600,Mitch Owens,MID,"https://s.afl.com.au/staticfile/AFL%20Tenant/AFL/Players/ChampIDImages/AFL/2026014/1023272.png?im=Scale,width=0.6,height=0.6",2026-02-26 00:25:45.873242+00,10,,,0,1023272,st-kilda-saints,St Kilda Saints,"https://s.afl.com.au/staticfile/AFL%20Tenant/AFL/Players/ChampIDImages/AFL/2026014/1023272.png?im=Scale,width=0.6,height=0.6",Mitch Owens,Mitch Owens,itchwens
724955c6-511b-4948-a9b8-6d917eaafde9,5a697f25-65ef-4a40-9446-c813bbd624dc,Mitchell Edwards,FWD,"https://s.afl.com.au/staticfile/AFL%20Tenant/AFL/Players/ChampIDImages/AFL/2026014/1024304.png?im=Scale,width=0.6,height=0.6",2026-02-26 00:25:45.873242+00,28,,,0,1024304,sydney-swans,Sydney Swans,"https://s.afl.com.au/staticfile/AFL%20Tenant/AFL/Players/ChampIDImages/AFL/2026014/1024304.png?im=Scale,width=0.6,height=0.6",Mitchell Edwards,Mitchell Edwards,itchelldwards
72761eab-3add-41a2-b734-580129d41cff,f70ca36c-612b-439f-850f-4a31fd2df499,Adam Cerra,DEF,"https://s.afl.com.au/staticfile/AFL%20Tenant/AFL/Players/ChampIDImages/AFL/2026014/1002239.png?im=Scale,width=0.6,height=0.6",2026-02-26 00:25:45.873242+00,5,,,0,1002239,carlton-blues,Carlton Blues,"https://s.afl.com.au/staticfile/AFL%20Tenant/AFL/Players/ChampIDImages/AFL/2026014/1002239.png?im=Scale,width=0.6,height=0.6",Adam Cerra,Adam Cerra,damerra
72bbd57b-097f-466a-bf96-b111a17760e6,4a0822e2-ed7a-4fc4-8e70-bd1d1b92d3f8,Wil Parker,MID,"https://s.afl.com.au/staticfile/AFL%20Tenant/AFL/Players/ChampIDImages/AFL/2026014/1012873.png?im=Scale,width=0.6,height=0.6",2026-02-26 00:25:46.196086+00,15,,,0,1012873,collingwood-magpies,Collingwood Magpies,"https://s.afl.com.au/staticfile/AFL%20Tenant/AFL/Players/ChampIDImages/AFL/2026014/1012873.png?im=Scale,width=0.6,height=0.6",Wil Parker,Wil Parker,ilarker
72d2db44-bf8a-4175-a285-f1a97112c5d4,,David Swallow,,"https://s.afl.com.au/staticfile/AFL%20Tenant/AFL/Players/ChampIDImages/AFL/2026014/290832.png?im=Scale,width=0.6,height=0.6",2026-02-26 00:25:45.873242+00,,,,0,290832,,,"https://s.afl.com.au/staticfile/AFL%20Tenant/AFL/Players/ChampIDImages/AFL/2026014/290832.png?im=Scale,width=0.6,height=0.6",David Swallow,David Swallow,avidwallow
72de0ba6-56b2-4729-a9a9-107885a9f9ee,914ab50f-d78d-4a28-aaef-6e4db1410600,Marcus Windhager,DEF,"https://s.afl.com.au/staticfile/AFL%20Tenant/AFL/Players/ChampIDImages/AFL/2026014/1023270.png?im=Scale,width=0.6,height=0.6",2026-02-26 00:25:45.873242+00,2,,,0,1023270,st-kilda-saints,St Kilda Saints,"https://s.afl.com.au/staticfile/AFL%20Tenant/AFL/Players/ChampIDImages/AFL/2026014/1023270.png?im=Scale,width=0.6,height=0.6",Marcus Windhager,Marcus Windhager,arcusindhager
72fcceba-b133-474d-a3c0-3163fdb621d5,4a0822e2-ed7a-4fc4-8e70-bd1d1b92d3f8,Scott Pendlebury,MID,"https://s.afl.com.au/staticfile/AFL%20Tenant/AFL/Players/ChampIDImages/AFL/2026014/260257.png?im=Scale,width=0.6,height=0.6",2026-02-26 00:25:45.873242+00,10,,,0,260257,collingwood-magpies,Collingwood Magpies,"https://s.afl.com.au/staticfile/AFL%20Tenant/AFL/Players/ChampIDImages/AFL/2026014/260257.png?im=Scale,width=0.6,height=0.6",Scott Pendlebury,Scott Pendlebury,cottendlebury
734e9738-1069-4f0f-99d6-b94aeb65a194,70c32ca0-2bec-4db6-9b70-b8c8327f51c1,Logan Evans,FWD,"https://s.afl.com.au/staticfile/AFL%20Tenant/AFL/Players/ChampIDImages/AFL/2026014/1019938.png?im=Scale,width=0.6,height=0.6",2026-02-26 00:25:45.873242+00,22,,,0,1019938,port-adelaide-power,Port Adelaide Power,"https://s.afl.com.au/staticfile/AFL%20Tenant/AFL/Players/ChampIDImages/AFL/2026014/1019938.png?im=Scale,width=0.6,height=0.6",Logan Evans,Logan Evans,oganvans
736f7f09-a1e9-4d12-9536-a340ad1c6fef,7fddbede-9cbf-4436-9845-1db1739b2476,Tom Cole,FWD,"https://s.afl.com.au/staticfile/AFL%20Tenant/AFL/Players/ChampIDImages/AFL/2026014/993820.png?im=Scale,width=0.6,height=0.6",2026-02-26 00:25:45.873242+00,28,,,0,993820,west-coast-eagles,West Coast Eagles,"https://s.afl.com.au/staticfile/AFL%20Tenant/AFL/Players/ChampIDImages/AFL/2026014/993820.png?im=Scale,width=0.6,height=0.6",Tom Cole,Tom Cole,omole
73a466dd-8afd-4719-b4a2-707728857972,0ceb3e8b-4504-4ddd-b7c6-e2bf4215eada,Tim English,MID,"https://s.afl.com.au/staticfile/AFL%20Tenant/AFL/Players/ChampIDImages/AFL/2026014/1004592.png?im=Scale,width=0.6,height=0.6",2026-02-26 00:25:45.873242+00,44,,,0,1004592,western-bulldogs,Western Bulldogs,"https://s.afl.com.au/staticfile/AFL%20Tenant/AFL/Players/ChampIDImages/AFL/2026014/1004592.png?im=Scale,width=0.6,height=0.6",Tim English,Tim English,imnglish
74631b1f-74c2-4fc2-b7b3-6755f13ffef7,8953891c-6af3-4f31-8386-7340f0c27f9c,Jarrod Witts,FWD,"https://s.afl.com.au/staticfile/AFL%20Tenant/AFL/Players/ChampIDImages/AFL/2026014/291975.png?im=Scale,width=0.6,height=0.6",2026-02-26 00:25:45.873242+00,28,,,0,291975,gold-coast-suns,Gold Coast Suns,"https://s.afl.com.au/staticfile/AFL%20Tenant/AFL/Players/ChampIDImages/AFL/2026014/291975.png?im=Scale,width=0.6,height=0.6",Jarrod Witts,Jarrod Witts,arroditts
74b9f62a-4361-447e-9bc1-3e05c673ae75,0ceb3e8b-4504-4ddd-b7c6-e2bf4215eada,Michael Sellwood,MID,"https://s.afl.com.au/staticfile/AFL%20Tenant/AFL/Players/ChampIDImages/AFL/2026014/1020621.png?im=Scale,width=0.6,height=0.6",2026-02-26 00:25:46.196086+00,37,,,0,1020621,western-bulldogs,Western Bulldogs,"https://s.afl.com.au/staticfile/AFL%20Tenant/AFL/Players/ChampIDImages/AFL/2026014/1020621.png?im=Scale,width=0.6,height=0.6",Michael Sellwood,Michael Sellwood,ichaelellwood
74c6f59f-8433-4b07-a004-435706a9c5f9,85de4282-cc6a-4db6-b4f6-8520b69c38de,Tristan Xerri,MID,"https://s.afl.com.au/staticfile/AFL%20Tenant/AFL/Players/ChampIDImages/AFL/2026014/1004965.png?im=Scale,width=0.6,height=0.6",2026-02-26 00:25:45.873242+00,38,,,0,1004965,north-melbourne-kangaroos,North Melbourne Kangaroos,"https://s.afl.com.au/staticfile/AFL%20Tenant/AFL/Players/ChampIDImages/AFL/2026014/1004965.png?im=Scale,width=0.6,height=0.6",Tristan Xerri,Tristan Xerri,ristanerri
75145d18-a9b9-4618-bfd9-d3d918a7154e,f70ca36c-612b-439f-850f-4a31fd2df499,Cooper Lord,MID,"https://s.afl.com.au/staticfile/AFL%20Tenant/AFL/Players/ChampIDImages/AFL/2026014/1032108.png?im=Scale,width=0.6,height=0.6",2026-02-26 00:25:45.873242+00,36,,,0,1032108,carlton-blues,Carlton Blues,"https://s.afl.com.au/staticfile/AFL%20Tenant/AFL/Players/ChampIDImages/AFL/2026014/1032108.png?im=Scale,width=0.6,height=0.6",Cooper Lord,Cooper Lord,ooperord
754a5b97-2bfc-4bf5-8c6f-a949f4384a0c,0ceb3e8b-4504-4ddd-b7c6-e2bf4215eada,Lachlan Smith,MID,"https://s.afl.com.au/staticfile/AFL%20Tenant/AFL/Players/ChampIDImages/AFL/2026014/1027702.png?im=Scale,width=0.6,height=0.6",2026-02-26 00:25:45.873242+00,40,,,0,1027702,western-bulldogs,Western Bulldogs,"https://s.afl.com.au/staticfile/AFL%20Tenant/AFL/Players/ChampIDImages/AFL/2026014/1027702.png?im=Scale,width=0.6,height=0.6",Lachlan Smith,Lachlan Smith,achlanmith
755b2a3f-3f7b-40b6-b97f-9da27acc1810,4a0822e2-ed7a-4fc4-8e70-bd1d1b92d3f8,Ned Long,MID,"https://s.afl.com.au/staticfile/AFL%20Tenant/AFL/Players/ChampIDImages/AFL/2026014/1017124.png?im=Scale,width=0.6,height=0.6",2026-02-26 00:25:45.873242+00,44,,,0,1017124,collingwood-magpies,Collingwood Magpies,"https://s.afl.com.au/staticfile/AFL%20Tenant/AFL/Players/ChampIDImages/AFL/2026014/1017124.png?im=Scale,width=0.6,height=0.6",Ned Long,Ned Long,edong
7569188f-1213-40c2-bc31-77998fed9deb,0ceb3e8b-4504-4ddd-b7c6-e2bf4215eada,Rhylee West,MID,"https://s.afl.com.au/staticfile/AFL%20Tenant/AFL/Players/ChampIDImages/AFL/2026014/1006127.png?im=Scale,width=0.6,height=0.6",2026-02-26 00:25:45.873242+00,14,,,0,1006127,western-bulldogs,Western Bulldogs,"https://s.afl.com.au/staticfile/AFL%20Tenant/AFL/Players/ChampIDImages/AFL/2026014/1006127.png?im=Scale,width=0.6,height=0.6",Rhylee West,Rhylee West,hyleeest
758a8fdc-9e3a-42cf-bd9d-0af8b5ebde3c,0a73bf79-7321-4fd5-8b67-90fffabdcf01,Neil Erasmus,FWD,"https://s.afl.com.au/staticfile/AFL%20Tenant/AFL/Players/ChampIDImages/AFL/2026014/1020250.png?im=Scale,width=0.6,height=0.6",2026-02-26 00:25:45.873242+00,28,,,0,1020250,fremantle-dockers,Fremantle Dockers,"https://s.afl.com.au/staticfile/AFL%20Tenant/AFL/Players/ChampIDImages/AFL/2026014/1020250.png?im=Scale,width=0.6,height=0.6",Neil Erasmus,Neil Erasmus,eilrasmus
76122e88-dae7-432d-b7ec-68f42d0e449e,914ab50f-d78d-4a28-aaef-6e4db1410600,Dougal Howard,FWD,"https://s.afl.com.au/staticfile/AFL%20Tenant/AFL/Players/ChampIDImages/AFL/2026014/993480.png?im=Scale,width=0.6,height=0.6",2026-02-26 00:25:46.196086+00,20,,,0,993480,st-kilda-saints,St Kilda Saints,"https://s.afl.com.au/staticfile/AFL%20Tenant/AFL/Players/ChampIDImages/AFL/2026014/993480.png?im=Scale,width=0.6,height=0.6",Dougal Howard,Dougal Howard,ougaloward
76332344-dde4-496a-924e-e7162d6ef618,0d8207f2-c6ac-43c7-b3b1-154eb1648fe5,Brent Daniels,MID,"https://s.afl.com.au/staticfile/AFL%20Tenant/AFL/Players/ChampIDImages/AFL/2026014/1002251.png?im=Scale,width=0.6,height=0.6",2026-02-26 00:25:45.873242+00,16,,,0,1002251,gws-giants,GWS Giants,"https://s.afl.com.au/staticfile/AFL%20Tenant/AFL/Players/ChampIDImages/AFL/2026014/1002251.png?im=Scale,width=0.6,height=0.6",Brent Daniels,Brent Daniels,rentaniels
764d58b7-c3a1-4de2-bfb6-2fb72784f30a,38694aa4-7f1c-4a5f-b306-d094532ae24a,Jayden Nguyen,MID,"https://s.afl.com.au/staticfile/AFL%20Tenant/AFL/Players/ChampIDImages/AFL/2026014/1018987.png?im=Scale,width=0.6,height=0.6",2026-02-26 00:25:45.873242+00,42,,,0,1018987,essendon-bombers,Essendon Bombers,"https://s.afl.com.au/staticfile/AFL%20Tenant/AFL/Players/ChampIDImages/AFL/2026014/1018987.png?im=Scale,width=0.6,height=0.6",Jayden Nguyen,Jayden Nguyen,aydenguyen
76b0d010-52e3-4d5e-9431-e4a6b8bb6cdb,,Kallan Dawson,,"https://s.afl.com.au/staticfile/AFL%20Tenant/AFL/Players/ChampIDImages/AFL/2026014/1012144.png?im=Scale,width=0.6,height=0.6",2026-02-26 00:25:46.196086+00,,,,0,1012144,,,"https://s.afl.com.au/staticfile/AFL%20Tenant/AFL/Players/ChampIDImages/AFL/2026014/1012144.png?im=Scale,width=0.6,height=0.6",Kallan Dawson,Kallan Dawson,allanawson
777e144f-c16e-4c7f-8b68-afd83c31d73a,,Jason Johannisen,,"https://s.afl.com.au/staticfile/AFL%20Tenant/AFL/Players/ChampIDImages/AFL/2026014/294101.png?im=Scale,width=0.6,height=0.6",2026-02-26 00:25:45.873242+00,,,,0,294101,,,"https://s.afl.com.au/staticfile/AFL%20Tenant/AFL/Players/ChampIDImages/AFL/2026014/294101.png?im=Scale,width=0.6,height=0.6",Jason Johannisen,Jason Johannisen,asonohannisen
77855a2b-d4f6-481d-966e-322fc3049cb6,6d7d39fb-1136-4cc8-a68c-bb6a284f2245,Billy Dowling,RUCK,"https://s.afl.com.au/staticfile/AFL%20Tenant/AFL/Players/ChampIDImages/AFL/2026014/1015329.png?im=Scale,width=0.6,height=0.6",2026-02-26 00:25:45.873242+00,31,,,0,1015329,adelaide-crows,Adelaide Crows,"https://s.afl.com.au/staticfile/AFL%20Tenant/AFL/Players/ChampIDImages/AFL/2026014/1015329.png?im=Scale,width=0.6,height=0.6",Billy Dowling,Billy Dowling,illyowling
77b53baf-4141-48d3-a4d1-3dd73138c57e,82880eac-b132-4b23-93d7-0ec25ff0a023,Kade Chandler,MID,"https://s.afl.com.au/staticfile/AFL%20Tenant/AFL/Players/ChampIDImages/AFL/2026014/1005330.png?im=Scale,width=0.6,height=0.6",2026-02-26 00:25:45.873242+00,37,,,0,1005330,melbourne-demons,Melbourne Demons,"https://s.afl.com.au/staticfile/AFL%20Tenant/AFL/Players/ChampIDImages/AFL/2026014/1005330.png?im=Scale,width=0.6,height=0.6",Kade Chandler,Kade Chandler,adehandler
78e2ff5a-2b5e-4ade-9ec3-037ef6978879,8953891c-6af3-4f31-8386-7340f0c27f9c,Lachie Weller,MID,"https://s.afl.com.au/staticfile/AFL%20Tenant/AFL/Players/ChampIDImages/AFL/2026014/298524.png?im=Scale,width=0.6,height=0.6",2026-02-26 00:25:45.873242+00,14,,,0,298524,gold-coast-suns,Gold Coast Suns,"https://s.afl.com.au/staticfile/AFL%20Tenant/AFL/Players/ChampIDImages/AFL/2026014/298524.png?im=Scale,width=0.6,height=0.6",Lachie Weller,Lachie Weller,achieeller
78fe5cf7-7552-408c-93eb-711834de3003,6689e156-49a9-4066-a22e-259375fa9b04,Toby Conway,DEF,"https://s.afl.com.au/staticfile/AFL%20Tenant/AFL/Players/ChampIDImages/AFL/2026014/1017063.png?im=Scale,width=0.6,height=0.6",2026-02-26 00:25:45.873242+00,6,,,0,1017063,geelong-cats,Geelong Cats,"https://s.afl.com.au/staticfile/AFL%20Tenant/AFL/Players/ChampIDImages/AFL/2026014/1017063.png?im=Scale,width=0.6,height=0.6",Toby Conway,Toby Conway,obyonway
79233d44-4a97-4a16-af1a-ad0235a6f45d,38694aa4-7f1c-4a5f-b306-d094532ae24a,Jade Gresham,MID,"https://s.afl.com.au/staticfile/AFL%20Tenant/AFL/Players/ChampIDImages/AFL/2026014/298421.png?im=Scale,width=0.6,height=0.6",2026-02-26 00:25:45.873242+00,11,,,0,298421,essendon-bombers,Essendon Bombers,"https://s.afl.com.au/staticfile/AFL%20Tenant/AFL/Players/ChampIDImages/AFL/2026014/298421.png?im=Scale,width=0.6,height=0.6",Jade Gresham,Jade Gresham,aderesham
792e51ab-9524-4916-8bad-11b18947f16b,38694aa4-7f1c-4a5f-b306-d094532ae24a,Matt Guelfi,MID,"https://s.afl.com.au/staticfile/AFL%20Tenant/AFL/Players/ChampIDImages/AFL/2026014/996232.png?im=Scale,width=0.6,height=0.6",2026-02-26 00:25:45.873242+00,35,,,0,996232,essendon-bombers,Essendon Bombers,"https://s.afl.com.au/staticfile/AFL%20Tenant/AFL/Players/ChampIDImages/AFL/2026014/996232.png?im=Scale,width=0.6,height=0.6",Matt Guelfi,Matt Guelfi,attuelfi
798c4b12-b3c2-42c8-8490-ff6cbf78cf44,4a0822e2-ed7a-4fc4-8e70-bd1d1b92d3f8,Edward Allan,MID,"https://s.afl.com.au/staticfile/AFL%20Tenant/AFL/Players/ChampIDImages/AFL/2026014/1022915.png?im=Scale,width=0.6,height=0.6",2026-02-26 00:25:45.873242+00,16,,,0,1022915,collingwood-magpies,Collingwood Magpies,"https://s.afl.com.au/staticfile/AFL%20Tenant/AFL/Players/ChampIDImages/AFL/2026014/1022915.png?im=Scale,width=0.6,height=0.6",Edward Allan,Edward Allan,dwardllan
79c34743-09d5-4fe1-9525-c44467693724,85de4282-cc6a-4db6-b4f6-8520b69c38de,Zac Banch,MID,"https://s.afl.com.au/staticfile/AFL%20Tenant/AFL/Players/ChampIDImages/AFL/2026014/1020930.png?im=Scale,width=0.6,height=0.6",2026-02-26 00:25:46.196086+00,45,,,0,1020930,north-melbourne-kangaroos,North Melbourne Kangaroos,"https://s.afl.com.au/staticfile/AFL%20Tenant/AFL/Players/ChampIDImages/AFL/2026014/1020930.png?im=Scale,width=0.6,height=0.6",Zac Banch,Zac Banch,acanch
79c46df0-0687-41cb-82f4-945c3710d232,d991371b-e2f7-4c95-ad7c-52ea89b07d7b,Jack Gunston,FWD,"https://s.afl.com.au/staticfile/AFL%20Tenant/AFL/Players/ChampIDImages/AFL/2026014/291351.png?im=Scale,width=0.6,height=0.6",2026-02-26 00:25:45.873242+00,19,,,0,291351,hawthorn-hawks,Hawthorn Hawks,"https://s.afl.com.au/staticfile/AFL%20Tenant/AFL/Players/ChampIDImages/AFL/2026014/291351.png?im=Scale,width=0.6,height=0.6",Jack Gunston,Jack Gunston,ackunston
7a362f62-b435-4d1c-8804-326feeae34cd,d991371b-e2f7-4c95-ad7c-52ea89b07d7b,Conor Nash,MID,"https://s.afl.com.au/staticfile/AFL%20Tenant/AFL/Players/ChampIDImages/AFL/2026014/1007124.png?im=Scale,width=0.6,height=0.6",2026-02-26 00:25:45.873242+00,11,,,0,1007124,hawthorn-hawks,Hawthorn Hawks,"https://s.afl.com.au/staticfile/AFL%20Tenant/AFL/Players/ChampIDImages/AFL/2026014/1007124.png?im=Scale,width=0.6,height=0.6",Conor Nash,Conor Nash,onorash
7a399a6b-872a-4cfc-9f58-46b8ddf98b1a,0d8207f2-c6ac-43c7-b3b1-154eb1648fe5,Xavier O'Halloran,MID,"https://s.afl.com.au/staticfile/AFL%20Tenant/AFL/Players/ChampIDImages/AFL/2026014/1006135.png?im=Scale,width=0.6,height=0.6",2026-02-26 00:25:46.196086+00,33,,,0,1006135,gws-giants,GWS Giants,"https://s.afl.com.au/staticfile/AFL%20Tenant/AFL/Players/ChampIDImages/AFL/2026014/1006135.png?im=Scale,width=0.6,height=0.6",Xavier O'Halloran,Xavier O'Halloran,avieralloran
7a6b6aea-6cc0-4e03-96ce-b0b8c0ac51e1,7fddbede-9cbf-4436-9845-1db1739b2476,Matt Flynn,FWD,"https://s.afl.com.au/staticfile/AFL%20Tenant/AFL/Players/ChampIDImages/AFL/2026014/993902.png?im=Scale,width=0.6,height=0.6",2026-02-26 00:25:45.873242+00,25,,,0,993902,west-coast-eagles,West Coast Eagles,"https://s.afl.com.au/staticfile/AFL%20Tenant/AFL/Players/ChampIDImages/AFL/2026014/993902.png?im=Scale,width=0.6,height=0.6",Matt Flynn,Matt Flynn,attlynn
7a74041f-db1b-4e64-88e2-24f48732e444,38694aa4-7f1c-4a5f-b306-d094532ae24a,Archie Perkins,MID,"https://s.afl.com.au/staticfile/AFL%20Tenant/AFL/Players/ChampIDImages/AFL/2026014/1015873.png?im=Scale,width=0.6,height=0.6",2026-02-26 00:25:45.873242+00,16,,,0,1015873,essendon-bombers,Essendon Bombers,"https://s.afl.com.au/staticfile/AFL%20Tenant/AFL/Players/ChampIDImages/AFL/2026014/1015873.png?im=Scale,width=0.6,height=0.6",Archie Perkins,Archie Perkins,rchieerkins
7aabb99d-f9c2-42f3-b82b-f4da8bde6941,70c32ca0-2bec-4db6-9b70-b8c8327f51c1,Josh Lai,MID,"https://s.afl.com.au/staticfile/AFL%20Tenant/AFL/Players/ChampIDImages/AFL/2026014/1040300.png?im=Scale,width=0.6,height=0.6",2026-02-26 00:25:46.196086+00,43,,,0,1040300,port-adelaide-power,Port Adelaide Power,"https://s.afl.com.au/staticfile/AFL%20Tenant/AFL/Players/ChampIDImages/AFL/2026014/1040300.png?im=Scale,width=0.6,height=0.6",Josh Lai,Josh Lai,oshai
7ab39c25-8af8-4a7a-bbe4-aee127391b51,0a73bf79-7321-4fd5-8b67-90fffabdcf01,Luke Jackson,DEF,"https://s.afl.com.au/staticfile/AFL%20Tenant/AFL/Players/ChampIDImages/AFL/2026014/1009399.png?im=Scale,width=0.6,height=0.6",2026-02-26 00:25:45.873242+00,9,,,0,1009399,fremantle-dockers,Fremantle Dockers,"https://s.afl.com.au/staticfile/AFL%20Tenant/AFL/Players/ChampIDImages/AFL/2026014/1009399.png?im=Scale,width=0.6,height=0.6",Luke Jackson,Luke Jackson,ukeackson
7ad872ee-281f-4459-a176-c4740384d060,6d7d39fb-1136-4cc8-a68c-bb6a284f2245,Callum Ah Chee,DEF,"https://s.afl.com.au/staticfile/AFL%20Tenant/AFL/Players/ChampIDImages/AFL/2026014/298437.png?im=Scale,width=0.6,height=0.6",2026-02-26 00:25:45.873242+00,4,,,0,298437,adelaide-crows,Adelaide Crows,"https://s.afl.com.au/staticfile/AFL%20Tenant/AFL/Players/ChampIDImages/AFL/2026014/298437.png?im=Scale,width=0.6,height=0.6",Callum Ah Chee,Callum Ah Chee,allumhhee
7b75df82-cb75-4cb6-bf08-265c059cd758,7fddbede-9cbf-4436-9845-1db1739b2476,Brandon Starcevich,DEF,"https://s.afl.com.au/staticfile/AFL%20Tenant/AFL/Players/ChampIDImages/AFL/2026014/1002401.png?im=Scale,width=0.6,height=0.6",2026-02-26 00:25:45.873242+00,4,,,0,1002401,west-coast-eagles,West Coast Eagles,"https://s.afl.com.au/staticfile/AFL%20Tenant/AFL/Players/ChampIDImages/AFL/2026014/1002401.png?im=Scale,width=0.6,height=0.6",Brandon Starcevich,Brandon Starcevich,randontarcevich
7b9663e4-eecd-458b-b8b7-4aae64f2d4a3,4a0822e2-ed7a-4fc4-8e70-bd1d1b92d3f8,Jeremy Howe,MID,"https://s.afl.com.au/staticfile/AFL%20Tenant/AFL/Players/ChampIDImages/AFL/2026014/291313.png?im=Scale,width=0.6,height=0.6",2026-02-26 00:25:45.873242+00,38,,,0,291313,collingwood-magpies,Collingwood Magpies,"https://s.afl.com.au/staticfile/AFL%20Tenant/AFL/Players/ChampIDImages/AFL/2026014/291313.png?im=Scale,width=0.6,height=0.6",Jeremy Howe,Jeremy Howe,eremyowe
7b9eccb7-ac2c-4f99-8312-ca67e2917340,38694aa4-7f1c-4a5f-b306-d094532ae24a,Nate Caddy,RUCK,"https://s.afl.com.au/staticfile/AFL%20Tenant/AFL/Players/ChampIDImages/AFL/2026014/1027899.png?im=Scale,width=0.6,height=0.6",2026-02-26 00:25:46.196086+00,30,,,0,1027899,essendon-bombers,Essendon Bombers,"https://s.afl.com.au/staticfile/AFL%20Tenant/AFL/Players/ChampIDImages/AFL/2026014/1027899.png?im=Scale,width=0.6,height=0.6",Nate Caddy,Nate Caddy,ateaddy
7b9f1ce6-05fb-4ffb-89e8-f6fa460754ed,38694aa4-7f1c-4a5f-b306-d094532ae24a,Zach Merrett,DEF,"https://s.afl.com.au/staticfile/AFL%20Tenant/AFL/Players/ChampIDImages/AFL/2026014/992016.png?im=Scale,width=0.6,height=0.6",2026-02-26 00:25:45.873242+00,7,,,0,992016,essendon-bombers,Essendon Bombers,"https://s.afl.com.au/staticfile/AFL%20Tenant/AFL/Players/ChampIDImages/AFL/2026014/992016.png?im=Scale,width=0.6,height=0.6",Zach Merrett,Zach Merrett,acherrett
7bb122fd-048f-400f-9d76-94329e98133d,7fddbede-9cbf-4436-9845-1db1739b2476,Harry Schoenberg,MID,"https://s.afl.com.au/staticfile/AFL%20Tenant/AFL/Players/ChampIDImages/AFL/2026014/1008543.png?im=Scale,width=0.6,height=0.6",2026-02-26 00:25:45.873242+00,48,,,0,1008543,west-coast-eagles,West Coast Eagles,"https://s.afl.com.au/staticfile/AFL%20Tenant/AFL/Players/ChampIDImages/AFL/2026014/1008543.png?im=Scale,width=0.6,height=0.6",Harry Schoenberg,Harry Schoenberg,arrychoenberg
7bdee5c8-8a50-4542-9ac5-8cfe9f95c410,82880eac-b132-4b23-93d7-0ec25ff0a023,Harrison Petty,MID,"https://s.afl.com.au/staticfile/AFL%20Tenant/AFL/Players/ChampIDImages/AFL/2026014/1008893.png?im=Scale,width=0.6,height=0.6",2026-02-26 00:25:46.196086+00,35,,,0,1008893,melbourne-demons,Melbourne Demons,"https://s.afl.com.au/staticfile/AFL%20Tenant/AFL/Players/ChampIDImages/AFL/2026014/1008893.png?im=Scale,width=0.6,height=0.6",Harrison Petty,Harrison Petty,arrisonetty
7bf4c97a-732c-4916-8c3e-3e6e13e4ad30,6d7d39fb-1136-4cc8-a68c-bb6a284f2245,Jordan Dawson,MID,"https://s.afl.com.au/staticfile/AFL%20Tenant/AFL/Players/ChampIDImages/AFL/2026014/992242.png?im=Scale,width=0.6,height=0.6",2026-02-26 00:25:45.873242+00,12,,,0,992242,adelaide-crows,Adelaide Crows,"https://s.afl.com.au/staticfile/AFL%20Tenant/AFL/Players/ChampIDImages/AFL/2026014/992242.png?im=Scale,width=0.6,height=0.6",Jordan Dawson,Jordan Dawson,ordanawson
7c2e5a3f-f297-4a1d-b48b-c64a2650ce68,7fddbede-9cbf-4436-9845-1db1739b2476,Clay Hall,RUCK,"https://s.afl.com.au/staticfile/AFL%20Tenant/AFL/Players/ChampIDImages/AFL/2026014/1024188.png?im=Scale,width=0.6,height=0.6",2026-02-26 00:25:45.873242+00,29,,,0,1024188,west-coast-eagles,West Coast Eagles,"https://s.afl.com.au/staticfile/AFL%20Tenant/AFL/Players/ChampIDImages/AFL/2026014/1024188.png?im=Scale,width=0.6,height=0.6",Clay Hall,Clay Hall,layall
7c69258f-707f-44c4-aa7f-4fcca59e2e05,82880eac-b132-4b23-93d7-0ec25ff0a023,Caleb Windsor,DEF,"https://s.afl.com.au/staticfile/AFL%20Tenant/AFL/Players/ChampIDImages/AFL/2026014/1027821.png?im=Scale,width=0.6,height=0.6",2026-02-26 00:25:45.873242+00,6,,,0,1027821,melbourne-demons,Melbourne Demons,"https://s.afl.com.au/staticfile/AFL%20Tenant/AFL/Players/ChampIDImages/AFL/2026014/1027821.png?im=Scale,width=0.6,height=0.6",Caleb Windsor,Caleb Windsor,alebindsor
7c69bf00-a80b-4740-86c2-345458b84a3c,85de4282-cc6a-4db6-b4f6-8520b69c38de,Robert Hansen Jr,MID,"https://s.afl.com.au/staticfile/AFL%20Tenant/AFL/Players/ChampIDImages/AFL/2026014/1023144.png?im=Scale,width=0.6,height=0.6",2026-02-26 00:25:46.196086+00,46,,,0,1023144,north-melbourne-kangaroos,North Melbourne Kangaroos,"https://s.afl.com.au/staticfile/AFL%20Tenant/AFL/Players/ChampIDImages/AFL/2026014/1023144.png?im=Scale,width=0.6,height=0.6",Robert Hansen Jr,Robert Hansen Jr,obertansenr
7cd8bf67-5b09-44ea-bbcb-58199b3582cc,,Tom Fullarton,,"https://s.afl.com.au/staticfile/AFL%20Tenant/AFL/Players/ChampIDImages/AFL/2026014/1013532.png?im=Scale,width=0.6,height=0.6",2026-02-26 00:25:45.873242+00,,,,0,1013532,,,"https://s.afl.com.au/staticfile/AFL%20Tenant/AFL/Players/ChampIDImages/AFL/2026014/1013532.png?im=Scale,width=0.6,height=0.6",Tom Fullarton,Tom Fullarton,omullarton
7cec5696-1f28-4928-a559-837dec9b7dd7,38694aa4-7f1c-4a5f-b306-d094532ae24a,Harrison Jones,FWD,"https://s.afl.com.au/staticfile/AFL%20Tenant/AFL/Players/ChampIDImages/AFL/2026014/1011755.png?im=Scale,width=0.6,height=0.6",2026-02-26 00:25:45.873242+00,23,,,0,1011755,essendon-bombers,Essendon Bombers,"https://s.afl.com.au/staticfile/AFL%20Tenant/AFL/Players/ChampIDImages/AFL/2026014/1011755.png?im=Scale,width=0.6,height=0.6",Harrison Jones,Harrison Jones,arrisonones
7d19cfd8-2b72-4076-82bd-2df8a902d546,0a73bf79-7321-4fd5-8b67-90fffabdcf01,Ollie Murphy,MID,"https://s.afl.com.au/staticfile/AFL%20Tenant/AFL/Players/ChampIDImages/AFL/2026014/1027990.png?im=Scale,width=0.6,height=0.6",2026-02-26 00:25:46.196086+00,33,,,0,1027990,fremantle-dockers,Fremantle Dockers,"https://s.afl.com.au/staticfile/AFL%20Tenant/AFL/Players/ChampIDImages/AFL/2026014/1027990.png?im=Scale,width=0.6,height=0.6",Ollie Murphy,Ollie Murphy,llieurphy
7d1e01dc-3fb2-466f-9472-b6158ed103f7,914ab50f-d78d-4a28-aaef-6e4db1410600,Isaac Keeler,MID,"https://s.afl.com.au/staticfile/AFL%20Tenant/AFL/Players/ChampIDImages/AFL/2026014/1015323.png?im=Scale,width=0.6,height=0.6",2026-02-26 00:25:46.196086+00,17,,,0,1015323,st-kilda-saints,St Kilda Saints,"https://s.afl.com.au/staticfile/AFL%20Tenant/AFL/Players/ChampIDImages/AFL/2026014/1015323.png?im=Scale,width=0.6,height=0.6",Isaac Keeler,Isaac Keeler,saaceeler
7d674760-a57f-498c-801c-8224c14df3a2,d991371b-e2f7-4c95-ad7c-52ea89b07d7b,Jarman Impey,DEF,"https://s.afl.com.au/staticfile/AFL%20Tenant/AFL/Players/ChampIDImages/AFL/2026014/296254.png?im=Scale,width=0.6,height=0.6",2026-02-26 00:25:45.873242+00,4,,,0,296254,hawthorn-hawks,Hawthorn Hawks,"https://s.afl.com.au/staticfile/AFL%20Tenant/AFL/Players/ChampIDImages/AFL/2026014/296254.png?im=Scale,width=0.6,height=0.6",Jarman Impey,Jarman Impey,armanmpey
7da1199d-ad7e-4d68-8fd9-924a847e4ddf,6d7d39fb-1136-4cc8-a68c-bb6a284f2245,Hugh Bond,FWD,"https://s.afl.com.au/staticfile/AFL%20Tenant/AFL/Players/ChampIDImages/AFL/2026014/1023534.png?im=Scale,width=0.6,height=0.6",2026-02-26 00:25:46.196086+00,21,,,0,1023534,adelaide-crows,Adelaide Crows,"https://s.afl.com.au/staticfile/AFL%20Tenant/AFL/Players/ChampIDImages/AFL/2026014/1023534.png?im=Scale,width=0.6,height=0.6",Hugh Bond,Hugh Bond,ughond
7db1c527-ae1e-4745-b264-aae3f3bd7695,6e06405b-7cff-4d56-b852-48cc980c21bb,Mykelti Lefau,MID,"https://s.afl.com.au/staticfile/AFL%20Tenant/AFL/Players/ChampIDImages/AFL/2026014/1008747.png?im=Scale,width=0.6,height=0.6",2026-02-26 00:25:46.196086+00,42,,,0,1008747,richmond-tigers,Richmond Tigers,"https://s.afl.com.au/staticfile/AFL%20Tenant/AFL/Players/ChampIDImages/AFL/2026014/1008747.png?im=Scale,width=0.6,height=0.6",Mykelti Lefau,Mykelti Lefau,ykeltiefau
7e292012-5e42-46a8-98c9-cc71b866d174,0d8207f2-c6ac-43c7-b3b1-154eb1648fe5,Max Gruzewski,MID,"https://s.afl.com.au/staticfile/AFL%20Tenant/AFL/Players/ChampIDImages/AFL/2026014/1027921.png?im=Scale,width=0.6,height=0.6",2026-02-26 00:25:46.196086+00,35,,,0,1027921,gws-giants,GWS Giants,"https://s.afl.com.au/staticfile/AFL%20Tenant/AFL/Players/ChampIDImages/AFL/2026014/1027921.png?im=Scale,width=0.6,height=0.6",Max Gruzewski,Max Gruzewski,axruzewski
7e3530f9-3c3b-422d-8adf-eae3d993410e,4a0822e2-ed7a-4fc4-8e70-bd1d1b92d3f8,Noah Howes,MID,"https://s.afl.com.au/staticfile/AFL%20Tenant/AFL/Players/ChampIDImages/AFL/2026014/1022614.png?im=Scale,width=0.6,height=0.6",2026-02-26 00:25:46.196086+00,40,,,0,1022614,collingwood-magpies,Collingwood Magpies,"https://s.afl.com.au/staticfile/AFL%20Tenant/AFL/Players/ChampIDImages/AFL/2026014/1022614.png?im=Scale,width=0.6,height=0.6",Noah Howes,Noah Howes,oahowes
7e47b8d3-f596-4856-9d10-b1a7869ab4b1,38694aa4-7f1c-4a5f-b306-d094532ae24a,Brayden Fiorini,DEF,"https://s.afl.com.au/staticfile/AFL%20Tenant/AFL/Players/ChampIDImages/AFL/2026014/993799.png?im=Scale,width=0.6,height=0.6",2026-02-26 00:25:45.873242+00,8,,,0,993799,essendon-bombers,Essendon Bombers,"https://s.afl.com.au/staticfile/AFL%20Tenant/AFL/Players/ChampIDImages/AFL/2026014/993799.png?im=Scale,width=0.6,height=0.6",Brayden Fiorini,Brayden Fiorini,raydeniorini
7e88395f-d87d-4633-91f2-8b37a96d14a5,,Indhi Kirk,,"https://s.afl.com.au/staticfile/AFL%20Tenant/AFL/Players/ChampIDImages/AFL/2026014/1027058.png?im=Scale,width=0.6,height=0.6",2026-02-26 00:25:46.196086+00,,,,0,1027058,,,"https://s.afl.com.au/staticfile/AFL%20Tenant/AFL/Players/ChampIDImages/AFL/2026014/1027058.png?im=Scale,width=0.6,height=0.6",Indhi Kirk,Indhi Kirk,ndhiirk
7ef53003-c5e5-4ce5-affc-fcfb55e74f86,4a0822e2-ed7a-4fc4-8e70-bd1d1b92d3f8,Steele Sidebottom,FWD,"https://s.afl.com.au/staticfile/AFL%20Tenant/AFL/Players/ChampIDImages/AFL/2026014/280965.png?im=Scale,width=0.6,height=0.6",2026-02-26 00:25:45.873242+00,22,,,0,280965,collingwood-magpies,Collingwood Magpies,"https://s.afl.com.au/staticfile/AFL%20Tenant/AFL/Players/ChampIDImages/AFL/2026014/280965.png?im=Scale,width=0.6,height=0.6",Steele Sidebottom,Steele Sidebottom,teeleidebottom
7f0be5aa-b0cb-475f-9cde-470fe569cea6,5a697f25-65ef-4a40-9446-c813bbd624dc,Tom Papley,MID,"https://s.afl.com.au/staticfile/AFL%20Tenant/AFL/Players/ChampIDImages/AFL/2026014/996765.png?im=Scale,width=0.6,height=0.6",2026-02-26 00:25:45.873242+00,11,,,0,996765,sydney-swans,Sydney Swans,"https://s.afl.com.au/staticfile/AFL%20Tenant/AFL/Players/ChampIDImages/AFL/2026014/996765.png?im=Scale,width=0.6,height=0.6",Tom Papley,Tom Papley,omapley
7f281a17-4ffe-4bd4-af16-3fbae017e237,d991371b-e2f7-4c95-ad7c-52ea89b07d7b,Josh Ward,FWD,"https://s.afl.com.au/staticfile/AFL%20Tenant/AFL/Players/ChampIDImages/AFL/2026014/1017110.png?im=Scale,width=0.6,height=0.6",2026-02-26 00:25:45.873242+00,25,,,0,1017110,hawthorn-hawks,Hawthorn Hawks,"https://s.afl.com.au/staticfile/AFL%20Tenant/AFL/Players/ChampIDImages/AFL/2026014/1017110.png?im=Scale,width=0.6,height=0.6",Josh Ward,Josh Ward,oshard
7f5ec818-fdad-43d1-af03-99eeaed49d3a,7fddbede-9cbf-4436-9845-1db1739b2476,Ryan Maric,FWD,"https://s.afl.com.au/staticfile/AFL%20Tenant/AFL/Players/ChampIDImages/AFL/2026014/1029416.png?im=Scale,width=0.6,height=0.6",2026-02-26 00:25:46.196086+00,23,,,0,1029416,west-coast-eagles,West Coast Eagles,"https://s.afl.com.au/staticfile/AFL%20Tenant/AFL/Players/ChampIDImages/AFL/2026014/1029416.png?im=Scale,width=0.6,height=0.6",Ryan Maric,Ryan Maric,yanaric
7f671907-2882-48d7-a023-e12e03245812,914ab50f-d78d-4a28-aaef-6e4db1410600,Rowan Marshall,FWD,"https://s.afl.com.au/staticfile/AFL%20Tenant/AFL/Players/ChampIDImages/AFL/2026014/992468.png?im=Scale,width=0.6,height=0.6",2026-02-26 00:25:45.873242+00,19,,,0,992468,st-kilda-saints,St Kilda Saints,"https://s.afl.com.au/staticfile/AFL%20Tenant/AFL/Players/ChampIDImages/AFL/2026014/992468.png?im=Scale,width=0.6,height=0.6",Rowan Marshall,Rowan Marshall,owanarshall
7f732dac-cc06-48ff-81c4-b6e5476e6492,,Lachlan Keeffe,,"https://s.afl.com.au/staticfile/AFL%20Tenant/AFL/Players/ChampIDImages/AFL/2026014/290314.png?im=Scale,width=0.6,height=0.6",2026-02-26 00:25:45.873242+00,,,,0,290314,,,"https://s.afl.com.au/staticfile/AFL%20Tenant/AFL/Players/ChampIDImages/AFL/2026014/290314.png?im=Scale,width=0.6,height=0.6",Lachlan Keeffe,Lachlan Keeffe,achlaneeffe
7fb03541-8e89-46e0-9a33-d194b5e6e03b,d991371b-e2f7-4c95-ad7c-52ea89b07d7b,Calsher Dear,MID,"https://s.afl.com.au/staticfile/AFL%20Tenant/AFL/Players/ChampIDImages/AFL/2026014/1032100.png?im=Scale,width=0.6,height=0.6",2026-02-26 00:25:46.196086+00,13,,,0,1032100,hawthorn-hawks,Hawthorn Hawks,"https://s.afl.com.au/staticfile/AFL%20Tenant/AFL/Players/ChampIDImages/AFL/2026014/1032100.png?im=Scale,width=0.6,height=0.6",Calsher Dear,Calsher Dear,alsherear
805be536-92c9-4104-86d1-648bd60ea399,,Ben Hobbs,,"https://s.afl.com.au/staticfile/AFL%20Tenant/AFL/Players/ChampIDImages/AFL/2026014/1017088.png?im=Scale,width=0.6,height=0.6",2026-02-26 00:25:45.873242+00,,,,0,1017088,,,"https://s.afl.com.au/staticfile/AFL%20Tenant/AFL/Players/ChampIDImages/AFL/2026014/1017088.png?im=Scale,width=0.6,height=0.6",Ben Hobbs,Ben Hobbs,enobbs
807d9596-04e5-465c-8fc7-09b64df073d9,5a697f25-65ef-4a40-9446-c813bbd624dc,Max King,MID,"https://s.afl.com.au/staticfile/AFL%20Tenant/AFL/Players/ChampIDImages/AFL/2026014/1006143.png?im=Scale,width=0.6,height=0.6",2026-02-26 00:25:45.873242+00,31,,,0,1006143,sydney-swans,Sydney Swans,"https://s.afl.com.au/staticfile/AFL%20Tenant/AFL/Players/ChampIDImages/AFL/2026014/1006143.png?im=Scale,width=0.6,height=0.6",Max King,Max King,axing
8131ace9-18da-44e5-8101-d5c9a79bba7f,6689e156-49a9-4066-a22e-259375fa9b04,Jack Henry,MID,"https://s.afl.com.au/staticfile/AFL%20Tenant/AFL/Players/ChampIDImages/AFL/2026014/1000937.png?im=Scale,width=0.6,height=0.6",2026-02-26 00:25:45.873242+00,38,,,0,1000937,geelong-cats,Geelong Cats,"https://s.afl.com.au/staticfile/AFL%20Tenant/AFL/Players/ChampIDImages/AFL/2026014/1000937.png?im=Scale,width=0.6,height=0.6",Jack Henry,Jack Henry,ackenry
814ac6ff-b719-46bc-b3c6-d3b907e65d43,501a05f7-174e-4a86-8cea-db048be8b646,Hugh McCluggage,DEF,"https://s.afl.com.au/staticfile/AFL%20Tenant/AFL/Players/ChampIDImages/AFL/2026014/1000978.png?im=Scale,width=0.6,height=0.6",2026-02-26 00:25:45.873242+00,6,,,0,1000978,brisbane-lions,Brisbane Lions,"https://s.afl.com.au/staticfile/AFL%20Tenant/AFL/Players/ChampIDImages/AFL/2026014/1000978.png?im=Scale,width=0.6,height=0.6",Hugh McCluggage,Hugh McCluggage,ughcluggage
8165999a-4b58-4bbc-a7d2-ee3dfa438c0a,38694aa4-7f1c-4a5f-b306-d094532ae24a,Ben McKay,MID,"https://s.afl.com.au/staticfile/AFL%20Tenant/AFL/Players/ChampIDImages/AFL/2026014/1002143.png?im=Scale,width=0.6,height=0.6",2026-02-26 00:25:46.196086+00,32,,,0,1002143,essendon-bombers,Essendon Bombers,"https://s.afl.com.au/staticfile/AFL%20Tenant/AFL/Players/ChampIDImages/AFL/2026014/1002143.png?im=Scale,width=0.6,height=0.6",Ben McKay,Ben McKay,encay
818b9cc6-d9f7-4f11-875a-517fcd63a832,8953891c-6af3-4f31-8386-7340f0c27f9c,Daniel Rioli,MID,"https://s.afl.com.au/staticfile/AFL%20Tenant/AFL/Players/ChampIDImages/AFL/2026014/1000981.png?im=Scale,width=0.6,height=0.6",2026-02-26 00:25:45.873242+00,17,,,0,1000981,gold-coast-suns,Gold Coast Suns,"https://s.afl.com.au/staticfile/AFL%20Tenant/AFL/Players/ChampIDImages/AFL/2026014/1000981.png?im=Scale,width=0.6,height=0.6",Daniel Rioli,Daniel Rioli,anielioli
81927912-150c-4cbf-adfd-6458f128d517,0d8207f2-c6ac-43c7-b3b1-154eb1648fe5,Josaia Delana,MID,"https://s.afl.com.au/staticfile/AFL%20Tenant/AFL/Players/ChampIDImages/AFL/2026014/1029030.png?im=Scale,width=0.6,height=0.6",2026-02-26 00:25:45.873242+00,38,,,0,1029030,gws-giants,GWS Giants,"https://s.afl.com.au/staticfile/AFL%20Tenant/AFL/Players/ChampIDImages/AFL/2026014/1029030.png?im=Scale,width=0.6,height=0.6",Josaia Delana,Josaia Delana,osaiaelana
8192e54c-bccf-4143-9bfb-342b38956e55,4a0822e2-ed7a-4fc4-8e70-bd1d1b92d3f8,Jakob Ryan,FWD,"https://s.afl.com.au/staticfile/AFL%20Tenant/AFL/Players/ChampIDImages/AFL/2026014/1020104.png?im=Scale,width=0.6,height=0.6",2026-02-26 00:25:46.196086+00,24,,,0,1020104,collingwood-magpies,Collingwood Magpies,"https://s.afl.com.au/staticfile/AFL%20Tenant/AFL/Players/ChampIDImages/AFL/2026014/1020104.png?im=Scale,width=0.6,height=0.6",Jakob Ryan,Jakob Ryan,akobyan
81b16754-d445-4648-a0b4-a33400fc669e,70c32ca0-2bec-4db6-9b70-b8c8327f51c1,Zak Jones,MID,"https://s.afl.com.au/staticfile/AFL%20Tenant/AFL/Players/ChampIDImages/AFL/2026014/991988.png?im=Scale,width=0.6,height=0.6",2026-02-26 00:25:45.873242+00,34,,,0,991988,port-adelaide-power,Port Adelaide Power,"https://s.afl.com.au/staticfile/AFL%20Tenant/AFL/Players/ChampIDImages/AFL/2026014/991988.png?im=Scale,width=0.6,height=0.6",Zak Jones,Zak Jones,akones
824eb64d-8b5d-4c78-83e5-ff366b80a6ee,8953891c-6af3-4f31-8386-7340f0c27f9c,Mac Andrew,DEF,"https://s.afl.com.au/staticfile/AFL%20Tenant/AFL/Players/ChampIDImages/AFL/2026014/1017396.png?im=Scale,width=0.6,height=0.6",2026-02-26 00:25:46.196086+00,1,,,0,1017396,gold-coast-suns,Gold Coast Suns,"https://s.afl.com.au/staticfile/AFL%20Tenant/AFL/Players/ChampIDImages/AFL/2026014/1017396.png?im=Scale,width=0.6,height=0.6",Mac Andrew,Mac Andrew,acndrew
8295780e-11e1-49f5-93a3-6532afeb875e,6e06405b-7cff-4d56-b852-48cc980c21bb,Josh Smillie,MID,"https://s.afl.com.au/staticfile/AFL%20Tenant/AFL/Players/ChampIDImages/AFL/2026014/1028572.png?im=Scale,width=0.6,height=0.6",2026-02-26 00:25:45.873242+00,16,,,0,1028572,richmond-tigers,Richmond Tigers,"https://s.afl.com.au/staticfile/AFL%20Tenant/AFL/Players/ChampIDImages/AFL/2026014/1028572.png?im=Scale,width=0.6,height=0.6",Josh Smillie,Josh Smillie,oshmillie
83168787-f423-4fc8-b9f6-8b882af3495a,5a697f25-65ef-4a40-9446-c813bbd624dc,Justin McInerney,FWD,"https://s.afl.com.au/staticfile/AFL%20Tenant/AFL/Players/ChampIDImages/AFL/2026014/1011936.png?im=Scale,width=0.6,height=0.6",2026-02-26 00:25:45.873242+00,27,,,0,1011936,sydney-swans,Sydney Swans,"https://s.afl.com.au/staticfile/AFL%20Tenant/AFL/Players/ChampIDImages/AFL/2026014/1011936.png?im=Scale,width=0.6,height=0.6",Justin McInerney,Justin McInerney,ustincnerney
83b9f80f-e1a5-450e-997a-920cabf4071c,5a697f25-65ef-4a40-9446-c813bbd624dc,James Rowbottom,DEF,"https://s.afl.com.au/staticfile/AFL%20Tenant/AFL/Players/ChampIDImages/AFL/2026014/1006126.png?im=Scale,width=0.6,height=0.6",2026-02-26 00:25:45.873242+00,8,,,0,1006126,sydney-swans,Sydney Swans,"https://s.afl.com.au/staticfile/AFL%20Tenant/AFL/Players/ChampIDImages/AFL/2026014/1006126.png?im=Scale,width=0.6,height=0.6",James Rowbottom,James Rowbottom,amesowbottom
83ba2a58-dfba-4755-a657-7d517ad50e2b,f70ca36c-612b-439f-850f-4a31fd2df499,Hudson O'Keeffe,MID,"https://s.afl.com.au/staticfile/AFL%20Tenant/AFL/Players/ChampIDImages/AFL/2026014/1023489.png?im=Scale,width=0.6,height=0.6",2026-02-26 00:25:45.873242+00,40,,,0,1023489,carlton-blues,Carlton Blues,"https://s.afl.com.au/staticfile/AFL%20Tenant/AFL/Players/ChampIDImages/AFL/2026014/1023489.png?im=Scale,width=0.6,height=0.6",Hudson O'Keeffe,Hudson O'Keeffe,udsoneeffe
84915a97-407b-4d45-9bfe-8ed20b03286f,5a697f25-65ef-4a40-9446-c813bbd624dc,Jesse Dattoli,MID,"https://s.afl.com.au/staticfile/AFL%20Tenant/AFL/Players/ChampIDImages/AFL/2026014/1029589.png?im=Scale,width=0.6,height=0.6",2026-02-26 00:25:46.196086+00,9,,,0,1029589,sydney-swans,Sydney Swans,"https://s.afl.com.au/staticfile/AFL%20Tenant/AFL/Players/ChampIDImages/AFL/2026014/1029589.png?im=Scale,width=0.6,height=0.6",Jesse Dattoli,Jesse Dattoli,esseattoli
84d745fb-5496-47fa-84c7-6d9c0d28bdb0,7fddbede-9cbf-4436-9845-1db1739b2476,Jobe Shanahan,MID,"https://s.afl.com.au/staticfile/AFL%20Tenant/AFL/Players/ChampIDImages/AFL/2026014/1031913.png?im=Scale,width=0.6,height=0.6",2026-02-26 00:25:46.196086+00,35,,,0,1031913,west-coast-eagles,West Coast Eagles,"https://s.afl.com.au/staticfile/AFL%20Tenant/AFL/Players/ChampIDImages/AFL/2026014/1031913.png?im=Scale,width=0.6,height=0.6",Jobe Shanahan,Jobe Shanahan,obehanahan
84e256ca-64fb-4347-8d27-733757df26dc,914ab50f-d78d-4a28-aaef-6e4db1410600,Dan Butler,MID,"https://s.afl.com.au/staticfile/AFL%20Tenant/AFL/Players/ChampIDImages/AFL/2026014/992374.png?im=Scale,width=0.6,height=0.6",2026-02-26 00:25:46.196086+00,16,,,0,992374,st-kilda-saints,St Kilda Saints,"https://s.afl.com.au/staticfile/AFL%20Tenant/AFL/Players/ChampIDImages/AFL/2026014/992374.png?im=Scale,width=0.6,height=0.6",Dan Butler,Dan Butler,anutler
84f90c73-4271-48d7-84ea-2d518bc55c9b,501a05f7-174e-4a86-8cea-db048be8b646,Tom Doedee,MID,"https://s.afl.com.au/staticfile/AFL%20Tenant/AFL/Players/ChampIDImages/AFL/2026014/1000932.png?im=Scale,width=0.6,height=0.6",2026-02-26 00:25:45.873242+00,12,,,0,1000932,brisbane-lions,Brisbane Lions,"https://s.afl.com.au/staticfile/AFL%20Tenant/AFL/Players/ChampIDImages/AFL/2026014/1000932.png?im=Scale,width=0.6,height=0.6",Tom Doedee,Tom Doedee,omoedee
850e3562-af0e-4c00-a011-17da390f59ba,7fddbede-9cbf-4436-9845-1db1739b2476,Jamie Cripps,MID,"https://s.afl.com.au/staticfile/AFL%20Tenant/AFL/Players/ChampIDImages/AFL/2026014/290826.png?im=Scale,width=0.6,height=0.6",2026-02-26 00:25:45.873242+00,15,,,0,290826,west-coast-eagles,West Coast Eagles,"https://s.afl.com.au/staticfile/AFL%20Tenant/AFL/Players/ChampIDImages/AFL/2026014/290826.png?im=Scale,width=0.6,height=0.6",Jamie Cripps,Jamie Cripps,amieripps
853a045e-590e-4fb1-ada8-a327873df2d8,914ab50f-d78d-4a28-aaef-6e4db1410600,Callum Wilkie,MID,"https://s.afl.com.au/staticfile/AFL%20Tenant/AFL/Players/ChampIDImages/AFL/2026014/296422.png?im=Scale,width=0.6,height=0.6",2026-02-26 00:25:45.873242+00,44,,,0,296422,st-kilda-saints,St Kilda Saints,"https://s.afl.com.au/staticfile/AFL%20Tenant/AFL/Players/ChampIDImages/AFL/2026014/296422.png?im=Scale,width=0.6,height=0.6",Callum Wilkie,Callum Wilkie,allumilkie
858aa1b4-3799-47f7-8aa9-233dc5c2256c,85de4282-cc6a-4db6-b4f6-8520b69c38de,Jack Darling,FWD,"https://s.afl.com.au/staticfile/AFL%20Tenant/AFL/Players/ChampIDImages/AFL/2026014/290838.png?im=Scale,width=0.6,height=0.6",2026-02-26 00:25:45.873242+00,27,,,0,290838,north-melbourne-kangaroos,North Melbourne Kangaroos,"https://s.afl.com.au/staticfile/AFL%20Tenant/AFL/Players/ChampIDImages/AFL/2026014/290838.png?im=Scale,width=0.6,height=0.6",Jack Darling,Jack Darling,ackarling
8593f2c1-1e33-4912-9f6b-ecdbe0b2205b,,Willie Rioli,,"https://s.afl.com.au/staticfile/AFL%20Tenant/AFL/Players/ChampIDImages/AFL/2026014/296225.png?im=Scale,width=0.6,height=0.6",2026-02-26 00:25:46.196086+00,,,,0,296225,,,"https://s.afl.com.au/staticfile/AFL%20Tenant/AFL/Players/ChampIDImages/AFL/2026014/296225.png?im=Scale,width=0.6,height=0.6",Willie Rioli,Willie Rioli,illieioli
8605988b-86d1-498e-b474-062be1d25aff,914ab50f-d78d-4a28-aaef-6e4db1410600,Anthony Caminiti,MID,"https://s.afl.com.au/staticfile/AFL%20Tenant/AFL/Players/ChampIDImages/AFL/2026014/1023784.png?im=Scale,width=0.6,height=0.6",2026-02-26 00:25:46.196086+00,47,,,0,1023784,st-kilda-saints,St Kilda Saints,"https://s.afl.com.au/staticfile/AFL%20Tenant/AFL/Players/ChampIDImages/AFL/2026014/1023784.png?im=Scale,width=0.6,height=0.6",Anthony Caminiti,Anthony Caminiti,nthonyaminiti
86165615-cbf7-40ea-9405-949f9cd0fad5,,Brynn Teakle,,"https://s.afl.com.au/staticfile/AFL%20Tenant/AFL/Players/ChampIDImages/AFL/2026014/1007591.png?im=Scale,width=0.6,height=0.6",2026-02-26 00:25:46.196086+00,,,,0,1007591,,,"https://s.afl.com.au/staticfile/AFL%20Tenant/AFL/Players/ChampIDImages/AFL/2026014/1007591.png?im=Scale,width=0.6,height=0.6",Brynn Teakle,Brynn Teakle,rynneakle
8704c331-65ac-4efc-8029-8fd9aba86bdd,85de4282-cc6a-4db6-b4f6-8520b69c38de,Finn O'Sullivan,DEF,"https://s.afl.com.au/staticfile/AFL%20Tenant/AFL/Players/ChampIDImages/AFL/2026014/1028495.png?im=Scale,width=0.6,height=0.6",2026-02-26 00:25:45.873242+00,2,,,0,1028495,north-melbourne-kangaroos,North Melbourne Kangaroos,"https://s.afl.com.au/staticfile/AFL%20Tenant/AFL/Players/ChampIDImages/AFL/2026014/1028495.png?im=Scale,width=0.6,height=0.6",Finn O'Sullivan,Finn O'Sullivan,innullivan
877f7971-ee07-4ed8-a5d7-7b2f13702495,0a73bf79-7321-4fd5-8b67-90fffabdcf01,Jeremy Sharp,MID,"https://s.afl.com.au/staticfile/AFL%20Tenant/AFL/Players/ChampIDImages/AFL/2026014/1009380.png?im=Scale,width=0.6,height=0.6",2026-02-26 00:25:45.873242+00,14,,,0,1009380,fremantle-dockers,Fremantle Dockers,"https://s.afl.com.au/staticfile/AFL%20Tenant/AFL/Players/ChampIDImages/AFL/2026014/1009380.png?im=Scale,width=0.6,height=0.6",Jeremy Sharp,Jeremy Sharp,eremyharp
8803ad75-fa59-4d94-9d02-9e1be7ac4b2c,,Aaron Francis,,"https://s.afl.com.au/staticfile/AFL%20Tenant/AFL/Players/ChampIDImages/AFL/2026014/990816.png?im=Scale,width=0.6,height=0.6",2026-02-26 00:25:46.196086+00,,,,0,990816,,,"https://s.afl.com.au/staticfile/AFL%20Tenant/AFL/Players/ChampIDImages/AFL/2026014/990816.png?im=Scale,width=0.6,height=0.6",Aaron Francis,Aaron Francis,aronrancis
88120dc4-f015-44aa-9d3b-0ecb242269c4,f70ca36c-612b-439f-850f-4a31fd2df499,Marc Pittonet,FWD,"https://s.afl.com.au/staticfile/AFL%20Tenant/AFL/Players/ChampIDImages/AFL/2026014/298290.png?im=Scale,width=0.6,height=0.6",2026-02-26 00:25:45.873242+00,27,,,0,298290,carlton-blues,Carlton Blues,"https://s.afl.com.au/staticfile/AFL%20Tenant/AFL/Players/ChampIDImages/AFL/2026014/298290.png?im=Scale,width=0.6,height=0.6",Marc Pittonet,Marc Pittonet,arcittonet
884fa8b9-7ca0-4b3f-ba77-24019252a392,6689e156-49a9-4066-a22e-259375fa9b04,Connor O'Sullivan,MID,"https://s.afl.com.au/staticfile/AFL%20Tenant/AFL/Players/ChampIDImages/AFL/2026014/1027877.png?im=Scale,width=0.6,height=0.6",2026-02-26 00:25:46.196086+00,14,,,0,1027877,geelong-cats,Geelong Cats,"https://s.afl.com.au/staticfile/AFL%20Tenant/AFL/Players/ChampIDImages/AFL/2026014/1027877.png?im=Scale,width=0.6,height=0.6",Connor O'Sullivan,Connor O'Sullivan,onnorullivan
88b1e4d0-e8e2-42f4-9f65-66575cdc9d83,8953891c-6af3-4f31-8386-7340f0c27f9c,Jake Rogers,FWD,"https://s.afl.com.au/staticfile/AFL%20Tenant/AFL/Players/ChampIDImages/AFL/2026014/1018123.png?im=Scale,width=0.6,height=0.6",2026-02-26 00:25:46.196086+00,29,,,0,1018123,gold-coast-suns,Gold Coast Suns,"https://s.afl.com.au/staticfile/AFL%20Tenant/AFL/Players/ChampIDImages/AFL/2026014/1018123.png?im=Scale,width=0.6,height=0.6",Jake Rogers,Jake Rogers,akeogers
892eaee2-25c3-488a-9b45-784ce8a2aae0,7fddbede-9cbf-4436-9845-1db1739b2476,Archer Reid,FWD,"https://s.afl.com.au/staticfile/AFL%20Tenant/AFL/Players/ChampIDImages/AFL/2026014/1027693.png?im=Scale,width=0.6,height=0.6",2026-02-26 00:25:46.196086+00,22,,,0,1027693,west-coast-eagles,West Coast Eagles,"https://s.afl.com.au/staticfile/AFL%20Tenant/AFL/Players/ChampIDImages/AFL/2026014/1027693.png?im=Scale,width=0.6,height=0.6",Archer Reid,Archer Reid,rchereid
8988be00-3748-4d8c-bff2-6338d8fb926d,501a05f7-174e-4a86-8cea-db048be8b646,Luke Lloyd,FWD,"https://s.afl.com.au/staticfile/AFL%20Tenant/AFL/Players/ChampIDImages/AFL/2026014/1027985.png?im=Scale,width=0.6,height=0.6",2026-02-26 00:25:46.196086+00,19,,,0,1027985,brisbane-lions,Brisbane Lions,"https://s.afl.com.au/staticfile/AFL%20Tenant/AFL/Players/ChampIDImages/AFL/2026014/1027985.png?im=Scale,width=0.6,height=0.6",Luke Lloyd,Luke Lloyd,ukeloyd
89a4089f-0994-4447-b156-0ec3c8ce2dd3,85de4282-cc6a-4db6-b4f6-8520b69c38de,Charlie Comben,RUCK,"https://s.afl.com.au/staticfile/AFL%20Tenant/AFL/Players/ChampIDImages/AFL/2026014/1015781.png?im=Scale,width=0.6,height=0.6",2026-02-26 00:25:45.873242+00,30,,,0,1015781,north-melbourne-kangaroos,North Melbourne Kangaroos,"https://s.afl.com.au/staticfile/AFL%20Tenant/AFL/Players/ChampIDImages/AFL/2026014/1015781.png?im=Scale,width=0.6,height=0.6",Charlie Comben,Charlie Comben,harlieomben
89b28316-e494-411b-ba42-87555c7e33b5,7fddbede-9cbf-4436-9845-1db1739b2476,Sandy Brock,MID,"https://s.afl.com.au/staticfile/AFL%20Tenant/AFL/Players/ChampIDImages/AFL/2026014/1013315.png?im=Scale,width=0.6,height=0.6",2026-02-26 00:25:46.196086+00,41,,,0,1013315,west-coast-eagles,West Coast Eagles,"https://s.afl.com.au/staticfile/AFL%20Tenant/AFL/Players/ChampIDImages/AFL/2026014/1013315.png?im=Scale,width=0.6,height=0.6",Sandy Brock,Sandy Brock,andyrock
8a8a40e1-d34e-4301-9a27-97a934128192,38694aa4-7f1c-4a5f-b306-d094532ae24a,Zach Reid,MID,"https://s.afl.com.au/staticfile/AFL%20Tenant/AFL/Players/ChampIDImages/AFL/2026014/1012817.png?im=Scale,width=0.6,height=0.6",2026-02-26 00:25:46.196086+00,31,,,0,1012817,essendon-bombers,Essendon Bombers,"https://s.afl.com.au/staticfile/AFL%20Tenant/AFL/Players/ChampIDImages/AFL/2026014/1012817.png?im=Scale,width=0.6,height=0.6",Zach Reid,Zach Reid,acheid
8ac44e58-b1c4-48c4-a194-9e0b30ffd7f2,82880eac-b132-4b23-93d7-0ec25ff0a023,Tom McDonald,FWD,"https://s.afl.com.au/staticfile/AFL%20Tenant/AFL/Players/ChampIDImages/AFL/2026014/291533.png?im=Scale,width=0.6,height=0.6",2026-02-26 00:25:45.873242+00,25,,,0,291533,melbourne-demons,Melbourne Demons,"https://s.afl.com.au/staticfile/AFL%20Tenant/AFL/Players/ChampIDImages/AFL/2026014/291533.png?im=Scale,width=0.6,height=0.6",Tom McDonald,Tom McDonald,omconald
8b0c00d4-eae9-4d34-b3cb-eeb12234271d,4a0822e2-ed7a-4fc4-8e70-bd1d1b92d3f8,William Hayes,MID,"https://s.afl.com.au/staticfile/AFL%20Tenant/AFL/Players/ChampIDImages/AFL/2026014/1032922.png?im=Scale,width=0.6,height=0.6",2026-02-26 00:25:46.196086+00,39,,,0,1032922,collingwood-magpies,Collingwood Magpies,"https://s.afl.com.au/staticfile/AFL%20Tenant/AFL/Players/ChampIDImages/AFL/2026014/1032922.png?im=Scale,width=0.6,height=0.6",William Hayes,William Hayes,illiamayes
8ba16e02-ba37-450d-9389-6d4f4b810ba9,,Mate Colina,,"https://s.afl.com.au/staticfile/AFL%20Tenant/AFL/Players/ChampIDImages/AFL/2026014/1021660.png?im=Scale,width=0.6,height=0.6",2026-02-26 00:25:45.873242+00,,,,0,1021660,,,"https://s.afl.com.au/staticfile/AFL%20Tenant/AFL/Players/ChampIDImages/AFL/2026014/1021660.png?im=Scale,width=0.6,height=0.6",Mate Colina,Mate Colina,ateolina
8be7dd81-d160-463e-aaea-f5eda01ba9a8,7fddbede-9cbf-4436-9845-1db1739b2476,Deven Robertson,MID,"https://s.afl.com.au/staticfile/AFL%20Tenant/AFL/Players/ChampIDImages/AFL/2026014/1009385.png?im=Scale,width=0.6,height=0.6",2026-02-26 00:25:46.196086+00,40,,,0,1009385,west-coast-eagles,West Coast Eagles,"https://s.afl.com.au/staticfile/AFL%20Tenant/AFL/Players/ChampIDImages/AFL/2026014/1009385.png?im=Scale,width=0.6,height=0.6",Deven Robertson,Deven Robertson,evenobertson
8c6940f1-a851-40aa-abcf-6f6d9033fed6,501a05f7-174e-4a86-8cea-db048be8b646,Darcy Gardiner,FWD,"https://s.afl.com.au/staticfile/AFL%20Tenant/AFL/Players/ChampIDImages/AFL/2026014/296269.png?im=Scale,width=0.6,height=0.6",2026-02-26 00:25:46.196086+00,27,,,0,296269,brisbane-lions,Brisbane Lions,"https://s.afl.com.au/staticfile/AFL%20Tenant/AFL/Players/ChampIDImages/AFL/2026014/296269.png?im=Scale,width=0.6,height=0.6",Darcy Gardiner,Darcy Gardiner,arcyardiner
8c964036-e831-4b9d-8f4c-081221dde870,f70ca36c-612b-439f-850f-4a31fd2df499,Jordan Boyd,MID,"https://s.afl.com.au/staticfile/AFL%20Tenant/AFL/Players/ChampIDImages/AFL/2026014/1002795.png?im=Scale,width=0.6,height=0.6",2026-02-26 00:25:45.873242+00,37,,,0,1002795,carlton-blues,Carlton Blues,"https://s.afl.com.au/staticfile/AFL%20Tenant/AFL/Players/ChampIDImages/AFL/2026014/1002795.png?im=Scale,width=0.6,height=0.6",Jordan Boyd,Jordan Boyd,ordanoyd
8d0a1d5f-25ed-4809-8969-6dec1d7ef962,6e06405b-7cff-4d56-b852-48cc980c21bb,Nathan Broad,MID,"https://s.afl.com.au/staticfile/AFL%20Tenant/AFL/Players/ChampIDImages/AFL/2026014/295203.png?im=Scale,width=0.6,height=0.6",2026-02-26 00:25:45.873242+00,35,,,0,295203,richmond-tigers,Richmond Tigers,"https://s.afl.com.au/staticfile/AFL%20Tenant/AFL/Players/ChampIDImages/AFL/2026014/295203.png?im=Scale,width=0.6,height=0.6",Nathan Broad,Nathan Broad,athanroad
8df2c38a-90c7-4b93-92d7-6d91845bb514,7fddbede-9cbf-4436-9845-1db1739b2476,Liam Duggan,MID,"https://s.afl.com.au/staticfile/AFL%20Tenant/AFL/Players/ChampIDImages/AFL/2026014/298268.png?im=Scale,width=0.6,height=0.6",2026-02-26 00:25:45.873242+00,14,,,0,298268,west-coast-eagles,West Coast Eagles,"https://s.afl.com.au/staticfile/AFL%20Tenant/AFL/Players/ChampIDImages/AFL/2026014/298268.png?im=Scale,width=0.6,height=0.6",Liam Duggan,Liam Duggan,iamuggan
8e053e1e-c93b-46e4-baac-f5984377ccab,d991371b-e2f7-4c95-ad7c-52ea89b07d7b,Nick Watson,DEF,"https://s.afl.com.au/staticfile/AFL%20Tenant/AFL/Players/ChampIDImages/AFL/2026014/1023473.png?im=Scale,width=0.6,height=0.6",2026-02-26 00:25:45.873242+00,5,,,0,1023473,hawthorn-hawks,Hawthorn Hawks,"https://s.afl.com.au/staticfile/AFL%20Tenant/AFL/Players/ChampIDImages/AFL/2026014/1023473.png?im=Scale,width=0.6,height=0.6",Nick Watson,Nick Watson,ickatson
8e20857d-31ff-4e08-946e-ac7e4795ba14,0ceb3e8b-4504-4ddd-b7c6-e2bf4215eada,Oskar Baker,MID,"https://s.afl.com.au/staticfile/AFL%20Tenant/AFL/Players/ChampIDImages/AFL/2026014/1008855.png?im=Scale,width=0.6,height=0.6",2026-02-26 00:25:45.873242+00,13,,,0,1008855,western-bulldogs,Western Bulldogs,"https://s.afl.com.au/staticfile/AFL%20Tenant/AFL/Players/ChampIDImages/AFL/2026014/1008855.png?im=Scale,width=0.6,height=0.6",Oskar Baker,Oskar Baker,skaraker
8f270268-0d90-4b73-a3bf-97ff30653825,0d8207f2-c6ac-43c7-b3b1-154eb1648fe5,Nicholas Madden,MID,"https://s.afl.com.au/staticfile/AFL%20Tenant/AFL/Players/ChampIDImages/AFL/2026014/1023743.png?im=Scale,width=0.6,height=0.6",2026-02-26 00:25:45.873242+00,41,,,0,1023743,gws-giants,GWS Giants,"https://s.afl.com.au/staticfile/AFL%20Tenant/AFL/Players/ChampIDImages/AFL/2026014/1023743.png?im=Scale,width=0.6,height=0.6",Nicholas Madden,Nicholas Madden,icholasadden
8f8501ef-d279-4656-bf00-0b823ac17f38,85de4282-cc6a-4db6-b4f6-8520b69c38de,Zane Duursma,DEF,"https://s.afl.com.au/staticfile/AFL%20Tenant/AFL/Players/ChampIDImages/AFL/2026014/1023494.png?im=Scale,width=0.6,height=0.6",2026-02-26 00:25:46.196086+00,7,,,0,1023494,north-melbourne-kangaroos,North Melbourne Kangaroos,"https://s.afl.com.au/staticfile/AFL%20Tenant/AFL/Players/ChampIDImages/AFL/2026014/1023494.png?im=Scale,width=0.6,height=0.6",Zane Duursma,Zane Duursma,aneuursma
8f9df9ac-b72b-43e6-b1d8-e706cdd2a88b,6e06405b-7cff-4d56-b852-48cc980c21bb,Sam Banks,DEF,"https://s.afl.com.au/staticfile/AFL%20Tenant/AFL/Players/ChampIDImages/AFL/2026014/1013197.png?im=Scale,width=0.6,height=0.6",2026-02-26 00:25:45.873242+00,6,,,0,1013197,richmond-tigers,Richmond Tigers,"https://s.afl.com.au/staticfile/AFL%20Tenant/AFL/Players/ChampIDImages/AFL/2026014/1013197.png?im=Scale,width=0.6,height=0.6",Sam Banks,Sam Banks,amanks
9030e225-7d9c-4d25-a58f-710ccd9f0afe,0a73bf79-7321-4fd5-8b67-90fffabdcf01,Sean Darcy,DEF,"https://s.afl.com.au/staticfile/AFL%20Tenant/AFL/Players/ChampIDImages/AFL/2026014/998145.png?im=Scale,width=0.6,height=0.6",2026-02-26 00:25:45.873242+00,4,,,0,998145,fremantle-dockers,Fremantle Dockers,"https://s.afl.com.au/staticfile/AFL%20Tenant/AFL/Players/ChampIDImages/AFL/2026014/998145.png?im=Scale,width=0.6,height=0.6",Sean Darcy,Sean Darcy,eanarcy
90a5a96e-b7fd-431d-9701-9026df572e6e,85de4282-cc6a-4db6-b4f6-8520b69c38de,Callum Coleman-Jones,FWD,"https://s.afl.com.au/staticfile/AFL%20Tenant/AFL/Players/ChampIDImages/AFL/2026014/1000061.png?im=Scale,width=0.6,height=0.6",2026-02-26 00:25:46.196086+00,21,,,0,1000061,north-melbourne-kangaroos,North Melbourne Kangaroos,"https://s.afl.com.au/staticfile/AFL%20Tenant/AFL/Players/ChampIDImages/AFL/2026014/1000061.png?im=Scale,width=0.6,height=0.6",Callum Coleman-Jones,Callum Coleman-Jones,allumolemanones
911d13e1-8824-42b7-b8c7-1e68462eddfd,82880eac-b132-4b23-93d7-0ec25ff0a023,Xavier Lindsay,DEF,"https://s.afl.com.au/staticfile/AFL%20Tenant/AFL/Players/ChampIDImages/AFL/2026014/1028531.png?im=Scale,width=0.6,height=0.6",2026-02-26 00:25:45.873242+00,5,,,0,1028531,melbourne-demons,Melbourne Demons,"https://s.afl.com.au/staticfile/AFL%20Tenant/AFL/Players/ChampIDImages/AFL/2026014/1028531.png?im=Scale,width=0.6,height=0.6",Xavier Lindsay,Xavier Lindsay,avierindsay
911f3a3a-6027-47b0-8408-71bc79cb0847,501a05f7-174e-4a86-8cea-db048be8b646,Josh Dunkley,DEF,"https://s.afl.com.au/staticfile/AFL%20Tenant/AFL/Players/ChampIDImages/AFL/2026014/993834.png?im=Scale,width=0.6,height=0.6",2026-02-26 00:25:45.873242+00,5,,,0,993834,brisbane-lions,Brisbane Lions,"https://s.afl.com.au/staticfile/AFL%20Tenant/AFL/Players/ChampIDImages/AFL/2026014/993834.png?im=Scale,width=0.6,height=0.6",Josh Dunkley,Josh Dunkley,oshunkley
91485363-7d5d-4ad4-83de-8a50bcff222a,6689e156-49a9-4066-a22e-259375fa9b04,Brad Close,MID,"https://s.afl.com.au/staticfile/AFL%20Tenant/AFL/Players/ChampIDImages/AFL/2026014/999326.png?im=Scale,width=0.6,height=0.6",2026-02-26 00:25:45.873242+00,45,,,0,999326,geelong-cats,Geelong Cats,"https://s.afl.com.au/staticfile/AFL%20Tenant/AFL/Players/ChampIDImages/AFL/2026014/999326.png?im=Scale,width=0.6,height=0.6",Brad Close,Brad Close,radlose
9178752b-d4c2-40ec-8fb4-696fe44e7b1a,85de4282-cc6a-4db6-b4f6-8520b69c38de,Zac Fisher,MID,"https://s.afl.com.au/staticfile/AFL%20Tenant/AFL/Players/ChampIDImages/AFL/2026014/999827.png?im=Scale,width=0.6,height=0.6",2026-02-26 00:25:45.873242+00,16,,,0,999827,north-melbourne-kangaroos,North Melbourne Kangaroos,"https://s.afl.com.au/staticfile/AFL%20Tenant/AFL/Players/ChampIDImages/AFL/2026014/999827.png?im=Scale,width=0.6,height=0.6",Zac Fisher,Zac Fisher,acisher
91996dbc-e3a1-4065-949a-dbbf9ae84875,5a697f25-65ef-4a40-9446-c813bbd624dc,Joel Amartey,MID,"https://s.afl.com.au/staticfile/AFL%20Tenant/AFL/Players/ChampIDImages/AFL/2026014/1008091.png?im=Scale,width=0.6,height=0.6",2026-02-26 00:25:46.196086+00,36,,,0,1008091,sydney-swans,Sydney Swans,"https://s.afl.com.au/staticfile/AFL%20Tenant/AFL/Players/ChampIDImages/AFL/2026014/1008091.png?im=Scale,width=0.6,height=0.6",Joel Amartey,Joel Amartey,oelmartey
93c5d6e8-540f-40b1-b9ec-48507901a344,0a73bf79-7321-4fd5-8b67-90fffabdcf01,Isaiah Dudley,MID,"https://s.afl.com.au/staticfile/AFL%20Tenant/AFL/Players/ChampIDImages/AFL/2026014/1011558.png?im=Scale,width=0.6,height=0.6",2026-02-26 00:25:46.196086+00,43,,,0,1011558,fremantle-dockers,Fremantle Dockers,"https://s.afl.com.au/staticfile/AFL%20Tenant/AFL/Players/ChampIDImages/AFL/2026014/1011558.png?im=Scale,width=0.6,height=0.6",Isaiah Dudley,Isaiah Dudley,saiahudley
956329fc-ec01-41c8-ad88-906ce923c60c,,Wade Derksen,,"https://s.afl.com.au/staticfile/AFL%20Tenant/AFL/Players/ChampIDImages/AFL/2026014/1016140.png?im=Scale,width=0.6,height=0.6",2026-02-26 00:25:46.196086+00,,,,0,1016140,,,"https://s.afl.com.au/staticfile/AFL%20Tenant/AFL/Players/ChampIDImages/AFL/2026014/1016140.png?im=Scale,width=0.6,height=0.6",Wade Derksen,Wade Derksen,adeerksen
96079b52-933e-4cdc-a3af-d62999cdb6bd,0ceb3e8b-4504-4ddd-b7c6-e2bf4215eada,Laitham Vandermeer,FWD,"https://s.afl.com.au/staticfile/AFL%20Tenant/AFL/Players/ChampIDImages/AFL/2026014/1005000.png?im=Scale,width=0.6,height=0.6",2026-02-26 00:25:46.196086+00,23,,,0,1005000,western-bulldogs,Western Bulldogs,"https://s.afl.com.au/staticfile/AFL%20Tenant/AFL/Players/ChampIDImages/AFL/2026014/1005000.png?im=Scale,width=0.6,height=0.6",Laitham Vandermeer,Laitham Vandermeer,aithamandermeer
963cd0ee-5dbf-4817-bce9-20d7d70d773b,501a05f7-174e-4a86-8cea-db048be8b646,Logan Morris,MID,"https://s.afl.com.au/staticfile/AFL%20Tenant/AFL/Players/ChampIDImages/AFL/2026014/1028019.png?im=Scale,width=0.6,height=0.6",2026-02-26 00:25:46.196086+00,13,,,0,1028019,brisbane-lions,Brisbane Lions,"https://s.afl.com.au/staticfile/AFL%20Tenant/AFL/Players/ChampIDImages/AFL/2026014/1028019.png?im=Scale,width=0.6,height=0.6",Logan Morris,Logan Morris,oganorris
97573253-2f8e-4b04-9cae-ef9ff898c040,7fddbede-9cbf-4436-9845-1db1739b2476,Tim Kelly,MID,"https://s.afl.com.au/staticfile/AFL%20Tenant/AFL/Players/ChampIDImages/AFL/2026014/295898.png?im=Scale,width=0.6,height=0.6",2026-02-26 00:25:45.873242+00,11,,,0,295898,west-coast-eagles,West Coast Eagles,"https://s.afl.com.au/staticfile/AFL%20Tenant/AFL/Players/ChampIDImages/AFL/2026014/295898.png?im=Scale,width=0.6,height=0.6",Tim Kelly,Tim Kelly,imelly
97828282-40ad-4c4f-ab5a-086df18d9d3f,7fddbede-9cbf-4436-9845-1db1739b2476,Tom Gross,FWD,"https://s.afl.com.au/staticfile/AFL%20Tenant/AFL/Players/ChampIDImages/AFL/2026014/1028561.png?im=Scale,width=0.6,height=0.6",2026-02-26 00:25:46.196086+00,27,,,0,1028561,west-coast-eagles,West Coast Eagles,"https://s.afl.com.au/staticfile/AFL%20Tenant/AFL/Players/ChampIDImages/AFL/2026014/1028561.png?im=Scale,width=0.6,height=0.6",Tom Gross,Tom Gross,omross
979cd3a3-11aa-4d85-a7a5-4de00ef6bf5a,82880eac-b132-4b23-93d7-0ec25ff0a023,Harvey Langford,DEF,"https://s.afl.com.au/staticfile/AFL%20Tenant/AFL/Players/ChampIDImages/AFL/2026014/1028546.png?im=Scale,width=0.6,height=0.6",2026-02-26 00:25:45.873242+00,4,,,0,1028546,melbourne-demons,Melbourne Demons,"https://s.afl.com.au/staticfile/AFL%20Tenant/AFL/Players/ChampIDImages/AFL/2026014/1028546.png?im=Scale,width=0.6,height=0.6",Harvey Langford,Harvey Langford,arveyangford
97cee753-bd96-469a-8400-d5d8baff7de2,,Matt Crouch,,"https://s.afl.com.au/staticfile/AFL%20Tenant/AFL/Players/ChampIDImages/AFL/2026014/297401.png?im=Scale,width=0.6,height=0.6",2026-02-26 00:25:45.873242+00,,,,0,297401,,,"https://s.afl.com.au/staticfile/AFL%20Tenant/AFL/Players/ChampIDImages/AFL/2026014/297401.png?im=Scale,width=0.6,height=0.6",Matt Crouch,Matt Crouch,attrouch
98146d56-6c7f-4fd0-be43-a8f39d1f9e36,,Angus McLennan,,"https://s.afl.com.au/staticfile/AFL%20Tenant/AFL/Players/ChampIDImages/AFL/2026014/1017077.png?im=Scale,width=0.6,height=0.6",2026-02-26 00:25:45.873242+00,,,,0,1017077,,,"https://s.afl.com.au/staticfile/AFL%20Tenant/AFL/Players/ChampIDImages/AFL/2026014/1017077.png?im=Scale,width=0.6,height=0.6",Angus McLennan,Angus McLennan,nguscennan
984738d3-cf56-4657-bd68-57b78eaa1eea,6e06405b-7cff-4d56-b852-48cc980c21bb,Jonty Faull,DEF,"https://s.afl.com.au/staticfile/AFL%20Tenant/AFL/Players/ChampIDImages/AFL/2026014/1028498.png?im=Scale,width=0.6,height=0.6",2026-02-26 00:25:46.196086+00,8,,,0,1028498,richmond-tigers,Richmond Tigers,"https://s.afl.com.au/staticfile/AFL%20Tenant/AFL/Players/ChampIDImages/AFL/2026014/1028498.png?im=Scale,width=0.6,height=0.6",Jonty Faull,Jonty Faull,ontyaull
9859bc84-79c9-4680-9a5d-c050e3eabeb3,d991371b-e2f7-4c95-ad7c-52ea89b07d7b,Karl Amon,MID,"https://s.afl.com.au/staticfile/AFL%20Tenant/AFL/Players/ChampIDImages/AFL/2026014/297354.png?im=Scale,width=0.6,height=0.6",2026-02-26 00:25:45.873242+00,10,,,0,297354,hawthorn-hawks,Hawthorn Hawks,"https://s.afl.com.au/staticfile/AFL%20Tenant/AFL/Players/ChampIDImages/AFL/2026014/297354.png?im=Scale,width=0.6,height=0.6",Karl Amon,Karl Amon,arlmon
995ef352-6786-4f8e-912e-65c3e7a6d177,d991371b-e2f7-4c95-ad7c-52ea89b07d7b,Ned Reeves,DEF,"https://s.afl.com.au/staticfile/AFL%20Tenant/AFL/Players/ChampIDImages/AFL/2026014/1001024.png?im=Scale,width=0.6,height=0.6",2026-02-26 00:25:45.873242+00,7,,,0,1001024,hawthorn-hawks,Hawthorn Hawks,"https://s.afl.com.au/staticfile/AFL%20Tenant/AFL/Players/ChampIDImages/AFL/2026014/1001024.png?im=Scale,width=0.6,height=0.6",Ned Reeves,Ned Reeves,edeeves
99996086-7711-4a60-ba45-ba8c0a257247,,Tom Mitchell,,"https://s.afl.com.au/staticfile/AFL%20Tenant/AFL/Players/ChampIDImages/AFL/2026014/291856.png?im=Scale,width=0.6,height=0.6",2026-02-26 00:25:45.873242+00,,,,0,291856,,,"https://s.afl.com.au/staticfile/AFL%20Tenant/AFL/Players/ChampIDImages/AFL/2026014/291856.png?im=Scale,width=0.6,height=0.6",Tom Mitchell,Tom Mitchell,omitchell
9a2a47fe-b6ad-40b2-9a44-176f85365580,914ab50f-d78d-4a28-aaef-6e4db1410600,Jack Carroll,MID,"https://s.afl.com.au/staticfile/AFL%20Tenant/AFL/Players/ChampIDImages/AFL/2026014/1013233.png?im=Scale,width=0.6,height=0.6",2026-02-26 00:25:45.873242+00,18,,,0,1013233,st-kilda-saints,St Kilda Saints,"https://s.afl.com.au/staticfile/AFL%20Tenant/AFL/Players/ChampIDImages/AFL/2026014/1013233.png?im=Scale,width=0.6,height=0.6",Jack Carroll,Jack Carroll,ackarroll
9a43f6b9-22d7-488b-b318-bf589da959cc,7fddbede-9cbf-4436-9845-1db1739b2476,Harry Edwards,MID,"https://s.afl.com.au/staticfile/AFL%20Tenant/AFL/Players/ChampIDImages/AFL/2026014/1011437.png?im=Scale,width=0.6,height=0.6",2026-02-26 00:25:46.196086+00,42,,,0,1011437,west-coast-eagles,West Coast Eagles,"https://s.afl.com.au/staticfile/AFL%20Tenant/AFL/Players/ChampIDImages/AFL/2026014/1011437.png?im=Scale,width=0.6,height=0.6",Harry Edwards,Harry Edwards,arrydwards
9aaac1db-40bd-4822-bfe9-f4aad1da054a,85de4282-cc6a-4db6-b4f6-8520b69c38de,Cameron Zurhaar,MID,"https://s.afl.com.au/staticfile/AFL%20Tenant/AFL/Players/ChampIDImages/AFL/2026014/998484.png?im=Scale,width=0.6,height=0.6",2026-02-26 00:25:45.873242+00,44,,,0,998484,north-melbourne-kangaroos,North Melbourne Kangaroos,"https://s.afl.com.au/staticfile/AFL%20Tenant/AFL/Players/ChampIDImages/AFL/2026014/998484.png?im=Scale,width=0.6,height=0.6",Cameron Zurhaar,Cameron Zurhaar,ameronurhaar
9ae9f084-eb5f-4300-aab8-36eb4ee99b5a,f70ca36c-612b-439f-850f-4a31fd2df499,Lachlan Cowan,DEF,"https://s.afl.com.au/staticfile/AFL%20Tenant/AFL/Players/ChampIDImages/AFL/2026014/1021353.png?im=Scale,width=0.6,height=0.6",2026-02-26 00:25:45.873242+00,2,,,0,1021353,carlton-blues,Carlton Blues,"https://s.afl.com.au/staticfile/AFL%20Tenant/AFL/Players/ChampIDImages/AFL/2026014/1021353.png?im=Scale,width=0.6,height=0.6",Lachlan Cowan,Lachlan Cowan,achlanowan
9b55b5d7-2f42-4157-81cd-140ce56839f4,501a05f7-174e-4a86-8cea-db048be8b646,Jaspa Fletcher,DEF,"https://s.afl.com.au/staticfile/AFL%20Tenant/AFL/Players/ChampIDImages/AFL/2026014/1023708.png?im=Scale,width=0.6,height=0.6",2026-02-26 00:25:45.873242+00,3,,,0,1023708,brisbane-lions,Brisbane Lions,"https://s.afl.com.au/staticfile/AFL%20Tenant/AFL/Players/ChampIDImages/AFL/2026014/1023708.png?im=Scale,width=0.6,height=0.6",Jaspa Fletcher,Jaspa Fletcher,aspaletcher
9bcea431-83b8-42d6-b21e-d3d0b2083dc6,0a73bf79-7321-4fd5-8b67-90fffabdcf01,Jaren Carr,MID,"https://s.afl.com.au/staticfile/AFL%20Tenant/AFL/Players/ChampIDImages/AFL/2026014/1023047.png?im=Scale,width=0.6,height=0.6",2026-02-26 00:25:46.196086+00,38,,,0,1023047,fremantle-dockers,Fremantle Dockers,"https://s.afl.com.au/staticfile/AFL%20Tenant/AFL/Players/ChampIDImages/AFL/2026014/1023047.png?im=Scale,width=0.6,height=0.6",Jaren Carr,Jaren Carr,arenarr
9d3c85d3-1154-4d96-bf48-798dbfe312c2,,Luke Breust,,"https://s.afl.com.au/staticfile/AFL%20Tenant/AFL/Players/ChampIDImages/AFL/2026014/280744.png?im=Scale,width=0.6,height=0.6",2026-02-26 00:25:45.873242+00,,,,0,280744,,,"https://s.afl.com.au/staticfile/AFL%20Tenant/AFL/Players/ChampIDImages/AFL/2026014/280744.png?im=Scale,width=0.6,height=0.6",Luke Breust,Luke Breust,ukereust
9d3cfd0e-ce19-4579-b2dc-4d25de60ae34,38694aa4-7f1c-4a5f-b306-d094532ae24a,Sam Durham,FWD,"https://s.afl.com.au/staticfile/AFL%20Tenant/AFL/Players/ChampIDImages/AFL/2026014/1015810.png?im=Scale,width=0.6,height=0.6",2026-02-26 00:25:45.873242+00,22,,,0,1015810,essendon-bombers,Essendon Bombers,"https://s.afl.com.au/staticfile/AFL%20Tenant/AFL/Players/ChampIDImages/AFL/2026014/1015810.png?im=Scale,width=0.6,height=0.6",Sam Durham,Sam Durham,amurham
9da7c063-233a-4733-86e1-f04471d2c732,70c32ca0-2bec-4db6-9b70-b8c8327f51c1,Mitch Georgiades,MID,"https://s.afl.com.au/staticfile/AFL%20Tenant/AFL/Players/ChampIDImages/AFL/2026014/1010174.png?im=Scale,width=0.6,height=0.6",2026-02-26 00:25:45.873242+00,19,,,0,1010174,port-adelaide-power,Port Adelaide Power,"https://s.afl.com.au/staticfile/AFL%20Tenant/AFL/Players/ChampIDImages/AFL/2026014/1010174.png?im=Scale,width=0.6,height=0.6",Mitch Georgiades,Mitch Georgiades,itcheorgiades
9db8afc1-8f59-4bbd-8da6-07b03eda7613,f70ca36c-612b-439f-850f-4a31fd2df499,Will Hayward,MID,"https://s.afl.com.au/staticfile/AFL%20Tenant/AFL/Players/ChampIDImages/AFL/2026014/997100.png?im=Scale,width=0.6,height=0.6",2026-02-26 00:25:45.873242+00,19,,,0,997100,carlton-blues,Carlton Blues,"https://s.afl.com.au/staticfile/AFL%20Tenant/AFL/Players/ChampIDImages/AFL/2026014/997100.png?im=Scale,width=0.6,height=0.6",Will Hayward,Will Hayward,illayward
9e2422a3-5443-4479-9f2f-a94516425410,38694aa4-7f1c-4a5f-b306-d094532ae24a,Nick Bryan,FWD,"https://s.afl.com.au/staticfile/AFL%20Tenant/AFL/Players/ChampIDImages/AFL/2026014/1011954.png?im=Scale,width=0.6,height=0.6",2026-02-26 00:25:45.873242+00,24,,,0,1011954,essendon-bombers,Essendon Bombers,"https://s.afl.com.au/staticfile/AFL%20Tenant/AFL/Players/ChampIDImages/AFL/2026014/1011954.png?im=Scale,width=0.6,height=0.6",Nick Bryan,Nick Bryan,ickryan
9e43d742-6bd4-4807-89ae-9d286cc8011b,38694aa4-7f1c-4a5f-b306-d094532ae24a,Angus Clarke,MID,"https://s.afl.com.au/staticfile/AFL%20Tenant/AFL/Players/ChampIDImages/AFL/2026014/1027284.png?im=Scale,width=0.6,height=0.6",2026-02-26 00:25:46.196086+00,36,,,0,1027284,essendon-bombers,Essendon Bombers,"https://s.afl.com.au/staticfile/AFL%20Tenant/AFL/Players/ChampIDImages/AFL/2026014/1027284.png?im=Scale,width=0.6,height=0.6",Angus Clarke,Angus Clarke,nguslarke
9e95fedf-140b-4b33-8947-395893576374,0a73bf79-7321-4fd5-8b67-90fffabdcf01,Hugh Davies,MID,"https://s.afl.com.au/staticfile/AFL%20Tenant/AFL/Players/ChampIDImages/AFL/2026014/1022927.png?im=Scale,width=0.6,height=0.6",2026-02-26 00:25:46.196086+00,12,,,0,1022927,fremantle-dockers,Fremantle Dockers,"https://s.afl.com.au/staticfile/AFL%20Tenant/AFL/Players/ChampIDImages/AFL/2026014/1022927.png?im=Scale,width=0.6,height=0.6",Hugh Davies,Hugh Davies,ughavies
9ea6f3ea-9029-4c6c-bc13-5c9b2dd3bf9c,7fddbede-9cbf-4436-9845-1db1739b2476,Noah Long,MID,"https://s.afl.com.au/staticfile/AFL%20Tenant/AFL/Players/ChampIDImages/AFL/2026014/1023496.png?im=Scale,width=0.6,height=0.6",2026-02-26 00:25:46.196086+00,13,,,0,1023496,west-coast-eagles,West Coast Eagles,"https://s.afl.com.au/staticfile/AFL%20Tenant/AFL/Players/ChampIDImages/AFL/2026014/1023496.png?im=Scale,width=0.6,height=0.6",Noah Long,Noah Long,oahong
9eadce79-0c20-41db-8173-60a74d441e7d,f70ca36c-612b-439f-850f-4a31fd2df499,George Hewett,FWD,"https://s.afl.com.au/staticfile/AFL%20Tenant/AFL/Players/ChampIDImages/AFL/2026014/294036.png?im=Scale,width=0.6,height=0.6",2026-02-26 00:25:45.873242+00,29,,,0,294036,carlton-blues,Carlton Blues,"https://s.afl.com.au/staticfile/AFL%20Tenant/AFL/Players/ChampIDImages/AFL/2026014/294036.png?im=Scale,width=0.6,height=0.6",George Hewett,George Hewett,eorgeewett
9ec2cb1d-f1c6-43c0-b62f-d25a36960d91,0d8207f2-c6ac-43c7-b3b1-154eb1648fe5,Harry Himmelberg,FWD,"https://s.afl.com.au/staticfile/AFL%20Tenant/AFL/Players/ChampIDImages/AFL/2026014/993107.png?im=Scale,width=0.6,height=0.6",2026-02-26 00:25:45.873242+00,27,,,0,993107,gws-giants,GWS Giants,"https://s.afl.com.au/staticfile/AFL%20Tenant/AFL/Players/ChampIDImages/AFL/2026014/993107.png?im=Scale,width=0.6,height=0.6",Harry Himmelberg,Harry Himmelberg,arryimmelberg
9f4cc366-ee64-4689-a960-363c723b0aa6,,Will Verrall,,"https://s.afl.com.au/staticfile/AFL%20Tenant/AFL/Players/ChampIDImages/AFL/2026014/1015473.png?im=Scale,width=0.6,height=0.6",2026-02-26 00:25:45.873242+00,,,,0,1015473,,,"https://s.afl.com.au/staticfile/AFL%20Tenant/AFL/Players/ChampIDImages/AFL/2026014/1015473.png?im=Scale,width=0.6,height=0.6",Will Verrall,Will Verrall,illerrall
9fdff77b-d34f-4b0e-b3dd-1c87750b6a12,38694aa4-7f1c-4a5f-b306-d094532ae24a,Mason Redman,FWD,"https://s.afl.com.au/staticfile/AFL%20Tenant/AFL/Players/ChampIDImages/AFL/2026014/997078.png?im=Scale,width=0.6,height=0.6",2026-02-26 00:25:45.873242+00,27,,,0,997078,essendon-bombers,Essendon Bombers,"https://s.afl.com.au/staticfile/AFL%20Tenant/AFL/Players/ChampIDImages/AFL/2026014/997078.png?im=Scale,width=0.6,height=0.6",Mason Redman,Mason Redman,asonedman
a1002bae-cd9b-4e92-9357-bf1a2fe4ab35,4a0822e2-ed7a-4fc4-8e70-bd1d1b92d3f8,Billy Frampton,MID,"https://s.afl.com.au/staticfile/AFL%20Tenant/AFL/Players/ChampIDImages/AFL/2026014/991773.png?im=Scale,width=0.6,height=0.6",2026-02-26 00:25:46.196086+00,17,,,0,991773,collingwood-magpies,Collingwood Magpies,"https://s.afl.com.au/staticfile/AFL%20Tenant/AFL/Players/ChampIDImages/AFL/2026014/991773.png?im=Scale,width=0.6,height=0.6",Billy Frampton,Billy Frampton,illyrampton
a14e8ecf-81fa-4030-b274-fab67d610d9a,85de4282-cc6a-4db6-b4f6-8520b69c38de,Luke Parker,FWD,"https://s.afl.com.au/staticfile/AFL%20Tenant/AFL/Players/ChampIDImages/AFL/2026014/290778.png?im=Scale,width=0.6,height=0.6",2026-02-26 00:25:45.873242+00,26,,,0,290778,north-melbourne-kangaroos,North Melbourne Kangaroos,"https://s.afl.com.au/staticfile/AFL%20Tenant/AFL/Players/ChampIDImages/AFL/2026014/290778.png?im=Scale,width=0.6,height=0.6",Luke Parker,Luke Parker,ukearker
a14e9989-cc3d-4c0b-a327-28ae3922eed7,38694aa4-7f1c-4a5f-b306-d094532ae24a,Archer Day-Wicks,MID,"https://s.afl.com.au/staticfile/AFL%20Tenant/AFL/Players/ChampIDImages/AFL/2026014/1029265.png?im=Scale,width=0.6,height=0.6",2026-02-26 00:25:45.873242+00,44,,,0,1029265,essendon-bombers,Essendon Bombers,"https://s.afl.com.au/staticfile/AFL%20Tenant/AFL/Players/ChampIDImages/AFL/2026014/1029265.png?im=Scale,width=0.6,height=0.6",Archer Day-Wicks,Archer Day-Wicks,rcherayicks
a18b2257-f815-4d68-970d-1dbd76f3a1b2,6e06405b-7cff-4d56-b852-48cc980c21bb,Tim Taranto,MID,"https://s.afl.com.au/staticfile/AFL%20Tenant/AFL/Players/ChampIDImages/AFL/2026014/998172.png?im=Scale,width=0.6,height=0.6",2026-02-26 00:25:45.873242+00,14,,,0,998172,richmond-tigers,Richmond Tigers,"https://s.afl.com.au/staticfile/AFL%20Tenant/AFL/Players/ChampIDImages/AFL/2026014/998172.png?im=Scale,width=0.6,height=0.6",Tim Taranto,Tim Taranto,imaranto
a22c5195-2e0f-42bc-aff1-9ae205e66495,,Lloyd Johnston,,"https://s.afl.com.au/staticfile/AFL%20Tenant/AFL/Players/ChampIDImages/AFL/2026014/1024666.png?im=Scale,width=0.6,height=0.6",2026-02-26 00:25:46.196086+00,,,,0,1024666,,,"https://s.afl.com.au/staticfile/AFL%20Tenant/AFL/Players/ChampIDImages/AFL/2026014/1024666.png?im=Scale,width=0.6,height=0.6",Lloyd Johnston,Lloyd Johnston,loydohnston
a25128fc-a9eb-44af-b45e-306fd774ae55,5a697f25-65ef-4a40-9446-c813bbd624dc,Joel Hamling,RUCK,"https://s.afl.com.au/staticfile/AFL%20Tenant/AFL/Players/ChampIDImages/AFL/2026014/295222.png?im=Scale,width=0.6,height=0.6",2026-02-26 00:25:46.196086+00,29,,,0,295222,sydney-swans,Sydney Swans,"https://s.afl.com.au/staticfile/AFL%20Tenant/AFL/Players/ChampIDImages/AFL/2026014/295222.png?im=Scale,width=0.6,height=0.6",Joel Hamling,Joel Hamling,oelamling
a2ecdb2c-fc89-451e-a41f-56f4124c5ac7,6e06405b-7cff-4d56-b852-48cc980c21bb,Josh Gibcus,MID,"https://s.afl.com.au/staticfile/AFL%20Tenant/AFL/Players/ChampIDImages/AFL/2026014/1017059.png?im=Scale,width=0.6,height=0.6",2026-02-26 00:25:46.196086+00,18,,,0,1017059,richmond-tigers,Richmond Tigers,"https://s.afl.com.au/staticfile/AFL%20Tenant/AFL/Players/ChampIDImages/AFL/2026014/1017059.png?im=Scale,width=0.6,height=0.6",Josh Gibcus,Josh Gibcus,oshibcus
a3c8ab1d-6047-4f41-afb9-870ff8a1676d,85de4282-cc6a-4db6-b4f6-8520b69c38de,Toby Pink,MID,"https://s.afl.com.au/staticfile/AFL%20Tenant/AFL/Players/ChampIDImages/AFL/2026014/1002138.png?im=Scale,width=0.6,height=0.6",2026-02-26 00:25:46.196086+00,32,,,0,1002138,north-melbourne-kangaroos,North Melbourne Kangaroos,"https://s.afl.com.au/staticfile/AFL%20Tenant/AFL/Players/ChampIDImages/AFL/2026014/1002138.png?im=Scale,width=0.6,height=0.6",Toby Pink,Toby Pink,obyink
a4676f50-d3dd-43e9-821a-9c1602d982a4,5a697f25-65ef-4a40-9446-c813bbd624dc,William Green,MID,"https://s.afl.com.au/staticfile/AFL%20Tenant/AFL/Players/ChampIDImages/AFL/2026014/1027901.png?im=Scale,width=0.6,height=0.6",2026-02-26 00:25:45.873242+00,45,,,0,1027901,sydney-swans,Sydney Swans,"https://s.afl.com.au/staticfile/AFL%20Tenant/AFL/Players/ChampIDImages/AFL/2026014/1027901.png?im=Scale,width=0.6,height=0.6",William Green,William Green,illiamreen
a487d01f-5e47-4099-8168-363b3df51cff,,Oliver Sestan,,"https://s.afl.com.au/staticfile/AFL%20Tenant/AFL/Players/ChampIDImages/AFL/2026014/1029973.png?im=Scale,width=0.6,height=0.6",2026-02-26 00:25:46.196086+00,,,,0,1029973,,,"https://s.afl.com.au/staticfile/AFL%20Tenant/AFL/Players/ChampIDImages/AFL/2026014/1029973.png?im=Scale,width=0.6,height=0.6",Oliver Sestan,Oliver Sestan,liverestan
a51a2baa-f9ac-4f72-8f6c-75004b99f767,8953891c-6af3-4f31-8386-7340f0c27f9c,John Noble,DEF,"https://s.afl.com.au/staticfile/AFL%20Tenant/AFL/Players/ChampIDImages/AFL/2026014/1000072.png?im=Scale,width=0.6,height=0.6",2026-02-26 00:25:45.873242+00,2,,,0,1000072,gold-coast-suns,Gold Coast Suns,"https://s.afl.com.au/staticfile/AFL%20Tenant/AFL/Players/ChampIDImages/AFL/2026014/1000072.png?im=Scale,width=0.6,height=0.6",John Noble,John Noble,ohnoble
a557e489-face-41b4-97a9-ee53ffc3b9c8,85de4282-cc6a-4db6-b4f6-8520b69c38de,Luke McDonald,MID,"https://s.afl.com.au/staticfile/AFL%20Tenant/AFL/Players/ChampIDImages/AFL/2026014/296355.png?im=Scale,width=0.6,height=0.6",2026-02-26 00:25:45.873242+00,11,,,0,296355,north-melbourne-kangaroos,North Melbourne Kangaroos,"https://s.afl.com.au/staticfile/AFL%20Tenant/AFL/Players/ChampIDImages/AFL/2026014/296355.png?im=Scale,width=0.6,height=0.6",Luke McDonald,Luke McDonald,ukeconald
a5a85718-a423-49a9-9be5-41a333bc4c25,70c32ca0-2bec-4db6-9b70-b8c8327f51c1,Sam Powell-Pepper,DEF,"https://s.afl.com.au/staticfile/AFL%20Tenant/AFL/Players/ChampIDImages/AFL/2026014/993979.png?im=Scale,width=0.6,height=0.6",2026-02-26 00:25:45.873242+00,2,,,0,993979,port-adelaide-power,Port Adelaide Power,"https://s.afl.com.au/staticfile/AFL%20Tenant/AFL/Players/ChampIDImages/AFL/2026014/993979.png?im=Scale,width=0.6,height=0.6",Sam Powell-Pepper,Sam Powell-Pepper,amowellepper
a5cfe089-ac83-4c4d-a6c6-c1ae4b4affc1,8953891c-6af3-4f31-8386-7340f0c27f9c,Christian Petracca,DEF,"https://s.afl.com.au/staticfile/AFL%20Tenant/AFL/Players/ChampIDImages/AFL/2026014/298210.png?im=Scale,width=0.6,height=0.6",2026-02-26 00:25:45.873242+00,3,,,0,298210,gold-coast-suns,Gold Coast Suns,"https://s.afl.com.au/staticfile/AFL%20Tenant/AFL/Players/ChampIDImages/AFL/2026014/298210.png?im=Scale,width=0.6,height=0.6",Christian Petracca,Christian Petracca,hristianetracca
a7bafb5a-48c8-4989-a2fd-1efc5cbb5b4f,f70ca36c-612b-439f-850f-4a31fd2df499,Ashton Moir,MID,"https://s.afl.com.au/staticfile/AFL%20Tenant/AFL/Players/ChampIDImages/AFL/2026014/1020097.png?im=Scale,width=0.6,height=0.6",2026-02-26 00:25:46.196086+00,43,,,0,1020097,carlton-blues,Carlton Blues,"https://s.afl.com.au/staticfile/AFL%20Tenant/AFL/Players/ChampIDImages/AFL/2026014/1020097.png?im=Scale,width=0.6,height=0.6",Ashton Moir,Ashton Moir,shtonoir
a7efe15a-b828-4573-bcdb-af386fe57b31,6e06405b-7cff-4d56-b852-48cc980c21bb,Tyler Sonsie,MID,"https://s.afl.com.au/staticfile/AFL%20Tenant/AFL/Players/ChampIDImages/AFL/2026014/1017114.png?im=Scale,width=0.6,height=0.6",2026-02-26 00:25:46.196086+00,40,,,0,1017114,richmond-tigers,Richmond Tigers,"https://s.afl.com.au/staticfile/AFL%20Tenant/AFL/Players/ChampIDImages/AFL/2026014/1017114.png?im=Scale,width=0.6,height=0.6",Tyler Sonsie,Tyler Sonsie,yleronsie
a84a04b9-d6be-47db-beb2-2a5a8a45312a,7fddbede-9cbf-4436-9845-1db1739b2476,Reuben Ginbey,DEF,"https://s.afl.com.au/staticfile/AFL%20Tenant/AFL/Players/ChampIDImages/AFL/2026014/1023025.png?im=Scale,width=0.6,height=0.6",2026-02-26 00:25:45.873242+00,7,,,0,1023025,west-coast-eagles,West Coast Eagles,"https://s.afl.com.au/staticfile/AFL%20Tenant/AFL/Players/ChampIDImages/AFL/2026014/1023025.png?im=Scale,width=0.6,height=0.6",Reuben Ginbey,Reuben Ginbey,eubeninbey
a85830ce-7202-4d6a-ac6d-8cf9ebd12bb1,501a05f7-174e-4a86-8cea-db048be8b646,Ryan Lester,MID,"https://s.afl.com.au/staticfile/AFL%20Tenant/AFL/Players/ChampIDImages/AFL/2026014/291548.png?im=Scale,width=0.6,height=0.6",2026-02-26 00:25:45.873242+00,35,,,0,291548,brisbane-lions,Brisbane Lions,"https://s.afl.com.au/staticfile/AFL%20Tenant/AFL/Players/ChampIDImages/AFL/2026014/291548.png?im=Scale,width=0.6,height=0.6",Ryan Lester,Ryan Lester,yanester
a8d4c315-8bff-4b0d-b5db-f9381765fea1,,Marty Hore,,"https://s.afl.com.au/staticfile/AFL%20Tenant/AFL/Players/ChampIDImages/AFL/2026014/996692.png?im=Scale,width=0.6,height=0.6",2026-02-26 00:25:45.873242+00,,,,0,996692,,,"https://s.afl.com.au/staticfile/AFL%20Tenant/AFL/Players/ChampIDImages/AFL/2026014/996692.png?im=Scale,width=0.6,height=0.6",Marty Hore,Marty Hore,artyore
a8d92ccf-43a1-4753-9a48-7db04747d58f,,Thomson Dow,,"https://s.afl.com.au/staticfile/AFL%20Tenant/AFL/Players/ChampIDImages/AFL/2026014/1009226.png?im=Scale,width=0.6,height=0.6",2026-02-26 00:25:45.873242+00,,,,0,1009226,,,"https://s.afl.com.au/staticfile/AFL%20Tenant/AFL/Players/ChampIDImages/AFL/2026014/1009226.png?im=Scale,width=0.6,height=0.6",Thomson Dow,Thomson Dow,homsonow
a927f138-82df-4f49-b3f1-79d488103f3d,6d7d39fb-1136-4cc8-a68c-bb6a284f2245,Reilly O'Brien,MID,"https://s.afl.com.au/staticfile/AFL%20Tenant/AFL/Players/ChampIDImages/AFL/2026014/297523.png?im=Scale,width=0.6,height=0.6",2026-02-26 00:25:45.873242+00,43,,,0,297523,adelaide-crows,Adelaide Crows,"https://s.afl.com.au/staticfile/AFL%20Tenant/AFL/Players/ChampIDImages/AFL/2026014/297523.png?im=Scale,width=0.6,height=0.6",Reilly O'Brien,Reilly O'Brien,eillyrien
aa770a35-9967-4d23-a9f4-3f54fccce01c,d991371b-e2f7-4c95-ad7c-52ea89b07d7b,Henry Hustwaite,MID,"https://s.afl.com.au/staticfile/AFL%20Tenant/AFL/Players/ChampIDImages/AFL/2026014/1023680.png?im=Scale,width=0.6,height=0.6",2026-02-26 00:25:45.873242+00,44,,,0,1023680,hawthorn-hawks,Hawthorn Hawks,"https://s.afl.com.au/staticfile/AFL%20Tenant/AFL/Players/ChampIDImages/AFL/2026014/1023680.png?im=Scale,width=0.6,height=0.6",Henry Hustwaite,Henry Hustwaite,enryustwaite
aa7acb66-084e-48f3-8273-25547e6682c5,8953891c-6af3-4f31-8386-7340f0c27f9c,Ben Jepson,MID,"https://s.afl.com.au/staticfile/AFL%20Tenant/AFL/Players/ChampIDImages/AFL/2026014/1011950.png?im=Scale,width=0.6,height=0.6",2026-02-26 00:25:46.196086+00,44,,,0,1011950,gold-coast-suns,Gold Coast Suns,"https://s.afl.com.au/staticfile/AFL%20Tenant/AFL/Players/ChampIDImages/AFL/2026014/1011950.png?im=Scale,width=0.6,height=0.6",Ben Jepson,Ben Jepson,enepson
aabcf94d-d07e-468e-b190-318573147fdc,0a73bf79-7321-4fd5-8b67-90fffabdcf01,Judd McVee,MID,"https://s.afl.com.au/staticfile/AFL%20Tenant/AFL/Players/ChampIDImages/AFL/2026014/1017703.png?im=Scale,width=0.6,height=0.6",2026-02-26 00:25:45.873242+00,17,,,0,1017703,fremantle-dockers,Fremantle Dockers,"https://s.afl.com.au/staticfile/AFL%20Tenant/AFL/Players/ChampIDImages/AFL/2026014/1017703.png?im=Scale,width=0.6,height=0.6",Judd McVee,Judd McVee,uddcee
aace4e6c-726c-4f50-b654-ca8e5a825494,6689e156-49a9-4066-a22e-259375fa9b04,Cameron Guthrie,MID,"https://s.afl.com.au/staticfile/AFL%20Tenant/AFL/Players/ChampIDImages/AFL/2026014/290550.png?im=Scale,width=0.6,height=0.6",2026-02-26 00:25:45.873242+00,39,,,0,290550,geelong-cats,Geelong Cats,"https://s.afl.com.au/staticfile/AFL%20Tenant/AFL/Players/ChampIDImages/AFL/2026014/290550.png?im=Scale,width=0.6,height=0.6",Cameron Guthrie,Cameron Guthrie,ameronuthrie
ab4d7159-7a30-48c5-93dd-40beb935348e,914ab50f-d78d-4a28-aaef-6e4db1410600,Jack Macrae,DEF,"https://s.afl.com.au/staticfile/AFL%20Tenant/AFL/Players/ChampIDImages/AFL/2026014/295467.png?im=Scale,width=0.6,height=0.6",2026-02-26 00:25:45.873242+00,6,,,0,295467,st-kilda-saints,St Kilda Saints,"https://s.afl.com.au/staticfile/AFL%20Tenant/AFL/Players/ChampIDImages/AFL/2026014/295467.png?im=Scale,width=0.6,height=0.6",Jack Macrae,Jack Macrae,ackacrae
ab7cb624-c0f3-410e-aee9-6c025c1f6410,5a697f25-65ef-4a40-9446-c813bbd624dc,Logan McDonald,DEF,"https://s.afl.com.au/staticfile/AFL%20Tenant/AFL/Players/ChampIDImages/AFL/2026014/1013230.png?im=Scale,width=0.6,height=0.6",2026-02-26 00:25:45.873242+00,6,,,0,1013230,sydney-swans,Sydney Swans,"https://s.afl.com.au/staticfile/AFL%20Tenant/AFL/Players/ChampIDImages/AFL/2026014/1013230.png?im=Scale,width=0.6,height=0.6",Logan McDonald,Logan McDonald,oganconald
ac446a26-6060-4440-ab06-5cbd91cddcc1,,Chris Burgess,,"https://s.afl.com.au/staticfile/AFL%20Tenant/AFL/Players/ChampIDImages/AFL/2026014/1000068.png?im=Scale,width=0.6,height=0.6",2026-02-26 00:25:46.196086+00,,,,0,1000068,,,"https://s.afl.com.au/staticfile/AFL%20Tenant/AFL/Players/ChampIDImages/AFL/2026014/1000068.png?im=Scale,width=0.6,height=0.6",Chris Burgess,Chris Burgess,hrisurgess
ac4c8278-fe68-4ebb-8d6b-037f973e33eb,,Jack Delean,,"https://s.afl.com.au/staticfile/AFL%20Tenant/AFL/Players/ChampIDImages/AFL/2026014/1019975.png?im=Scale,width=0.6,height=0.6",2026-02-26 00:25:46.196086+00,,,,0,1019975,,,"https://s.afl.com.au/staticfile/AFL%20Tenant/AFL/Players/ChampIDImages/AFL/2026014/1019975.png?im=Scale,width=0.6,height=0.6",Jack Delean,Jack Delean,ackelean
acd07237-a618-4558-9869-7e23eea4ad2f,0a73bf79-7321-4fd5-8b67-90fffabdcf01,Shai Bolton,MID,"https://s.afl.com.au/staticfile/AFL%20Tenant/AFL/Players/ChampIDImages/AFL/2026014/993993.png?im=Scale,width=0.6,height=0.6",2026-02-26 00:25:45.873242+00,10,,,0,993993,fremantle-dockers,Fremantle Dockers,"https://s.afl.com.au/staticfile/AFL%20Tenant/AFL/Players/ChampIDImages/AFL/2026014/993993.png?im=Scale,width=0.6,height=0.6",Shai Bolton,Shai Bolton,haiolton
ace6443c-8eef-41eb-af8b-a0fb511a9532,0ceb3e8b-4504-4ddd-b7c6-e2bf4215eada,Bailey Williams,MID,"https://s.afl.com.au/staticfile/AFL%20Tenant/AFL/Players/ChampIDImages/AFL/2026014/992351.png?im=Scale,width=0.6,height=0.6",2026-02-26 00:25:45.873242+00,34,,,0,992351,western-bulldogs,Western Bulldogs,"https://s.afl.com.au/staticfile/AFL%20Tenant/AFL/Players/ChampIDImages/AFL/2026014/992351.png?im=Scale,width=0.6,height=0.6",Bailey Williams,Bailey Williams,aileyilliams
acfcbc12-bd13-464a-9eaa-9a64533d6f8a,70c32ca0-2bec-4db6-9b70-b8c8327f51c1,Jackson Mead,DEF,"https://s.afl.com.au/staticfile/AFL%20Tenant/AFL/Players/ChampIDImages/AFL/2026014/1005326.png?im=Scale,width=0.6,height=0.6",2026-02-26 00:25:45.873242+00,3,,,0,1005326,port-adelaide-power,Port Adelaide Power,"https://s.afl.com.au/staticfile/AFL%20Tenant/AFL/Players/ChampIDImages/AFL/2026014/1005326.png?im=Scale,width=0.6,height=0.6",Jackson Mead,Jackson Mead,acksonead
ad502199-3254-4c00-808c-7e73fcfe3596,4a0822e2-ed7a-4fc4-8e70-bd1d1b92d3f8,Brayden Maynard,DEF,"https://s.afl.com.au/staticfile/AFL%20Tenant/AFL/Players/ChampIDImages/AFL/2026014/992010.png?im=Scale,width=0.6,height=0.6",2026-02-26 00:25:45.873242+00,4,,,0,992010,collingwood-magpies,Collingwood Magpies,"https://s.afl.com.au/staticfile/AFL%20Tenant/AFL/Players/ChampIDImages/AFL/2026014/992010.png?im=Scale,width=0.6,height=0.6",Brayden Maynard,Brayden Maynard,raydenaynard
aec5a811-1371-45bd-8dab-e8c2111557a7,6d7d39fb-1136-4cc8-a68c-bb6a284f2245,James Borlase,MID,"https://s.afl.com.au/staticfile/AFL%20Tenant/AFL/Players/ChampIDImages/AFL/2026014/1009029.png?im=Scale,width=0.6,height=0.6",2026-02-26 00:25:46.196086+00,35,,,0,1009029,adelaide-crows,Adelaide Crows,"https://s.afl.com.au/staticfile/AFL%20Tenant/AFL/Players/ChampIDImages/AFL/2026014/1009029.png?im=Scale,width=0.6,height=0.6",James Borlase,James Borlase,amesorlase
aefedddf-6056-4253-8dbf-eaf3ee7f40a6,914ab50f-d78d-4a28-aaef-6e4db1410600,Hunter Clark,MID,"https://s.afl.com.au/staticfile/AFL%20Tenant/AFL/Players/ChampIDImages/AFL/2026014/1002264.png?im=Scale,width=0.6,height=0.6",2026-02-26 00:25:45.873242+00,11,,,0,1002264,st-kilda-saints,St Kilda Saints,"https://s.afl.com.au/staticfile/AFL%20Tenant/AFL/Players/ChampIDImages/AFL/2026014/1002264.png?im=Scale,width=0.6,height=0.6",Hunter Clark,Hunter Clark,unterlark
af1f1f04-b4d4-4461-a6bb-90f1d3d065ab,7fddbede-9cbf-4436-9845-1db1739b2476,Jack Hutchinson,MID,"https://s.afl.com.au/staticfile/AFL%20Tenant/AFL/Players/ChampIDImages/AFL/2026014/1036098.png?im=Scale,width=0.6,height=0.6",2026-02-26 00:25:46.196086+00,44,,,0,1036098,west-coast-eagles,West Coast Eagles,"https://s.afl.com.au/staticfile/AFL%20Tenant/AFL/Players/ChampIDImages/AFL/2026014/1036098.png?im=Scale,width=0.6,height=0.6",Jack Hutchinson,Jack Hutchinson,ackutchinson
af294008-f5c9-40ce-badf-65af427d5289,,Brandon Ryan,,"https://s.afl.com.au/staticfile/AFL%20Tenant/AFL/Players/ChampIDImages/AFL/2026014/1012127.png?im=Scale,width=0.6,height=0.6",2026-02-26 00:25:46.196086+00,,,,0,1012127,,,"https://s.afl.com.au/staticfile/AFL%20Tenant/AFL/Players/ChampIDImages/AFL/2026014/1012127.png?im=Scale,width=0.6,height=0.6",Brandon Ryan,Brandon Ryan,randonyan
aff4f7f7-a23a-4542-9847-eaebc23e2d61,5a697f25-65ef-4a40-9446-c813bbd624dc,Jake Lloyd,MID,"https://s.afl.com.au/staticfile/AFL%20Tenant/AFL/Players/ChampIDImages/AFL/2026014/295342.png?im=Scale,width=0.6,height=0.6",2026-02-26 00:25:45.873242+00,44,,,0,295342,sydney-swans,Sydney Swans,"https://s.afl.com.au/staticfile/AFL%20Tenant/AFL/Players/ChampIDImages/AFL/2026014/295342.png?im=Scale,width=0.6,height=0.6",Jake Lloyd,Jake Lloyd,akeloyd
affe3cb0-b30c-4abb-b1c5-b0760d805c5e,7fddbede-9cbf-4436-9845-1db1739b2476,Harry Barnett,RUCK,"https://s.afl.com.au/staticfile/AFL%20Tenant/AFL/Players/ChampIDImages/AFL/2026014/1020057.png?im=Scale,width=0.6,height=0.6",2026-02-26 00:25:45.873242+00,30,,,0,1020057,west-coast-eagles,West Coast Eagles,"https://s.afl.com.au/staticfile/AFL%20Tenant/AFL/Players/ChampIDImages/AFL/2026014/1020057.png?im=Scale,width=0.6,height=0.6",Harry Barnett,Harry Barnett,arryarnett
b09b5b88-48e3-4364-8ea3-6055a9250f7c,d991371b-e2f7-4c95-ad7c-52ea89b07d7b,Jack Ginnivan,MID,"https://s.afl.com.au/staticfile/AFL%20Tenant/AFL/Players/ChampIDImages/AFL/2026014/1012857.png?im=Scale,width=0.6,height=0.6",2026-02-26 00:25:45.873242+00,33,,,0,1012857,hawthorn-hawks,Hawthorn Hawks,"https://s.afl.com.au/staticfile/AFL%20Tenant/AFL/Players/ChampIDImages/AFL/2026014/1012857.png?im=Scale,width=0.6,height=0.6",Jack Ginnivan,Jack Ginnivan,ackinnivan
b0edb322-6658-4e35-ad67-df6433c2a1be,d991371b-e2f7-4c95-ad7c-52ea89b07d7b,William McCabe,FWD,"https://s.afl.com.au/staticfile/AFL%20Tenant/AFL/Players/ChampIDImages/AFL/2026014/1022410.png?im=Scale,width=0.6,height=0.6",2026-02-26 00:25:46.196086+00,27,,,0,1022410,hawthorn-hawks,Hawthorn Hawks,"https://s.afl.com.au/staticfile/AFL%20Tenant/AFL/Players/ChampIDImages/AFL/2026014/1022410.png?im=Scale,width=0.6,height=0.6",William McCabe,William McCabe,illiamcabe
b182e113-49f7-4fe0-a9f0-584cf3a5953c,8953891c-6af3-4f31-8386-7340f0c27f9c,Will Graham,FWD,"https://s.afl.com.au/staticfile/AFL%20Tenant/AFL/Players/ChampIDImages/AFL/2026014/1026960.png?im=Scale,width=0.6,height=0.6",2026-02-26 00:25:45.873242+00,26,,,0,1026960,gold-coast-suns,Gold Coast Suns,"https://s.afl.com.au/staticfile/AFL%20Tenant/AFL/Players/ChampIDImages/AFL/2026014/1026960.png?im=Scale,width=0.6,height=0.6",Will Graham,Will Graham,illraham
b1ada801-5d15-4aae-8b9c-f98a16d9b451,38694aa4-7f1c-4a5f-b306-d094532ae24a,Rhys Unwin,MID,"https://s.afl.com.au/staticfile/AFL%20Tenant/AFL/Players/ChampIDImages/AFL/2026014/1032023.png?im=Scale,width=0.6,height=0.6",2026-02-26 00:25:45.873242+00,38,,,0,1032023,essendon-bombers,Essendon Bombers,"https://s.afl.com.au/staticfile/AFL%20Tenant/AFL/Players/ChampIDImages/AFL/2026014/1032023.png?im=Scale,width=0.6,height=0.6",Rhys Unwin,Rhys Unwin,hysnwin
b1c3f27c-fdc1-459c-9b79-7f1079db7d1a,6689e156-49a9-4066-a22e-259375fa9b04,Jake Kolodjashnij,DEF,"https://s.afl.com.au/staticfile/AFL%20Tenant/AFL/Players/ChampIDImages/AFL/2026014/296291.png?im=Scale,width=0.6,height=0.6",2026-02-26 00:25:46.196086+00,8,,,0,296291,geelong-cats,Geelong Cats,"https://s.afl.com.au/staticfile/AFL%20Tenant/AFL/Players/ChampIDImages/AFL/2026014/296291.png?im=Scale,width=0.6,height=0.6",Jake Kolodjashnij,Jake Kolodjashnij,akeolodjashnij
b20e1323-c405-44f2-a23e-9c901c3c0188,70c32ca0-2bec-4db6-9b70-b8c8327f51c1,Zak Butters,MID,"https://s.afl.com.au/staticfile/AFL%20Tenant/AFL/Players/ChampIDImages/AFL/2026014/1006121.png?im=Scale,width=0.6,height=0.6",2026-02-26 00:25:45.873242+00,9,,,0,1006121,port-adelaide-power,Port Adelaide Power,"https://s.afl.com.au/staticfile/AFL%20Tenant/AFL/Players/ChampIDImages/AFL/2026014/1006121.png?im=Scale,width=0.6,height=0.6",Zak Butters,Zak Butters,akutters
b27fc53a-8540-4c01-acac-5326762c194b,6e06405b-7cff-4d56-b852-48cc980c21bb,Steely Green,MID,"https://s.afl.com.au/staticfile/AFL%20Tenant/AFL/Players/ChampIDImages/AFL/2026014/1023056.png?im=Scale,width=0.6,height=0.6",2026-02-26 00:25:46.196086+00,48,,,0,1023056,richmond-tigers,Richmond Tigers,"https://s.afl.com.au/staticfile/AFL%20Tenant/AFL/Players/ChampIDImages/AFL/2026014/1023056.png?im=Scale,width=0.6,height=0.6",Steely Green,Steely Green,teelyreen
b2b39666-d1e5-4e4f-996b-f0f1a08de33e,0d8207f2-c6ac-43c7-b3b1-154eb1648fe5,Harry Rowston,FWD,"https://s.afl.com.au/staticfile/AFL%20Tenant/AFL/Players/ChampIDImages/AFL/2026014/1021122.png?im=Scale,width=0.6,height=0.6",2026-02-26 00:25:46.196086+00,24,,,0,1021122,gws-giants,GWS Giants,"https://s.afl.com.au/staticfile/AFL%20Tenant/AFL/Players/ChampIDImages/AFL/2026014/1021122.png?im=Scale,width=0.6,height=0.6",Harry Rowston,Harry Rowston,arryowston
b3271e20-9a6a-41b4-bb7a-e8f1d251a4d8,5a697f25-65ef-4a40-9446-c813bbd624dc,Charlie Curnow,MID,"https://s.afl.com.au/staticfile/AFL%20Tenant/AFL/Players/ChampIDImages/AFL/2026014/996731.png?im=Scale,width=0.6,height=0.6",2026-02-26 00:25:45.873242+00,35,,,0,996731,sydney-swans,Sydney Swans,"https://s.afl.com.au/staticfile/AFL%20Tenant/AFL/Players/ChampIDImages/AFL/2026014/996731.png?im=Scale,width=0.6,height=0.6",Charlie Curnow,Charlie Curnow,harlieurnow
b349391b-14d3-40e4-8185-d7c726b8eb51,8953891c-6af3-4f31-8386-7340f0c27f9c,Asher Eastham,MID,"https://s.afl.com.au/staticfile/AFL%20Tenant/AFL/Players/ChampIDImages/AFL/2026014/1028541.png?im=Scale,width=0.6,height=0.6",2026-02-26 00:25:46.196086+00,42,,,0,1028541,gold-coast-suns,Gold Coast Suns,"https://s.afl.com.au/staticfile/AFL%20Tenant/AFL/Players/ChampIDImages/AFL/2026014/1028541.png?im=Scale,width=0.6,height=0.6",Asher Eastham,Asher Eastham,sherastham
b363113e-0a60-40ad-8a14-e25f945a9bb2,6d7d39fb-1136-4cc8-a68c-bb6a284f2245,Riley Thilthorpe,DEF,"https://s.afl.com.au/staticfile/AFL%20Tenant/AFL/Players/ChampIDImages/AFL/2026014/1008384.png?im=Scale,width=0.6,height=0.6",2026-02-26 00:25:45.873242+00,7,,,0,1008384,adelaide-crows,Adelaide Crows,"https://s.afl.com.au/staticfile/AFL%20Tenant/AFL/Players/ChampIDImages/AFL/2026014/1008384.png?im=Scale,width=0.6,height=0.6",Riley Thilthorpe,Riley Thilthorpe,ileyhilthorpe
b3889a38-c52b-4d0e-bec6-e158b1287c7a,501a05f7-174e-4a86-8cea-db048be8b646,Henry Smith,FWD,"https://s.afl.com.au/staticfile/AFL%20Tenant/AFL/Players/ChampIDImages/AFL/2026014/1016189.png?im=Scale,width=0.6,height=0.6",2026-02-26 00:25:46.196086+00,25,,,0,1016189,brisbane-lions,Brisbane Lions,"https://s.afl.com.au/staticfile/AFL%20Tenant/AFL/Players/ChampIDImages/AFL/2026014/1016189.png?im=Scale,width=0.6,height=0.6",Henry Smith,Henry Smith,enrymith
b3c7d271-b892-4549-983c-6cb39c132956,70c32ca0-2bec-4db6-9b70-b8c8327f51c1,Brandon Zerk-Thatcher,FWD,"https://s.afl.com.au/staticfile/AFL%20Tenant/AFL/Players/ChampIDImages/AFL/2026014/1004034.png?im=Scale,width=0.6,height=0.6",2026-02-26 00:25:46.196086+00,25,,,0,1004034,port-adelaide-power,Port Adelaide Power,"https://s.afl.com.au/staticfile/AFL%20Tenant/AFL/Players/ChampIDImages/AFL/2026014/1004034.png?im=Scale,width=0.6,height=0.6",Brandon Zerk-Thatcher,Brandon Zerk-Thatcher,randonerkhatcher
b3c9fc1c-d7ae-4a45-b64f-7324fa058876,0ceb3e8b-4504-4ddd-b7c6-e2bf4215eada,Adam Treloar,DEF,"https://s.afl.com.au/staticfile/AFL%20Tenant/AFL/Players/ChampIDImages/AFL/2026014/291790.png?im=Scale,width=0.6,height=0.6",2026-02-26 00:25:45.873242+00,1,,,0,291790,western-bulldogs,Western Bulldogs,"https://s.afl.com.au/staticfile/AFL%20Tenant/AFL/Players/ChampIDImages/AFL/2026014/291790.png?im=Scale,width=0.6,height=0.6",Adam Treloar,Adam Treloar,damreloar
b41ec403-5d79-4e9d-aba2-6b15af70f902,501a05f7-174e-4a86-8cea-db048be8b646,Darcy Wilmot,MID,"https://s.afl.com.au/staticfile/AFL%20Tenant/AFL/Players/ChampIDImages/AFL/2026014/1017067.png?im=Scale,width=0.6,height=0.6",2026-02-26 00:25:45.873242+00,44,,,0,1017067,brisbane-lions,Brisbane Lions,"https://s.afl.com.au/staticfile/AFL%20Tenant/AFL/Players/ChampIDImages/AFL/2026014/1017067.png?im=Scale,width=0.6,height=0.6",Darcy Wilmot,Darcy Wilmot,arcyilmot
b42cfa5c-dbdc-4bb4-9d0b-49cc69260446,d991371b-e2f7-4c95-ad7c-52ea89b07d7b,Josh Weddle,FWD,"https://s.afl.com.au/staticfile/AFL%20Tenant/AFL/Players/ChampIDImages/AFL/2026014/1027935.png?im=Scale,width=0.6,height=0.6",2026-02-26 00:25:46.196086+00,23,,,0,1027935,hawthorn-hawks,Hawthorn Hawks,"https://s.afl.com.au/staticfile/AFL%20Tenant/AFL/Players/ChampIDImages/AFL/2026014/1027935.png?im=Scale,width=0.6,height=0.6",Josh Weddle,Josh Weddle,osheddle
b4c58f9f-e864-494f-abb8-32267a268422,,Dom Sheed,,"https://s.afl.com.au/staticfile/AFL%20Tenant/AFL/Players/ChampIDImages/AFL/2026014/296296.png?im=Scale,width=0.6,height=0.6",2026-02-26 00:25:45.873242+00,,,,0,296296,,,"https://s.afl.com.au/staticfile/AFL%20Tenant/AFL/Players/ChampIDImages/AFL/2026014/296296.png?im=Scale,width=0.6,height=0.6",Dom Sheed,Dom Sheed,omheed
b4d1b06b-6711-4097-b642-a3766b989476,6d7d39fb-1136-4cc8-a68c-bb6a284f2245,Sid Draper,DEF,"https://s.afl.com.au/staticfile/AFL%20Tenant/AFL/Players/ChampIDImages/AFL/2026014/1022607.png?im=Scale,width=0.6,height=0.6",2026-02-26 00:25:45.873242+00,5,,,0,1022607,adelaide-crows,Adelaide Crows,"https://s.afl.com.au/staticfile/AFL%20Tenant/AFL/Players/ChampIDImages/AFL/2026014/1022607.png?im=Scale,width=0.6,height=0.6",Sid Draper,Sid Draper,idraper
b500c34d-aa5d-4513-af44-a027db85b2d1,6e06405b-7cff-4d56-b852-48cc980c21bb,Luke Trainor,MID,"https://s.afl.com.au/staticfile/AFL%20Tenant/AFL/Players/ChampIDImages/AFL/2026014/1028521.png?im=Scale,width=0.6,height=0.6",2026-02-26 00:25:46.196086+00,11,,,0,1028521,richmond-tigers,Richmond Tigers,"https://s.afl.com.au/staticfile/AFL%20Tenant/AFL/Players/ChampIDImages/AFL/2026014/1028521.png?im=Scale,width=0.6,height=0.6",Luke Trainor,Luke Trainor,ukerainor
b5066a20-a9d4-4417-844b-de07c25a8f17,,Jimmy Webster,,"https://s.afl.com.au/staticfile/AFL%20Tenant/AFL/Players/ChampIDImages/AFL/2026014/290757.png?im=Scale,width=0.6,height=0.6",2026-02-26 00:25:45.873242+00,,,,0,290757,,,"https://s.afl.com.au/staticfile/AFL%20Tenant/AFL/Players/ChampIDImages/AFL/2026014/290757.png?im=Scale,width=0.6,height=0.6",Jimmy Webster,Jimmy Webster,immyebster
b51dadae-d5b1-4c1d-a474-4b7ce289e115,6689e156-49a9-4066-a22e-259375fa9b04,Jack Bowes,MID,"https://s.afl.com.au/staticfile/AFL%20Tenant/AFL/Players/ChampIDImages/AFL/2026014/998260.png?im=Scale,width=0.6,height=0.6",2026-02-26 00:25:45.873242+00,12,,,0,998260,geelong-cats,Geelong Cats,"https://s.afl.com.au/staticfile/AFL%20Tenant/AFL/Players/ChampIDImages/AFL/2026014/998260.png?im=Scale,width=0.6,height=0.6",Jack Bowes,Jack Bowes,ackowes
b576c24d-4f10-4c80-ab0e-f598dde64800,914ab50f-d78d-4a28-aaef-6e4db1410600,Max Hall,MID,"https://s.afl.com.au/staticfile/AFL%20Tenant/AFL/Players/ChampIDImages/AFL/2026014/1020855.png?im=Scale,width=0.6,height=0.6",2026-02-26 00:25:45.873242+00,40,,,0,1020855,st-kilda-saints,St Kilda Saints,"https://s.afl.com.au/staticfile/AFL%20Tenant/AFL/Players/ChampIDImages/AFL/2026014/1020855.png?im=Scale,width=0.6,height=0.6",Max Hall,Max Hall,axall
b58c2e17-9de2-4d68-9ed1-02512db63507,70c32ca0-2bec-4db6-9b70-b8c8327f51c1,Ewan Mackinlay,RUCK,"https://s.afl.com.au/staticfile/AFL%20Tenant/AFL/Players/ChampIDImages/AFL/2026014/1027887.png?im=Scale,width=0.6,height=0.6",2026-02-26 00:25:46.196086+00,31,,,0,1027887,port-adelaide-power,Port Adelaide Power,"https://s.afl.com.au/staticfile/AFL%20Tenant/AFL/Players/ChampIDImages/AFL/2026014/1027887.png?im=Scale,width=0.6,height=0.6",Ewan Mackinlay,Ewan Mackinlay,wanackinlay
b5e95464-54f4-40e4-86b8-65041e561b66,0ceb3e8b-4504-4ddd-b7c6-e2bf4215eada,Marcus Bontempelli,DEF,"https://s.afl.com.au/staticfile/AFL%20Tenant/AFL/Players/ChampIDImages/AFL/2026014/297373.png?im=Scale,width=0.6,height=0.6",2026-02-26 00:25:45.873242+00,4,,,0,297373,western-bulldogs,Western Bulldogs,"https://s.afl.com.au/staticfile/AFL%20Tenant/AFL/Players/ChampIDImages/AFL/2026014/297373.png?im=Scale,width=0.6,height=0.6",Marcus Bontempelli,Marcus Bontempelli,arcusontempelli
b65ec4db-8a5f-4662-ab59-a793bf9ef5bf,0ceb3e8b-4504-4ddd-b7c6-e2bf4215eada,Nick Coffield,MID,"https://s.afl.com.au/staticfile/AFL%20Tenant/AFL/Players/ChampIDImages/AFL/2026014/1005717.png?im=Scale,width=0.6,height=0.6",2026-02-26 00:25:45.873242+00,17,,,0,1005717,western-bulldogs,Western Bulldogs,"https://s.afl.com.au/staticfile/AFL%20Tenant/AFL/Players/ChampIDImages/AFL/2026014/1005717.png?im=Scale,width=0.6,height=0.6",Nick Coffield,Nick Coffield,ickoffield
b6d6eb93-4f14-4322-8a34-dfebf7393c85,7fddbede-9cbf-4436-9845-1db1739b2476,Lucca Grego,MID,"https://s.afl.com.au/staticfile/AFL%20Tenant/AFL/Players/ChampIDImages/AFL/2026014/1018992.png?im=Scale,width=0.6,height=0.6",2026-02-26 00:25:46.196086+00,31,,,0,1018992,west-coast-eagles,West Coast Eagles,"https://s.afl.com.au/staticfile/AFL%20Tenant/AFL/Players/ChampIDImages/AFL/2026014/1018992.png?im=Scale,width=0.6,height=0.6",Lucca Grego,Lucca Grego,uccarego
b7082327-7f8a-413a-bd26-8b854f0ab0e6,6689e156-49a9-4066-a22e-259375fa9b04,Cillian Burke,MID,"https://s.afl.com.au/staticfile/AFL%20Tenant/AFL/Players/ChampIDImages/AFL/2026014/1039509.png?im=Scale,width=0.6,height=0.6",2026-02-26 00:25:46.196086+00,41,,,0,1039509,geelong-cats,Geelong Cats,"https://s.afl.com.au/staticfile/AFL%20Tenant/AFL/Players/ChampIDImages/AFL/2026014/1039509.png?im=Scale,width=0.6,height=0.6",Cillian Burke,Cillian Burke,illianurke
b7759744-1e81-4fb3-9d7e-56d2de6bd117,82880eac-b132-4b23-93d7-0ec25ff0a023,Harry Sharp,RUCK,"https://s.afl.com.au/staticfile/AFL%20Tenant/AFL/Players/ChampIDImages/AFL/2026014/1007099.png?im=Scale,width=0.6,height=0.6",2026-02-26 00:25:45.873242+00,30,,,0,1007099,melbourne-demons,Melbourne Demons,"https://s.afl.com.au/staticfile/AFL%20Tenant/AFL/Players/ChampIDImages/AFL/2026014/1007099.png?im=Scale,width=0.6,height=0.6",Harry Sharp,Harry Sharp,arryharp
b8816838-ef3b-4ad4-aad5-6be5307ddbae,82880eac-b132-4b23-93d7-0ec25ff0a023,Tom Campbell,RUCK,"https://s.afl.com.au/staticfile/AFL%20Tenant/AFL/Players/ChampIDImages/AFL/2026014/290246.png?im=Scale,width=0.6,height=0.6",2026-02-26 00:25:45.873242+00,29,,,0,290246,melbourne-demons,Melbourne Demons,"https://s.afl.com.au/staticfile/AFL%20Tenant/AFL/Players/ChampIDImages/AFL/2026014/290246.png?im=Scale,width=0.6,height=0.6",Tom Campbell,Tom Campbell,omampbell
b9469418-67c1-46bc-89eb-6bf273d1cb04,0a73bf79-7321-4fd5-8b67-90fffabdcf01,Brennan Cox,MID,"https://s.afl.com.au/staticfile/AFL%20Tenant/AFL/Players/ChampIDImages/AFL/2026014/997033.png?im=Scale,width=0.6,height=0.6",2026-02-26 00:25:45.873242+00,36,,,0,997033,fremantle-dockers,Fremantle Dockers,"https://s.afl.com.au/staticfile/AFL%20Tenant/AFL/Players/ChampIDImages/AFL/2026014/997033.png?im=Scale,width=0.6,height=0.6",Brennan Cox,Brennan Cox,rennanox
b94d02c0-311a-48b7-9a0a-d853d531712c,0d8207f2-c6ac-43c7-b3b1-154eb1648fe5,Clayton Oliver,MID,"https://s.afl.com.au/staticfile/AFL%20Tenant/AFL/Players/ChampIDImages/AFL/2026014/996701.png?im=Scale,width=0.6,height=0.6",2026-02-26 00:25:45.873242+00,10,,,0,996701,gws-giants,GWS Giants,"https://s.afl.com.au/staticfile/AFL%20Tenant/AFL/Players/ChampIDImages/AFL/2026014/996701.png?im=Scale,width=0.6,height=0.6",Clayton Oliver,Clayton Oliver,laytonliver
b95eae8b-a71b-4f97-81e7-24c48ebc121a,5a697f25-65ef-4a40-9446-c813bbd624dc,Matt Roberts,MID,"https://s.afl.com.au/staticfile/AFL%20Tenant/AFL/Players/ChampIDImages/AFL/2026014/1012210.png?im=Scale,width=0.6,height=0.6",2026-02-26 00:25:45.873242+00,34,,,0,1012210,sydney-swans,Sydney Swans,"https://s.afl.com.au/staticfile/AFL%20Tenant/AFL/Players/ChampIDImages/AFL/2026014/1012210.png?im=Scale,width=0.6,height=0.6",Matt Roberts,Matt Roberts,attoberts
ba04edd2-461e-4805-8341-e880d752f926,8953891c-6af3-4f31-8386-7340f0c27f9c,Oscar Adams,MID,"https://s.afl.com.au/staticfile/AFL%20Tenant/AFL/Players/ChampIDImages/AFL/2026014/1015515.png?im=Scale,width=0.6,height=0.6",2026-02-26 00:25:46.196086+00,48,,,0,1015515,gold-coast-suns,Gold Coast Suns,"https://s.afl.com.au/staticfile/AFL%20Tenant/AFL/Players/ChampIDImages/AFL/2026014/1015515.png?im=Scale,width=0.6,height=0.6",Oscar Adams,Oscar Adams,scardams
ba1c97f6-5769-4708-b706-7ceb8996e807,,Ricky Mentha,,"https://s.afl.com.au/staticfile/AFL%20Tenant/AFL/Players/ChampIDImages/AFL/2026014/1029211.png?im=Scale,width=0.6,height=0.6",2026-02-26 00:25:46.196086+00,,,,0,1029211,,,"https://s.afl.com.au/staticfile/AFL%20Tenant/AFL/Players/ChampIDImages/AFL/2026014/1029211.png?im=Scale,width=0.6,height=0.6",Ricky Mentha,Ricky Mentha,ickyentha
ba22a2c6-7112-4451-a8a3-0531ae180ca1,0ceb3e8b-4504-4ddd-b7c6-e2bf4215eada,Jordan Croft,MID,"https://s.afl.com.au/staticfile/AFL%20Tenant/AFL/Players/ChampIDImages/AFL/2026014/1013996.png?im=Scale,width=0.6,height=0.6",2026-02-26 00:25:46.196086+00,16,,,0,1013996,western-bulldogs,Western Bulldogs,"https://s.afl.com.au/staticfile/AFL%20Tenant/AFL/Players/ChampIDImages/AFL/2026014/1013996.png?im=Scale,width=0.6,height=0.6",Jordan Croft,Jordan Croft,ordanroft
ba5e4cab-ab5d-4e4a-a1c0-406f1fcf4271,7fddbede-9cbf-4436-9845-1db1739b2476,Brady Hough,FWD,"https://s.afl.com.au/staticfile/AFL%20Tenant/AFL/Players/ChampIDImages/AFL/2026014/1023167.png?im=Scale,width=0.6,height=0.6",2026-02-26 00:25:45.873242+00,19,,,0,1023167,west-coast-eagles,West Coast Eagles,"https://s.afl.com.au/staticfile/AFL%20Tenant/AFL/Players/ChampIDImages/AFL/2026014/1023167.png?im=Scale,width=0.6,height=0.6",Brady Hough,Brady Hough,radyough
ba89d924-a837-4c97-a726-31d08043bab7,4a0822e2-ed7a-4fc4-8e70-bd1d1b92d3f8,Lachie Schultz,DEF,"https://s.afl.com.au/staticfile/AFL%20Tenant/AFL/Players/ChampIDImages/AFL/2026014/1000860.png?im=Scale,width=0.6,height=0.6",2026-02-26 00:25:45.873242+00,8,,,0,1000860,collingwood-magpies,Collingwood Magpies,"https://s.afl.com.au/staticfile/AFL%20Tenant/AFL/Players/ChampIDImages/AFL/2026014/1000860.png?im=Scale,width=0.6,height=0.6",Lachie Schultz,Lachie Schultz,achiechultz
baa2e450-7718-44a6-ae9e-453796d7a97d,70c32ca0-2bec-4db6-9b70-b8c8327f51c1,Jack Lukosius,MID,"https://s.afl.com.au/staticfile/AFL%20Tenant/AFL/Players/ChampIDImages/AFL/2026014/1004095.png?im=Scale,width=0.6,height=0.6",2026-02-26 00:25:45.873242+00,12,,,0,1004095,port-adelaide-power,Port Adelaide Power,"https://s.afl.com.au/staticfile/AFL%20Tenant/AFL/Players/ChampIDImages/AFL/2026014/1004095.png?im=Scale,width=0.6,height=0.6",Jack Lukosius,Jack Lukosius,ackukosius
bb490277-7dc3-4f95-b0e7-047646e46cac,,Taylor Duryea,,"https://s.afl.com.au/staticfile/AFL%20Tenant/AFL/Players/ChampIDImages/AFL/2026014/290085.png?im=Scale,width=0.6,height=0.6",2026-02-26 00:25:45.873242+00,,,,0,290085,,,"https://s.afl.com.au/staticfile/AFL%20Tenant/AFL/Players/ChampIDImages/AFL/2026014/290085.png?im=Scale,width=0.6,height=0.6",Taylor Duryea,Taylor Duryea,ayloruryea
bb51184c-ca90-480e-adeb-0873c7801dff,6689e156-49a9-4066-a22e-259375fa9b04,Oliver Henry,MID,"https://s.afl.com.au/staticfile/AFL%20Tenant/AFL/Players/ChampIDImages/AFL/2026014/1012860.png?im=Scale,width=0.6,height=0.6",2026-02-26 00:25:45.873242+00,36,,,0,1012860,geelong-cats,Geelong Cats,"https://s.afl.com.au/staticfile/AFL%20Tenant/AFL/Players/ChampIDImages/AFL/2026014/1012860.png?im=Scale,width=0.6,height=0.6",Oliver Henry,Oliver Henry,liverenry
bb570653-2418-4cb6-a3e1-ec8223d10a66,0ceb3e8b-4504-4ddd-b7c6-e2bf4215eada,James Harmes,FWD,"https://s.afl.com.au/staticfile/AFL%20Tenant/AFL/Players/ChampIDImages/AFL/2026014/297899.png?im=Scale,width=0.6,height=0.6",2026-02-26 00:25:45.873242+00,22,,,0,297899,western-bulldogs,Western Bulldogs,"https://s.afl.com.au/staticfile/AFL%20Tenant/AFL/Players/ChampIDImages/AFL/2026014/297899.png?im=Scale,width=0.6,height=0.6",James Harmes,James Harmes,amesarmes
bba08b0a-bf80-4ee2-bc05-0eef28d3e0b0,70c32ca0-2bec-4db6-9b70-b8c8327f51c1,Jacob Wehr,MID,"https://s.afl.com.au/staticfile/AFL%20Tenant/AFL/Players/ChampIDImages/AFL/2026014/1004530.png?im=Scale,width=0.6,height=0.6",2026-02-26 00:25:45.873242+00,15,,,0,1004530,port-adelaide-power,Port Adelaide Power,"https://s.afl.com.au/staticfile/AFL%20Tenant/AFL/Players/ChampIDImages/AFL/2026014/1004530.png?im=Scale,width=0.6,height=0.6",Jacob Wehr,Jacob Wehr,acobehr
bbb9ebe4-3969-44b4-b9bc-62d2f4a08b8a,0ceb3e8b-4504-4ddd-b7c6-e2bf4215eada,Arthur Jones,MID,"https://s.afl.com.au/staticfile/AFL%20Tenant/AFL/Players/ChampIDImages/AFL/2026014/1020586.png?im=Scale,width=0.6,height=0.6",2026-02-26 00:25:46.196086+00,32,,,0,1020586,western-bulldogs,Western Bulldogs,"https://s.afl.com.au/staticfile/AFL%20Tenant/AFL/Players/ChampIDImages/AFL/2026014/1020586.png?im=Scale,width=0.6,height=0.6",Arthur Jones,Arthur Jones,rthurones
bbccef8a-31da-4d5b-b610-05255120c3cf,38694aa4-7f1c-4a5f-b306-d094532ae24a,Darcy Parish,DEF,"https://s.afl.com.au/staticfile/AFL%20Tenant/AFL/Players/ChampIDImages/AFL/2026014/993817.png?im=Scale,width=0.6,height=0.6",2026-02-26 00:25:45.873242+00,3,,,0,993817,essendon-bombers,Essendon Bombers,"https://s.afl.com.au/staticfile/AFL%20Tenant/AFL/Players/ChampIDImages/AFL/2026014/993817.png?im=Scale,width=0.6,height=0.6",Darcy Parish,Darcy Parish,arcyarish
bbf817fe-97a0-4c61-be32-8cf0242fd0a6,70c32ca0-2bec-4db6-9b70-b8c8327f51c1,Tom Cochrane,FWD,"https://s.afl.com.au/staticfile/AFL%20Tenant/AFL/Players/ChampIDImages/AFL/2026014/1022371.png?im=Scale,width=0.6,height=0.6",2026-02-26 00:25:46.196086+00,26,,,0,1022371,port-adelaide-power,Port Adelaide Power,"https://s.afl.com.au/staticfile/AFL%20Tenant/AFL/Players/ChampIDImages/AFL/2026014/1022371.png?im=Scale,width=0.6,height=0.6",Tom Cochrane,Tom Cochrane,omochrane
bc4ebb3a-abcf-4877-9604-cd1240a6aafa,0d8207f2-c6ac-43c7-b3b1-154eb1648fe5,Josh Kelly,FWD,"https://s.afl.com.au/staticfile/AFL%20Tenant/AFL/Players/ChampIDImages/AFL/2026014/296347.png?im=Scale,width=0.6,height=0.6",2026-02-26 00:25:45.873242+00,22,,,0,296347,gws-giants,GWS Giants,"https://s.afl.com.au/staticfile/AFL%20Tenant/AFL/Players/ChampIDImages/AFL/2026014/296347.png?im=Scale,width=0.6,height=0.6",Josh Kelly,Josh Kelly,oshelly
bc7787c7-f128-4988-9fe4-baab996be6b4,0d8207f2-c6ac-43c7-b3b1-154eb1648fe5,Cody Angove,FWD,"https://s.afl.com.au/staticfile/AFL%20Tenant/AFL/Players/ChampIDImages/AFL/2026014/1032619.png?im=Scale,width=0.6,height=0.6",2026-02-26 00:25:45.873242+00,29,,,0,1032619,gws-giants,GWS Giants,"https://s.afl.com.au/staticfile/AFL%20Tenant/AFL/Players/ChampIDImages/AFL/2026014/1032619.png?im=Scale,width=0.6,height=0.6",Cody Angove,Cody Angove,odyngove
bd253608-e264-4b90-b2d2-969d22dbaf72,6689e156-49a9-4066-a22e-259375fa9b04,Rory Atkins,RUCK,"https://s.afl.com.au/staticfile/AFL%20Tenant/AFL/Players/ChampIDImages/AFL/2026014/294472.png?im=Scale,width=0.6,height=0.6",2026-02-26 00:25:45.873242+00,30,,,0,294472,geelong-cats,Geelong Cats,"https://s.afl.com.au/staticfile/AFL%20Tenant/AFL/Players/ChampIDImages/AFL/2026014/294472.png?im=Scale,width=0.6,height=0.6",Rory Atkins,Rory Atkins,orytkins
bd32fc9a-4521-43d4-b859-a54ac59c4e4a,501a05f7-174e-4a86-8cea-db048be8b646,Darragh Joyce,MID,"https://s.afl.com.au/staticfile/AFL%20Tenant/AFL/Players/ChampIDImages/AFL/2026014/1003520.png?im=Scale,width=0.6,height=0.6",2026-02-26 00:25:46.196086+00,41,,,0,1003520,brisbane-lions,Brisbane Lions,"https://s.afl.com.au/staticfile/AFL%20Tenant/AFL/Players/ChampIDImages/AFL/2026014/1003520.png?im=Scale,width=0.6,height=0.6",Darragh Joyce,Darragh Joyce,arraghoyce
bd9b7e58-6406-41aa-857a-4b381a5633ae,6d7d39fb-1136-4cc8-a68c-bb6a284f2245,Luke Nankervis,FWD,"https://s.afl.com.au/staticfile/AFL%20Tenant/AFL/Players/ChampIDImages/AFL/2026014/1021031.png?im=Scale,width=0.6,height=0.6",2026-02-26 00:25:45.873242+00,27,,,0,1021031,adelaide-crows,Adelaide Crows,"https://s.afl.com.au/staticfile/AFL%20Tenant/AFL/Players/ChampIDImages/AFL/2026014/1021031.png?im=Scale,width=0.6,height=0.6",Luke Nankervis,Luke Nankervis,ukeankervis
bda742f7-6575-401e-8963-5b72ed1a62c0,0ceb3e8b-4504-4ddd-b7c6-e2bf4215eada,Lachlan Bramble,FWD,"https://s.afl.com.au/staticfile/AFL%20Tenant/AFL/Players/ChampIDImages/AFL/2026014/1000864.png?im=Scale,width=0.6,height=0.6",2026-02-26 00:25:45.873242+00,29,,,0,1000864,western-bulldogs,Western Bulldogs,"https://s.afl.com.au/staticfile/AFL%20Tenant/AFL/Players/ChampIDImages/AFL/2026014/1000864.png?im=Scale,width=0.6,height=0.6",Lachlan Bramble,Lachlan Bramble,achlanramble
be14145e-c8c3-4299-abc9-3d9cc261ae32,6d7d39fb-1136-4cc8-a68c-bb6a284f2245,Brayden Cook,MID,"https://s.afl.com.au/staticfile/AFL%20Tenant/AFL/Players/ChampIDImages/AFL/2026014/1018335.png?im=Scale,width=0.6,height=0.6",2026-02-26 00:25:46.196086+00,15,,,0,1018335,adelaide-crows,Adelaide Crows,"https://s.afl.com.au/staticfile/AFL%20Tenant/AFL/Players/ChampIDImages/AFL/2026014/1018335.png?im=Scale,width=0.6,height=0.6",Brayden Cook,Brayden Cook,raydenook
be430e30-913e-448f-9765-895de011c220,82880eac-b132-4b23-93d7-0ec25ff0a023,Daniel Turner,MID,"https://s.afl.com.au/staticfile/AFL%20Tenant/AFL/Players/ChampIDImages/AFL/2026014/1020959.png?im=Scale,width=0.6,height=0.6",2026-02-26 00:25:46.196086+00,10,,,0,1020959,melbourne-demons,Melbourne Demons,"https://s.afl.com.au/staticfile/AFL%20Tenant/AFL/Players/ChampIDImages/AFL/2026014/1020959.png?im=Scale,width=0.6,height=0.6",Daniel Turner,Daniel Turner,anielurner
be630f31-e555-41e3-9754-9911bff7d013,85de4282-cc6a-4db6-b4f6-8520b69c38de,Riley Hardeman,MID,"https://s.afl.com.au/staticfile/AFL%20Tenant/AFL/Players/ChampIDImages/AFL/2026014/1023625.png?im=Scale,width=0.6,height=0.6",2026-02-26 00:25:46.196086+00,17,,,0,1023625,north-melbourne-kangaroos,North Melbourne Kangaroos,"https://s.afl.com.au/staticfile/AFL%20Tenant/AFL/Players/ChampIDImages/AFL/2026014/1023625.png?im=Scale,width=0.6,height=0.6",Riley Hardeman,Riley Hardeman,ileyardeman
be9d678b-2d41-422a-86b4-dd516ed08d30,0a73bf79-7321-4fd5-8b67-90fffabdcf01,Aiden Riddle,MID,"https://s.afl.com.au/staticfile/AFL%20Tenant/AFL/Players/ChampIDImages/AFL/2026014/1028228.png?im=Scale,width=0.6,height=0.6",2026-02-26 00:25:45.873242+00,42,,,0,1028228,fremantle-dockers,Fremantle Dockers,"https://s.afl.com.au/staticfile/AFL%20Tenant/AFL/Players/ChampIDImages/AFL/2026014/1028228.png?im=Scale,width=0.6,height=0.6",Aiden Riddle,Aiden Riddle,ideniddle
beb911b3-8ecb-41e6-b321-6c6ee1876aa8,,Odin Jones,,"https://s.afl.com.au/staticfile/AFL%20Tenant/AFL/Players/ChampIDImages/AFL/2026014/1028371.png?im=Scale,width=0.6,height=0.6",2026-02-26 00:25:46.196086+00,,,,0,1028371,,,"https://s.afl.com.au/staticfile/AFL%20Tenant/AFL/Players/ChampIDImages/AFL/2026014/1028371.png?im=Scale,width=0.6,height=0.6",Odin Jones,Odin Jones,dinones
bedd7128-161a-4685-8240-b28ebde1ae25,82880eac-b132-4b23-93d7-0ec25ff0a023,Aidan Johnson,MID,"https://s.afl.com.au/staticfile/AFL%20Tenant/AFL/Players/ChampIDImages/AFL/2026014/1024173.png?im=Scale,width=0.6,height=0.6",2026-02-26 00:25:46.196086+00,42,,,0,1024173,melbourne-demons,Melbourne Demons,"https://s.afl.com.au/staticfile/AFL%20Tenant/AFL/Players/ChampIDImages/AFL/2026014/1024173.png?im=Scale,width=0.6,height=0.6",Aidan Johnson,Aidan Johnson,idanohnson
bf0be7c7-c075-4ffa-a650-0e7caddedda6,d991371b-e2f7-4c95-ad7c-52ea89b07d7b,Cam Mackenzie,FWD,"https://s.afl.com.au/staticfile/AFL%20Tenant/AFL/Players/ChampIDImages/AFL/2026014/1023482.png?im=Scale,width=0.6,height=0.6",2026-02-26 00:25:45.873242+00,28,,,0,1023482,hawthorn-hawks,Hawthorn Hawks,"https://s.afl.com.au/staticfile/AFL%20Tenant/AFL/Players/ChampIDImages/AFL/2026014/1023482.png?im=Scale,width=0.6,height=0.6",Cam Mackenzie,Cam Mackenzie,amackenzie
bfc0e3d9-93e2-4df0-b0d9-fcd083169b37,6d7d39fb-1136-4cc8-a68c-bb6a284f2245,Wayne Milera,RUCK,"https://s.afl.com.au/staticfile/AFL%20Tenant/AFL/Players/ChampIDImages/AFL/2026014/990882.png?im=Scale,width=0.6,height=0.6",2026-02-26 00:25:45.873242+00,30,,,0,990882,adelaide-crows,Adelaide Crows,"https://s.afl.com.au/staticfile/AFL%20Tenant/AFL/Players/ChampIDImages/AFL/2026014/990882.png?im=Scale,width=0.6,height=0.6",Wayne Milera,Wayne Milera,ayneilera
c06af899-9e3d-437b-8791-1d9324885bb7,8953891c-6af3-4f31-8386-7340f0c27f9c,Alex Davies,DEF,"https://s.afl.com.au/staticfile/AFL%20Tenant/AFL/Players/ChampIDImages/AFL/2026014/1013268.png?im=Scale,width=0.6,height=0.6",2026-02-26 00:25:45.873242+00,5,,,0,1013268,gold-coast-suns,Gold Coast Suns,"https://s.afl.com.au/staticfile/AFL%20Tenant/AFL/Players/ChampIDImages/AFL/2026014/1013268.png?im=Scale,width=0.6,height=0.6",Alex Davies,Alex Davies,lexavies
c084c85d-2add-4df7-8cfd-68e63b3c9106,85de4282-cc6a-4db6-b4f6-8520b69c38de,Matt Whitlock,MID,"https://s.afl.com.au/staticfile/AFL%20Tenant/AFL/Players/ChampIDImages/AFL/2026014/1028547.png?im=Scale,width=0.6,height=0.6",2026-02-26 00:25:46.196086+00,35,,,0,1028547,north-melbourne-kangaroos,North Melbourne Kangaroos,"https://s.afl.com.au/staticfile/AFL%20Tenant/AFL/Players/ChampIDImages/AFL/2026014/1028547.png?im=Scale,width=0.6,height=0.6",Matt Whitlock,Matt Whitlock,atthitlock
c0c541f3-b7d4-4eed-bd83-9565aa47023e,6d7d39fb-1136-4cc8-a68c-bb6a284f2245,Charlie Edwards,MID,"https://s.afl.com.au/staticfile/AFL%20Tenant/AFL/Players/ChampIDImages/AFL/2026014/1028671.png?im=Scale,width=0.6,height=0.6",2026-02-26 00:25:45.873242+00,11,,,0,1028671,adelaide-crows,Adelaide Crows,"https://s.afl.com.au/staticfile/AFL%20Tenant/AFL/Players/ChampIDImages/AFL/2026014/1028671.png?im=Scale,width=0.6,height=0.6",Charlie Edwards,Charlie Edwards,harliedwards
c0f9138e-6a2a-4f40-8177-213fe3f374aa,914ab50f-d78d-4a28-aaef-6e4db1410600,Bradley Hill,DEF,"https://s.afl.com.au/staticfile/AFL%20Tenant/AFL/Players/ChampIDImages/AFL/2026014/295584.png?im=Scale,width=0.6,height=0.6",2026-02-26 00:25:45.873242+00,8,,,0,295584,st-kilda-saints,St Kilda Saints,"https://s.afl.com.au/staticfile/AFL%20Tenant/AFL/Players/ChampIDImages/AFL/2026014/295584.png?im=Scale,width=0.6,height=0.6",Bradley Hill,Bradley Hill,radleyill
c14e63db-328d-47df-b406-55048178147b,8953891c-6af3-4f31-8386-7340f0c27f9c,Joel Jeffrey,MID,"https://s.afl.com.au/staticfile/AFL%20Tenant/AFL/Players/ChampIDImages/AFL/2026014/1005992.png?im=Scale,width=0.6,height=0.6",2026-02-26 00:25:45.873242+00,40,,,0,1005992,gold-coast-suns,Gold Coast Suns,"https://s.afl.com.au/staticfile/AFL%20Tenant/AFL/Players/ChampIDImages/AFL/2026014/1005992.png?im=Scale,width=0.6,height=0.6",Joel Jeffrey,Joel Jeffrey,oeleffrey
c17bd866-2731-45ed-96f6-a8b234fede88,5a697f25-65ef-4a40-9446-c813bbd624dc,Jai Serong,MID,"https://s.afl.com.au/staticfile/AFL%20Tenant/AFL/Players/ChampIDImages/AFL/2026014/1017091.png?im=Scale,width=0.6,height=0.6",2026-02-26 00:25:46.196086+00,13,,,0,1017091,sydney-swans,Sydney Swans,"https://s.afl.com.au/staticfile/AFL%20Tenant/AFL/Players/ChampIDImages/AFL/2026014/1017091.png?im=Scale,width=0.6,height=0.6",Jai Serong,Jai Serong,aierong
c3e08132-7b6f-427a-baa8-bae9c355cdab,82880eac-b132-4b23-93d7-0ec25ff0a023,Jai Culley,MID,"https://s.afl.com.au/staticfile/AFL%20Tenant/AFL/Players/ChampIDImages/AFL/2026014/1020802.png?im=Scale,width=0.6,height=0.6",2026-02-26 00:25:46.196086+00,13,,,0,1020802,melbourne-demons,Melbourne Demons,"https://s.afl.com.au/staticfile/AFL%20Tenant/AFL/Players/ChampIDImages/AFL/2026014/1020802.png?im=Scale,width=0.6,height=0.6",Jai Culley,Jai Culley,aiulley
c3f43c89-a022-4630-86df-b5072f6a299f,6d7d39fb-1136-4cc8-a68c-bb6a284f2245,Max Michalanney,MID,"https://s.afl.com.au/staticfile/AFL%20Tenant/AFL/Players/ChampIDImages/AFL/2026014/1015370.png?im=Scale,width=0.6,height=0.6",2026-02-26 00:25:45.873242+00,16,,,0,1015370,adelaide-crows,Adelaide Crows,"https://s.afl.com.au/staticfile/AFL%20Tenant/AFL/Players/ChampIDImages/AFL/2026014/1015370.png?im=Scale,width=0.6,height=0.6",Max Michalanney,Max Michalanney,axichalanney
c44b4559-070d-43cd-864c-57d43aae5c4a,4a0822e2-ed7a-4fc4-8e70-bd1d1b92d3f8,Darcy Moore,RUCK,"https://s.afl.com.au/staticfile/AFL%20Tenant/AFL/Players/ChampIDImages/AFL/2026014/298288.png?im=Scale,width=0.6,height=0.6",2026-02-26 00:25:46.196086+00,30,,,0,298288,collingwood-magpies,Collingwood Magpies,"https://s.afl.com.au/staticfile/AFL%20Tenant/AFL/Players/ChampIDImages/AFL/2026014/298288.png?im=Scale,width=0.6,height=0.6",Darcy Moore,Darcy Moore,arcyoore
c45ee84b-5918-436e-bcb4-f6974546af1f,70c32ca0-2bec-4db6-9b70-b8c8327f51c1,Jacob Moss,MID,"https://s.afl.com.au/staticfile/AFL%20Tenant/AFL/Players/ChampIDImages/AFL/2026014/1038914.png?im=Scale,width=0.6,height=0.6",2026-02-26 00:25:46.196086+00,42,,,0,1038914,port-adelaide-power,Port Adelaide Power,"https://s.afl.com.au/staticfile/AFL%20Tenant/AFL/Players/ChampIDImages/AFL/2026014/1038914.png?im=Scale,width=0.6,height=0.6",Jacob Moss,Jacob Moss,acoboss
c4625dcb-665f-4946-bc22-87b31f46cab8,0d8207f2-c6ac-43c7-b3b1-154eb1648fe5,Jake Stringer,FWD,"https://s.afl.com.au/staticfile/AFL%20Tenant/AFL/Players/ChampIDImages/AFL/2026014/293884.png?im=Scale,width=0.6,height=0.6",2026-02-26 00:25:45.873242+00,20,,,0,293884,gws-giants,GWS Giants,"https://s.afl.com.au/staticfile/AFL%20Tenant/AFL/Players/ChampIDImages/AFL/2026014/293884.png?im=Scale,width=0.6,height=0.6",Jake Stringer,Jake Stringer,aketringer
c4a266e3-bcae-4a3d-9194-75b745b6b922,70c32ca0-2bec-4db6-9b70-b8c8327f51c1,Joe Richards,MID,"https://s.afl.com.au/staticfile/AFL%20Tenant/AFL/Players/ChampIDImages/AFL/2026014/1008239.png?im=Scale,width=0.6,height=0.6",2026-02-26 00:25:45.873242+00,35,,,0,1008239,port-adelaide-power,Port Adelaide Power,"https://s.afl.com.au/staticfile/AFL%20Tenant/AFL/Players/ChampIDImages/AFL/2026014/1008239.png?im=Scale,width=0.6,height=0.6",Joe Richards,Joe Richards,oeichards
c4b50e93-20be-47a2-9b88-a83b2f4ca860,f70ca36c-612b-439f-850f-4a31fd2df499,Harry Charleson,FWD,"https://s.afl.com.au/staticfile/AFL%20Tenant/AFL/Players/ChampIDImages/AFL/2026014/1028496.png?im=Scale,width=0.6,height=0.6",2026-02-26 00:25:45.873242+00,28,,,0,1028496,carlton-blues,Carlton Blues,"https://s.afl.com.au/staticfile/AFL%20Tenant/AFL/Players/ChampIDImages/AFL/2026014/1028496.png?im=Scale,width=0.6,height=0.6",Harry Charleson,Harry Charleson,arryharleson
c4be85d8-d4c4-43ce-b15d-796851750e96,82880eac-b132-4b23-93d7-0ec25ff0a023,Max Gawn,MID,"https://s.afl.com.au/staticfile/AFL%20Tenant/AFL/Players/ChampIDImages/AFL/2026014/290528.png?im=Scale,width=0.6,height=0.6",2026-02-26 00:25:45.873242+00,11,,,0,290528,melbourne-demons,Melbourne Demons,"https://s.afl.com.au/staticfile/AFL%20Tenant/AFL/Players/ChampIDImages/AFL/2026014/290528.png?im=Scale,width=0.6,height=0.6",Max Gawn,Max Gawn,axawn
c53019e5-97f2-418b-91df-9a51e026f454,82880eac-b132-4b23-93d7-0ec25ff0a023,Brody Mihocek,FWD,"https://s.afl.com.au/staticfile/AFL%20Tenant/AFL/Players/ChampIDImages/AFL/2026014/291849.png?im=Scale,width=0.6,height=0.6",2026-02-26 00:25:45.873242+00,28,,,0,291849,melbourne-demons,Melbourne Demons,"https://s.afl.com.au/staticfile/AFL%20Tenant/AFL/Players/ChampIDImages/AFL/2026014/291849.png?im=Scale,width=0.6,height=0.6",Brody Mihocek,Brody Mihocek,rodyihocek
c64e603b-eec9-43c6-8411-3e7cc6b5152b,70c32ca0-2bec-4db6-9b70-b8c8327f51c1,Connor Rozee,DEF,"https://s.afl.com.au/staticfile/AFL%20Tenant/AFL/Players/ChampIDImages/AFL/2026014/1001299.png?im=Scale,width=0.6,height=0.6",2026-02-26 00:25:45.873242+00,1,,,0,1001299,port-adelaide-power,Port Adelaide Power,"https://s.afl.com.au/staticfile/AFL%20Tenant/AFL/Players/ChampIDImages/AFL/2026014/1001299.png?im=Scale,width=0.6,height=0.6",Connor Rozee,Connor Rozee,onnorozee
c6609888-718b-4b1b-86ad-f74d938d383b,6d7d39fb-1136-4cc8-a68c-bb6a284f2245,Mark Keane,MID,"https://s.afl.com.au/staticfile/AFL%20Tenant/AFL/Players/ChampIDImages/AFL/2026014/1013974.png?im=Scale,width=0.6,height=0.6",2026-02-26 00:25:45.873242+00,48,,,0,1013974,adelaide-crows,Adelaide Crows,"https://s.afl.com.au/staticfile/AFL%20Tenant/AFL/Players/ChampIDImages/AFL/2026014/1013974.png?im=Scale,width=0.6,height=0.6",Mark Keane,Mark Keane,arkeane
c6f4f8c3-97ac-4898-b512-457f845b3a3a,5a697f25-65ef-4a40-9446-c813bbd624dc,James Jordon,MID,"https://s.afl.com.au/staticfile/AFL%20Tenant/AFL/Players/ChampIDImages/AFL/2026014/1013409.png?im=Scale,width=0.6,height=0.6",2026-02-26 00:25:45.873242+00,17,,,0,1013409,sydney-swans,Sydney Swans,"https://s.afl.com.au/staticfile/AFL%20Tenant/AFL/Players/ChampIDImages/AFL/2026014/1013409.png?im=Scale,width=0.6,height=0.6",James Jordon,James Jordon,amesordon
c7264b54-2c59-429e-9813-3271afd214ee,70c32ca0-2bec-4db6-9b70-b8c8327f51c1,Will Lorenz,MID,"https://s.afl.com.au/staticfile/AFL%20Tenant/AFL/Players/ChampIDImages/AFL/2026014/1029262.png?im=Scale,width=0.6,height=0.6",2026-02-26 00:25:46.196086+00,36,,,0,1029262,port-adelaide-power,Port Adelaide Power,"https://s.afl.com.au/staticfile/AFL%20Tenant/AFL/Players/ChampIDImages/AFL/2026014/1029262.png?im=Scale,width=0.6,height=0.6",Will Lorenz,Will Lorenz,illorenz
c85a0f3e-251d-4867-a8f7-c51b12a5bf68,6d7d39fb-1136-4cc8-a68c-bb6a284f2245,Toby Murray,MID,"https://s.afl.com.au/staticfile/AFL%20Tenant/AFL/Players/ChampIDImages/AFL/2026014/1020950.png?im=Scale,width=0.6,height=0.6",2026-02-26 00:25:46.196086+00,39,,,0,1020950,adelaide-crows,Adelaide Crows,"https://s.afl.com.au/staticfile/AFL%20Tenant/AFL/Players/ChampIDImages/AFL/2026014/1020950.png?im=Scale,width=0.6,height=0.6",Toby Murray,Toby Murray,obyurray
c872aa1b-3d77-4348-bad7-fce547dd489a,d991371b-e2f7-4c95-ad7c-52ea89b07d7b,Connor Macdonald,MID,"https://s.afl.com.au/staticfile/AFL%20Tenant/AFL/Players/ChampIDImages/AFL/2026014/1017094.png?im=Scale,width=0.6,height=0.6",2026-02-26 00:25:45.873242+00,9,,,0,1017094,hawthorn-hawks,Hawthorn Hawks,"https://s.afl.com.au/staticfile/AFL%20Tenant/AFL/Players/ChampIDImages/AFL/2026014/1017094.png?im=Scale,width=0.6,height=0.6",Connor Macdonald,Connor Macdonald,onnoracdonald
c882c59c-6513-4513-bc19-eef8a97625e2,,Geordie Payne,,"https://s.afl.com.au/staticfile/AFL%20Tenant/AFL/Players/ChampIDImages/AFL/2026014/1027726.png?im=Scale,width=0.6,height=0.6",2026-02-26 00:25:45.873242+00,,,,0,1027726,,,"https://s.afl.com.au/staticfile/AFL%20Tenant/AFL/Players/ChampIDImages/AFL/2026014/1027726.png?im=Scale,width=0.6,height=0.6",Geordie Payne,Geordie Payne,eordieayne
c8a2c70b-b6f0-454b-86a2-99fc0ef9fcab,85de4282-cc6a-4db6-b4f6-8520b69c38de,Jacob Konstanty,MID,"https://s.afl.com.au/staticfile/AFL%20Tenant/AFL/Players/ChampIDImages/AFL/2026014/1023530.png?im=Scale,width=0.6,height=0.6",2026-02-26 00:25:46.196086+00,41,,,0,1023530,north-melbourne-kangaroos,North Melbourne Kangaroos,"https://s.afl.com.au/staticfile/AFL%20Tenant/AFL/Players/ChampIDImages/AFL/2026014/1023530.png?im=Scale,width=0.6,height=0.6",Jacob Konstanty,Jacob Konstanty,acobonstanty
c8e1aba1-57f6-47ba-8446-40b0b2f62ac3,4a0822e2-ed7a-4fc4-8e70-bd1d1b92d3f8,Lachlan Sullivan,MID,"https://s.afl.com.au/staticfile/AFL%20Tenant/AFL/Players/ChampIDImages/AFL/2026014/998480.png?im=Scale,width=0.6,height=0.6",2026-02-26 00:25:46.196086+00,33,,,0,998480,collingwood-magpies,Collingwood Magpies,"https://s.afl.com.au/staticfile/AFL%20Tenant/AFL/Players/ChampIDImages/AFL/2026014/998480.png?im=Scale,width=0.6,height=0.6",Lachlan Sullivan,Lachlan Sullivan,achlanullivan
c911729e-d1fb-42f3-9c02-6a8ebbcdb3e2,501a05f7-174e-4a86-8cea-db048be8b646,Charlie Cameron,FWD,"https://s.afl.com.au/staticfile/AFL%20Tenant/AFL/Players/ChampIDImages/AFL/2026014/990609.png?im=Scale,width=0.6,height=0.6",2026-02-26 00:25:45.873242+00,23,,,0,990609,brisbane-lions,Brisbane Lions,"https://s.afl.com.au/staticfile/AFL%20Tenant/AFL/Players/ChampIDImages/AFL/2026014/990609.png?im=Scale,width=0.6,height=0.6",Charlie Cameron,Charlie Cameron,harlieameron
c981c016-0f4b-42c3-bb18-ca754d8fe32e,0d8207f2-c6ac-43c7-b3b1-154eb1648fe5,Kieren Briggs,MID,"https://s.afl.com.au/staticfile/AFL%20Tenant/AFL/Players/ChampIDImages/AFL/2026014/1008436.png?im=Scale,width=0.6,height=0.6",2026-02-26 00:25:45.873242+00,32,,,0,1008436,gws-giants,GWS Giants,"https://s.afl.com.au/staticfile/AFL%20Tenant/AFL/Players/ChampIDImages/AFL/2026014/1008436.png?im=Scale,width=0.6,height=0.6",Kieren Briggs,Kieren Briggs,ierenriggs
c9f37a11-0f48-4f0e-a3b3-45b431b4db31,d991371b-e2f7-4c95-ad7c-52ea89b07d7b,Finn Maginness,FWD,"https://s.afl.com.au/staticfile/AFL%20Tenant/AFL/Players/ChampIDImages/AFL/2026014/1009421.png?im=Scale,width=0.6,height=0.6",2026-02-26 00:25:45.873242+00,20,,,0,1009421,hawthorn-hawks,Hawthorn Hawks,"https://s.afl.com.au/staticfile/AFL%20Tenant/AFL/Players/ChampIDImages/AFL/2026014/1009421.png?im=Scale,width=0.6,height=0.6",Finn Maginness,Finn Maginness,innaginness
ca04b79f-7e55-4c82-9bf2-b4929a5117a4,,Ryan Burton,,"https://s.afl.com.au/staticfile/AFL%20Tenant/AFL/Players/ChampIDImages/AFL/2026014/992128.png?im=Scale,width=0.6,height=0.6",2026-02-26 00:25:45.873242+00,,,,0,992128,,,"https://s.afl.com.au/staticfile/AFL%20Tenant/AFL/Players/ChampIDImages/AFL/2026014/992128.png?im=Scale,width=0.6,height=0.6",Ryan Burton,Ryan Burton,yanurton
ca197b3d-63f8-4c22-86a5-c3c00238281e,5a697f25-65ef-4a40-9446-c813bbd624dc,Tom McCartin,RUCK,"https://s.afl.com.au/staticfile/AFL%20Tenant/AFL/Players/ChampIDImages/AFL/2026014/1008198.png?im=Scale,width=0.6,height=0.6",2026-02-26 00:25:46.196086+00,30,,,0,1008198,sydney-swans,Sydney Swans,"https://s.afl.com.au/staticfile/AFL%20Tenant/AFL/Players/ChampIDImages/AFL/2026014/1008198.png?im=Scale,width=0.6,height=0.6",Tom McCartin,Tom McCartin,omcartin
cae386fa-1141-4097-92af-1cc1c30c9f40,82880eac-b132-4b23-93d7-0ec25ff0a023,Koltyn Tholstrup,MID,"https://s.afl.com.au/staticfile/AFL%20Tenant/AFL/Players/ChampIDImages/AFL/2026014/1023640.png?im=Scale,width=0.6,height=0.6",2026-02-26 00:25:45.873242+00,12,,,0,1023640,melbourne-demons,Melbourne Demons,"https://s.afl.com.au/staticfile/AFL%20Tenant/AFL/Players/ChampIDImages/AFL/2026014/1023640.png?im=Scale,width=0.6,height=0.6",Koltyn Tholstrup,Koltyn Tholstrup,oltynholstrup
cb9d3edb-9044-41d7-927b-15b4f980c2c0,0d8207f2-c6ac-43c7-b3b1-154eb1648fe5,Jayden Laverde,FWD,"https://s.afl.com.au/staticfile/AFL%20Tenant/AFL/Players/ChampIDImages/AFL/2026014/298280.png?im=Scale,width=0.6,height=0.6",2026-02-26 00:25:45.873242+00,25,,,0,298280,gws-giants,GWS Giants,"https://s.afl.com.au/staticfile/AFL%20Tenant/AFL/Players/ChampIDImages/AFL/2026014/298280.png?im=Scale,width=0.6,height=0.6",Jayden Laverde,Jayden Laverde,aydenaverde
cbb9908b-2ae4-4755-ade5-a694c3f99d3f,4a0822e2-ed7a-4fc4-8e70-bd1d1b92d3f8,Beau McCreery,RUCK,"https://s.afl.com.au/staticfile/AFL%20Tenant/AFL/Players/ChampIDImages/AFL/2026014/1004757.png?im=Scale,width=0.6,height=0.6",2026-02-26 00:25:45.873242+00,31,,,0,1004757,collingwood-magpies,Collingwood Magpies,"https://s.afl.com.au/staticfile/AFL%20Tenant/AFL/Players/ChampIDImages/AFL/2026014/1004757.png?im=Scale,width=0.6,height=0.6",Beau McCreery,Beau McCreery,eaucreery
cc5e5a4a-6dc8-410d-b943-66bf6d7c3398,501a05f7-174e-4a86-8cea-db048be8b646,Sam Draper,DEF,"https://s.afl.com.au/staticfile/AFL%20Tenant/AFL/Players/ChampIDImages/AFL/2026014/1005577.png?im=Scale,width=0.6,height=0.6",2026-02-26 00:25:45.873242+00,2,,,0,1005577,brisbane-lions,Brisbane Lions,"https://s.afl.com.au/staticfile/AFL%20Tenant/AFL/Players/ChampIDImages/AFL/2026014/1005577.png?im=Scale,width=0.6,height=0.6",Sam Draper,Sam Draper,amraper
cc5fcb47-9c84-4a8c-8c40-68d3f1d1dfec,914ab50f-d78d-4a28-aaef-6e4db1410600,Mattaes Phillipou,FWD,"https://s.afl.com.au/staticfile/AFL%20Tenant/AFL/Players/ChampIDImages/AFL/2026014/1020137.png?im=Scale,width=0.6,height=0.6",2026-02-26 00:25:45.873242+00,25,,,0,1020137,st-kilda-saints,St Kilda Saints,"https://s.afl.com.au/staticfile/AFL%20Tenant/AFL/Players/ChampIDImages/AFL/2026014/1020137.png?im=Scale,width=0.6,height=0.6",Mattaes Phillipou,Mattaes Phillipou,attaeshillipou
cc6c8c2f-ebde-4a10-8201-d11bd3d03279,0d8207f2-c6ac-43c7-b3b1-154eb1648fe5,Phoenix Gothard,MID,"https://s.afl.com.au/staticfile/AFL%20Tenant/AFL/Players/ChampIDImages/AFL/2026014/1032042.png?im=Scale,width=0.6,height=0.6",2026-02-26 00:25:46.196086+00,11,,,0,1032042,gws-giants,GWS Giants,"https://s.afl.com.au/staticfile/AFL%20Tenant/AFL/Players/ChampIDImages/AFL/2026014/1032042.png?im=Scale,width=0.6,height=0.6",Phoenix Gothard,Phoenix Gothard,hoenixothard
ccdd2b0e-b40a-40fc-a2d3-726407aa2a60,6689e156-49a9-4066-a22e-259375fa9b04,Oisin Mullin,MID,"https://s.afl.com.au/staticfile/AFL%20Tenant/AFL/Players/ChampIDImages/AFL/2026014/1024982.png?im=Scale,width=0.6,height=0.6",2026-02-26 00:25:46.196086+00,34,,,0,1024982,geelong-cats,Geelong Cats,"https://s.afl.com.au/staticfile/AFL%20Tenant/AFL/Players/ChampIDImages/AFL/2026014/1024982.png?im=Scale,width=0.6,height=0.6",Oisin Mullin,Oisin Mullin,isinullin
cd52b443-c90f-491c-b678-f2ac6c5c16ca,6e06405b-7cff-4d56-b852-48cc980c21bb,Rhyan Mansell,DEF,"https://s.afl.com.au/staticfile/AFL%20Tenant/AFL/Players/ChampIDImages/AFL/2026014/1008478.png?im=Scale,width=0.6,height=0.6",2026-02-26 00:25:45.873242+00,7,,,0,1008478,richmond-tigers,Richmond Tigers,"https://s.afl.com.au/staticfile/AFL%20Tenant/AFL/Players/ChampIDImages/AFL/2026014/1008478.png?im=Scale,width=0.6,height=0.6",Rhyan Mansell,Rhyan Mansell,hyanansell
cdd0b8e3-aeb9-460a-8544-3177ae0d1573,,Jed McEntee,,"https://s.afl.com.au/staticfile/AFL%20Tenant/AFL/Players/ChampIDImages/AFL/2026014/1004819.png?im=Scale,width=0.6,height=0.6",2026-02-26 00:25:46.196086+00,,,,0,1004819,,,"https://s.afl.com.au/staticfile/AFL%20Tenant/AFL/Players/ChampIDImages/AFL/2026014/1004819.png?im=Scale,width=0.6,height=0.6",Jed McEntee,Jed McEntee,edcntee
cece01c7-cb7e-49e2-ac6b-ab4e5a248fa7,0a73bf79-7321-4fd5-8b67-90fffabdcf01,Hayden Young,FWD,"https://s.afl.com.au/staticfile/AFL%20Tenant/AFL/Players/ChampIDImages/AFL/2026014/1009256.png?im=Scale,width=0.6,height=0.6",2026-02-26 00:25:45.873242+00,26,,,0,1009256,fremantle-dockers,Fremantle Dockers,"https://s.afl.com.au/staticfile/AFL%20Tenant/AFL/Players/ChampIDImages/AFL/2026014/1009256.png?im=Scale,width=0.6,height=0.6",Hayden Young,Hayden Young,aydenoung
ced2fce0-fbd2-46d9-881a-06a4e3f2db92,,Loch Rawlinson,,"https://s.afl.com.au/staticfile/AFL%20Tenant/AFL/Players/ChampIDImages/AFL/2026014/1020032.png?im=Scale,width=0.6,height=0.6",2026-02-26 00:25:46.196086+00,,,,0,1020032,,,"https://s.afl.com.au/staticfile/AFL%20Tenant/AFL/Players/ChampIDImages/AFL/2026014/1020032.png?im=Scale,width=0.6,height=0.6",Loch Rawlinson,Loch Rawlinson,ochawlinson
cef7acf8-2c18-4ccd-b7b5-dbbedbe75730,82880eac-b132-4b23-93d7-0ec25ff0a023,Bayley Fritsch,MID,"https://s.afl.com.au/staticfile/AFL%20Tenant/AFL/Players/ChampIDImages/AFL/2026014/1001438.png?im=Scale,width=0.6,height=0.6",2026-02-26 00:25:45.873242+00,31,,,0,1001438,melbourne-demons,Melbourne Demons,"https://s.afl.com.au/staticfile/AFL%20Tenant/AFL/Players/ChampIDImages/AFL/2026014/1001438.png?im=Scale,width=0.6,height=0.6",Bayley Fritsch,Bayley Fritsch,ayleyritsch
cf664c38-f0a4-42dd-9b7c-cca41eb922e9,6d7d39fb-1136-4cc8-a68c-bb6a284f2245,Josh Rachele,DEF,"https://s.afl.com.au/staticfile/AFL%20Tenant/AFL/Players/ChampIDImages/AFL/2026014/1017051.png?im=Scale,width=0.6,height=0.6",2026-02-26 00:25:45.873242+00,8,,,0,1017051,adelaide-crows,Adelaide Crows,"https://s.afl.com.au/staticfile/AFL%20Tenant/AFL/Players/ChampIDImages/AFL/2026014/1017051.png?im=Scale,width=0.6,height=0.6",Josh Rachele,Josh Rachele,oshachele
d15b4272-a872-4bb2-b1dd-d66cd1e96e66,6e06405b-7cff-4d56-b852-48cc980c21bb,James Trezise,MID,"https://s.afl.com.au/staticfile/AFL%20Tenant/AFL/Players/ChampIDImages/AFL/2026014/1031829.png?im=Scale,width=0.6,height=0.6",2026-02-26 00:25:45.873242+00,36,,,0,1031829,richmond-tigers,Richmond Tigers,"https://s.afl.com.au/staticfile/AFL%20Tenant/AFL/Players/ChampIDImages/AFL/2026014/1031829.png?im=Scale,width=0.6,height=0.6",James Trezise,James Trezise,amesrezise
d19ea719-1e87-49b6-a4f4-d742bc4d0faf,501a05f7-174e-4a86-8cea-db048be8b646,Kai Lohmann,DEF,"https://s.afl.com.au/staticfile/AFL%20Tenant/AFL/Players/ChampIDImages/AFL/2026014/1014026.png?im=Scale,width=0.6,height=0.6",2026-02-26 00:25:45.873242+00,1,,,0,1014026,brisbane-lions,Brisbane Lions,"https://s.afl.com.au/staticfile/AFL%20Tenant/AFL/Players/ChampIDImages/AFL/2026014/1014026.png?im=Scale,width=0.6,height=0.6",Kai Lohmann,Kai Lohmann,aiohmann
d19f915d-b54a-48bd-b579-d42878d1062b,501a05f7-174e-4a86-8cea-db048be8b646,Noah Answerth,MID,"https://s.afl.com.au/staticfile/AFL%20Tenant/AFL/Players/ChampIDImages/AFL/2026014/1005053.png?im=Scale,width=0.6,height=0.6",2026-02-26 00:25:45.873242+00,43,,,0,1005053,brisbane-lions,Brisbane Lions,"https://s.afl.com.au/staticfile/AFL%20Tenant/AFL/Players/ChampIDImages/AFL/2026014/1005053.png?im=Scale,width=0.6,height=0.6",Noah Answerth,Noah Answerth,oahnswerth
d2aaaac5-50a9-46d2-9348-11f694d47b73,f70ca36c-612b-439f-850f-4a31fd2df499,Adam Saad,MID,"https://s.afl.com.au/staticfile/AFL%20Tenant/AFL/Players/ChampIDImages/AFL/2026014/295461.png?im=Scale,width=0.6,height=0.6",2026-02-26 00:25:45.873242+00,42,,,0,295461,carlton-blues,Carlton Blues,"https://s.afl.com.au/staticfile/AFL%20Tenant/AFL/Players/ChampIDImages/AFL/2026014/295461.png?im=Scale,width=0.6,height=0.6",Adam Saad,Adam Saad,damaad
d2b8b474-d671-4726-9795-1efdfbe9f89e,,Jeremy Finlayson,,"https://s.afl.com.au/staticfile/AFL%20Tenant/AFL/Players/ChampIDImages/AFL/2026014/298111.png?im=Scale,width=0.6,height=0.6",2026-02-26 00:25:46.196086+00,,,,0,298111,,,"https://s.afl.com.au/staticfile/AFL%20Tenant/AFL/Players/ChampIDImages/AFL/2026014/298111.png?im=Scale,width=0.6,height=0.6",Jeremy Finlayson,Jeremy Finlayson,eremyinlayson
d2ef91c2-eb55-45e5-b789-829cc89bddcd,f70ca36c-612b-439f-850f-4a31fd2df499,Ben Camporeale,MID,"https://s.afl.com.au/staticfile/AFL%20Tenant/AFL/Players/ChampIDImages/AFL/2026014/1027282.png?im=Scale,width=0.6,height=0.6",2026-02-26 00:25:45.873242+00,16,,,0,1027282,carlton-blues,Carlton Blues,"https://s.afl.com.au/staticfile/AFL%20Tenant/AFL/Players/ChampIDImages/AFL/2026014/1027282.png?im=Scale,width=0.6,height=0.6",Ben Camporeale,Ben Camporeale,enamporeale
d378a72b-53aa-4da9-988b-5e04bc57f770,0ceb3e8b-4504-4ddd-b7c6-e2bf4215eada,Lachlan McNeil,RUCK,"https://s.afl.com.au/staticfile/AFL%20Tenant/AFL/Players/ChampIDImages/AFL/2026014/1009015.png?im=Scale,width=0.6,height=0.6",2026-02-26 00:25:46.196086+00,30,,,0,1009015,western-bulldogs,Western Bulldogs,"https://s.afl.com.au/staticfile/AFL%20Tenant/AFL/Players/ChampIDImages/AFL/2026014/1009015.png?im=Scale,width=0.6,height=0.6",Lachlan McNeil,Lachlan McNeil,achlanceil
d391f7cc-09d8-484b-b8c5-ce06c5ccd0ba,f70ca36c-612b-439f-850f-4a31fd2df499,Harry McKay,MID,"https://s.afl.com.au/staticfile/AFL%20Tenant/AFL/Players/ChampIDImages/AFL/2026014/1000953.png?im=Scale,width=0.6,height=0.6",2026-02-26 00:25:45.873242+00,10,,,0,1000953,carlton-blues,Carlton Blues,"https://s.afl.com.au/staticfile/AFL%20Tenant/AFL/Players/ChampIDImages/AFL/2026014/1000953.png?im=Scale,width=0.6,height=0.6",Harry McKay,Harry McKay,arrycay
d3aae47e-7595-4aad-b984-bf3c0a06e2c3,6689e156-49a9-4066-a22e-259375fa9b04,Tom Atkins,RUCK,"https://s.afl.com.au/staticfile/AFL%20Tenant/AFL/Players/ChampIDImages/AFL/2026014/994386.png?im=Scale,width=0.6,height=0.6",2026-02-26 00:25:45.873242+00,30,,,0,994386,geelong-cats,Geelong Cats,"https://s.afl.com.au/staticfile/AFL%20Tenant/AFL/Players/ChampIDImages/AFL/2026014/994386.png?im=Scale,width=0.6,height=0.6",Tom Atkins,Tom Atkins,omtkins
d3c2075d-d799-41e8-a000-1e8744108b2c,70c32ca0-2bec-4db6-9b70-b8c8327f51c1,Harrison Ramm,RUCK,"https://s.afl.com.au/staticfile/AFL%20Tenant/AFL/Players/ChampIDImages/AFL/2026014/1027311.png?im=Scale,width=0.6,height=0.6",2026-02-26 00:25:46.196086+00,32,,,0,1027311,port-adelaide-power,Port Adelaide Power,"https://s.afl.com.au/staticfile/AFL%20Tenant/AFL/Players/ChampIDImages/AFL/2026014/1027311.png?im=Scale,width=0.6,height=0.6",Harrison Ramm,Harrison Ramm,arrisonamm
d3cc9257-55c9-4ddc-878e-0b6b5746145d,0ceb3e8b-4504-4ddd-b7c6-e2bf4215eada,Buku Khamis,FWD,"https://s.afl.com.au/staticfile/AFL%20Tenant/AFL/Players/ChampIDImages/AFL/2026014/998782.png?im=Scale,width=0.6,height=0.6",2026-02-26 00:25:46.196086+00,24,,,0,998782,western-bulldogs,Western Bulldogs,"https://s.afl.com.au/staticfile/AFL%20Tenant/AFL/Players/ChampIDImages/AFL/2026014/998782.png?im=Scale,width=0.6,height=0.6",Buku Khamis,Buku Khamis,ukuhamis
d418cd3d-04aa-465f-ae3e-bd4d877c92c3,82880eac-b132-4b23-93d7-0ec25ff0a023,Jack Steele,MID,"https://s.afl.com.au/staticfile/AFL%20Tenant/AFL/Players/ChampIDImages/AFL/2026014/296205.png?im=Scale,width=0.6,height=0.6",2026-02-26 00:25:45.873242+00,9,,,0,296205,melbourne-demons,Melbourne Demons,"https://s.afl.com.au/staticfile/AFL%20Tenant/AFL/Players/ChampIDImages/AFL/2026014/296205.png?im=Scale,width=0.6,height=0.6",Jack Steele,Jack Steele,ackteele
d4e60acf-c86b-486a-bfd6-ae7d6bedf4b1,70c32ca0-2bec-4db6-9b70-b8c8327f51c1,Ollie Lord,FWD,"https://s.afl.com.au/staticfile/AFL%20Tenant/AFL/Players/ChampIDImages/AFL/2026014/1012881.png?im=Scale,width=0.6,height=0.6",2026-02-26 00:25:46.196086+00,30,,,0,1012881,port-adelaide-power,Port Adelaide Power,"https://s.afl.com.au/staticfile/AFL%20Tenant/AFL/Players/ChampIDImages/AFL/2026014/1012881.png?im=Scale,width=0.6,height=0.6",Ollie Lord,Ollie Lord,llieord
d515c75b-9aed-41a0-aa8e-59fffc06a6bd,82880eac-b132-4b23-93d7-0ec25ff0a023,Bailey Laurie,MID,"https://s.afl.com.au/staticfile/AFL%20Tenant/AFL/Players/ChampIDImages/AFL/2026014/1012826.png?im=Scale,width=0.6,height=0.6",2026-02-26 00:25:45.873242+00,16,,,0,1012826,melbourne-demons,Melbourne Demons,"https://s.afl.com.au/staticfile/AFL%20Tenant/AFL/Players/ChampIDImages/AFL/2026014/1012826.png?im=Scale,width=0.6,height=0.6",Bailey Laurie,Bailey Laurie,aileyaurie
d5396cfc-e466-453b-9484-be1cc30c8369,70c32ca0-2bec-4db6-9b70-b8c8327f51c1,Dante Visentini,MID,"https://s.afl.com.au/staticfile/AFL%20Tenant/AFL/Players/ChampIDImages/AFL/2026014/1017128.png?im=Scale,width=0.6,height=0.6",2026-02-26 00:25:45.873242+00,38,,,0,1017128,port-adelaide-power,Port Adelaide Power,"https://s.afl.com.au/staticfile/AFL%20Tenant/AFL/Players/ChampIDImages/AFL/2026014/1017128.png?im=Scale,width=0.6,height=0.6",Dante Visentini,Dante Visentini,anteisentini
d58ef9df-da0b-4702-b3fa-21bb83f86fd1,38694aa4-7f1c-4a5f-b306-d094532ae24a,Zak Johnson,MID,"https://s.afl.com.au/staticfile/AFL%20Tenant/AFL/Players/ChampIDImages/AFL/2026014/1028519.png?im=Scale,width=0.6,height=0.6",2026-02-26 00:25:45.873242+00,40,,,0,1028519,essendon-bombers,Essendon Bombers,"https://s.afl.com.au/staticfile/AFL%20Tenant/AFL/Players/ChampIDImages/AFL/2026014/1028519.png?im=Scale,width=0.6,height=0.6",Zak Johnson,Zak Johnson,akohnson
d5b8467d-e931-43b0-84ea-67d018cdba38,5a697f25-65ef-4a40-9446-c813bbd624dc,Angus Sheldrick,MID,"https://s.afl.com.au/staticfile/AFL%20Tenant/AFL/Players/ChampIDImages/AFL/2026014/1020339.png?im=Scale,width=0.6,height=0.6",2026-02-26 00:25:45.873242+00,12,,,0,1020339,sydney-swans,Sydney Swans,"https://s.afl.com.au/staticfile/AFL%20Tenant/AFL/Players/ChampIDImages/AFL/2026014/1020339.png?im=Scale,width=0.6,height=0.6",Angus Sheldrick,Angus Sheldrick,ngusheldrick
d5ba9edf-bdab-413d-a252-77cc8d125f85,5a697f25-65ef-4a40-9446-c813bbd624dc,Errol Gulden,FWD,"https://s.afl.com.au/staticfile/AFL%20Tenant/AFL/Players/ChampIDImages/AFL/2026014/1013128.png?im=Scale,width=0.6,height=0.6",2026-02-26 00:25:45.873242+00,21,,,0,1013128,sydney-swans,Sydney Swans,"https://s.afl.com.au/staticfile/AFL%20Tenant/AFL/Players/ChampIDImages/AFL/2026014/1013128.png?im=Scale,width=0.6,height=0.6",Errol Gulden,Errol Gulden,rrolulden
d5ed70de-1606-43b9-ac8d-eb2949aaaaf1,0a73bf79-7321-4fd5-8b67-90fffabdcf01,Caleb Serong,DEF,"https://s.afl.com.au/staticfile/AFL%20Tenant/AFL/Players/ChampIDImages/AFL/2026014/1009420.png?im=Scale,width=0.6,height=0.6",2026-02-26 00:25:45.873242+00,3,,,0,1009420,fremantle-dockers,Fremantle Dockers,"https://s.afl.com.au/staticfile/AFL%20Tenant/AFL/Players/ChampIDImages/AFL/2026014/1009420.png?im=Scale,width=0.6,height=0.6",Caleb Serong,Caleb Serong,aleberong
d68cdbcc-ff55-46b8-b665-a26adc5ee878,6689e156-49a9-4066-a22e-259375fa9b04,Joe Pike,MID,"https://s.afl.com.au/staticfile/AFL%20Tenant/AFL/Players/ChampIDImages/AFL/2026014/1027854.png?im=Scale,width=0.6,height=0.6",2026-02-26 00:25:45.873242+00,37,,,0,1027854,geelong-cats,Geelong Cats,"https://s.afl.com.au/staticfile/AFL%20Tenant/AFL/Players/ChampIDImages/AFL/2026014/1027854.png?im=Scale,width=0.6,height=0.6",Joe Pike,Joe Pike,oeike
d698bf4a-6948-47c9-976a-b3d2e7b06392,0a73bf79-7321-4fd5-8b67-90fffabdcf01,Matthew Johnson,MID,"https://s.afl.com.au/staticfile/AFL%20Tenant/AFL/Players/ChampIDImages/AFL/2026014/1016825.png?im=Scale,width=0.6,height=0.6",2026-02-26 00:25:45.873242+00,44,,,0,1016825,fremantle-dockers,Fremantle Dockers,"https://s.afl.com.au/staticfile/AFL%20Tenant/AFL/Players/ChampIDImages/AFL/2026014/1016825.png?im=Scale,width=0.6,height=0.6",Matthew Johnson,Matthew Johnson,atthewohnson
d6d1c8b0-7f39-48e1-b84c-db8e2e3ae39c,914ab50f-d78d-4a28-aaef-6e4db1410600,James Barrat,FWD,"https://s.afl.com.au/staticfile/AFL%20Tenant/AFL/Players/ChampIDImages/AFL/2026014/1028545.png?im=Scale,width=0.6,height=0.6",2026-02-26 00:25:46.196086+00,28,,,0,1028545,st-kilda-saints,St Kilda Saints,"https://s.afl.com.au/staticfile/AFL%20Tenant/AFL/Players/ChampIDImages/AFL/2026014/1028545.png?im=Scale,width=0.6,height=0.6",James Barrat,James Barrat,amesarrat
d7354e9c-aeec-4fc6-9869-449bf57bd3e9,6e06405b-7cff-4d56-b852-48cc980c21bb,Jack Ross,DEF,"https://s.afl.com.au/staticfile/AFL%20Tenant/AFL/Players/ChampIDImages/AFL/2026014/1006133.png?im=Scale,width=0.6,height=0.6",2026-02-26 00:25:45.873242+00,5,,,0,1006133,richmond-tigers,Richmond Tigers,"https://s.afl.com.au/staticfile/AFL%20Tenant/AFL/Players/ChampIDImages/AFL/2026014/1006133.png?im=Scale,width=0.6,height=0.6",Jack Ross,Jack Ross,ackoss
d84e33b5-7b9a-4d93-bf39-67a688e691a8,82880eac-b132-4b23-93d7-0ec25ff0a023,Steven May,DEF,"https://s.afl.com.au/staticfile/AFL%20Tenant/AFL/Players/ChampIDImages/AFL/2026014/281085.png?im=Scale,width=0.6,height=0.6",2026-02-26 00:25:45.873242+00,1,,,0,281085,melbourne-demons,Melbourne Demons,"https://s.afl.com.au/staticfile/AFL%20Tenant/AFL/Players/ChampIDImages/AFL/2026014/281085.png?im=Scale,width=0.6,height=0.6",Steven May,Steven May,tevenay
d87f35f4-bb72-4e4d-b0a4-89c57e66ae46,70c32ca0-2bec-4db6-9b70-b8c8327f51c1,Todd Marshall,DEF,"https://s.afl.com.au/staticfile/AFL%20Tenant/AFL/Players/ChampIDImages/AFL/2026014/1004998.png?im=Scale,width=0.6,height=0.6",2026-02-26 00:25:45.873242+00,4,,,0,1004998,port-adelaide-power,Port Adelaide Power,"https://s.afl.com.au/staticfile/AFL%20Tenant/AFL/Players/ChampIDImages/AFL/2026014/1004998.png?im=Scale,width=0.6,height=0.6",Todd Marshall,Todd Marshall,oddarshall
d8d86d69-162c-4416-8494-92253d5d1f8a,f70ca36c-612b-439f-850f-4a31fd2df499,Nick Haynes,FWD,"https://s.afl.com.au/staticfile/AFL%20Tenant/AFL/Players/ChampIDImages/AFL/2026014/295265.png?im=Scale,width=0.6,height=0.6",2026-02-26 00:25:45.873242+00,26,,,0,295265,carlton-blues,Carlton Blues,"https://s.afl.com.au/staticfile/AFL%20Tenant/AFL/Players/ChampIDImages/AFL/2026014/295265.png?im=Scale,width=0.6,height=0.6",Nick Haynes,Nick Haynes,ickaynes
d8e0e8f5-04b4-440c-8976-cc618f453ea9,0a73bf79-7321-4fd5-8b67-90fffabdcf01,Charlie Nicholls,FWD,"https://s.afl.com.au/staticfile/AFL%20Tenant/AFL/Players/ChampIDImages/AFL/2026014/1027155.png?im=Scale,width=0.6,height=0.6",2026-02-26 00:25:46.196086+00,22,,,0,1027155,fremantle-dockers,Fremantle Dockers,"https://s.afl.com.au/staticfile/AFL%20Tenant/AFL/Players/ChampIDImages/AFL/2026014/1027155.png?im=Scale,width=0.6,height=0.6",Charlie Nicholls,Charlie Nicholls,harlieicholls
d936f42e-0016-4308-b485-c796728e81e6,6689e156-49a9-4066-a22e-259375fa9b04,Jacob Molier,FWD,"https://s.afl.com.au/staticfile/AFL%20Tenant/AFL/Players/ChampIDImages/AFL/2026014/1027006.png?im=Scale,width=0.6,height=0.6",2026-02-26 00:25:45.873242+00,20,,,0,1027006,geelong-cats,Geelong Cats,"https://s.afl.com.au/staticfile/AFL%20Tenant/AFL/Players/ChampIDImages/AFL/2026014/1027006.png?im=Scale,width=0.6,height=0.6",Jacob Molier,Jacob Molier,acobolier
da009c89-2b1f-4e19-85c3-7c05c227cf6b,d991371b-e2f7-4c95-ad7c-52ea89b07d7b,Jai Newcombe,DEF,"https://s.afl.com.au/staticfile/AFL%20Tenant/AFL/Players/ChampIDImages/AFL/2026014/1020895.png?im=Scale,width=0.6,height=0.6",2026-02-26 00:25:45.873242+00,3,,,0,1020895,hawthorn-hawks,Hawthorn Hawks,"https://s.afl.com.au/staticfile/AFL%20Tenant/AFL/Players/ChampIDImages/AFL/2026014/1020895.png?im=Scale,width=0.6,height=0.6",Jai Newcombe,Jai Newcombe,aiewcombe
da02d8a9-cd3d-4c2a-a2f5-a3272d491b28,501a05f7-174e-4a86-8cea-db048be8b646,James Tunstill,RUCK,"https://s.afl.com.au/staticfile/AFL%20Tenant/AFL/Players/ChampIDImages/AFL/2026014/1021108.png?im=Scale,width=0.6,height=0.6",2026-02-26 00:25:46.196086+00,29,,,0,1021108,brisbane-lions,Brisbane Lions,"https://s.afl.com.au/staticfile/AFL%20Tenant/AFL/Players/ChampIDImages/AFL/2026014/1021108.png?im=Scale,width=0.6,height=0.6",James Tunstill,James Tunstill,amesunstill
da1285a0-3af7-4a42-bba4-e55d378d89ce,f70ca36c-612b-439f-850f-4a31fd2df499,Lachie Fogarty,DEF,"https://s.afl.com.au/staticfile/AFL%20Tenant/AFL/Players/ChampIDImages/AFL/2026014/1002228.png?im=Scale,width=0.6,height=0.6",2026-02-26 00:25:46.196086+00,8,,,0,1002228,carlton-blues,Carlton Blues,"https://s.afl.com.au/staticfile/AFL%20Tenant/AFL/Players/ChampIDImages/AFL/2026014/1002228.png?im=Scale,width=0.6,height=0.6",Lachie Fogarty,Lachie Fogarty,achieogarty
da4d3887-ca1f-413c-ac33-495720d97b67,0d8207f2-c6ac-43c7-b3b1-154eb1648fe5,Lachie Whitfield,DEF,"https://s.afl.com.au/staticfile/AFL%20Tenant/AFL/Players/ChampIDImages/AFL/2026014/294305.png?im=Scale,width=0.6,height=0.6",2026-02-26 00:25:45.873242+00,6,,,0,294305,gws-giants,GWS Giants,"https://s.afl.com.au/staticfile/AFL%20Tenant/AFL/Players/ChampIDImages/AFL/2026014/294305.png?im=Scale,width=0.6,height=0.6",Lachie Whitfield,Lachie Whitfield,achiehitfield
db2b2f1b-539f-43b6-b6ef-92e8792304a6,7fddbede-9cbf-4436-9845-1db1739b2476,Tyler Brockman,MID,"https://s.afl.com.au/staticfile/AFL%20Tenant/AFL/Players/ChampIDImages/AFL/2026014/1013511.png?im=Scale,width=0.6,height=0.6",2026-02-26 00:25:46.196086+00,10,,,0,1013511,west-coast-eagles,West Coast Eagles,"https://s.afl.com.au/staticfile/AFL%20Tenant/AFL/Players/ChampIDImages/AFL/2026014/1013511.png?im=Scale,width=0.6,height=0.6",Tyler Brockman,Tyler Brockman,ylerrockman
dc1c78b4-d1b3-49ef-ab09-f0cd1b4e5c5e,4a0822e2-ed7a-4fc4-8e70-bd1d1b92d3f8,Jack Buller,MID,"https://s.afl.com.au/staticfile/AFL%20Tenant/AFL/Players/ChampIDImages/AFL/2026014/1009392.png?im=Scale,width=0.6,height=0.6",2026-02-26 00:25:46.196086+00,34,,,0,1009392,collingwood-magpies,Collingwood Magpies,"https://s.afl.com.au/staticfile/AFL%20Tenant/AFL/Players/ChampIDImages/AFL/2026014/1009392.png?im=Scale,width=0.6,height=0.6",Jack Buller,Jack Buller,ackuller
dc1d3f4a-a9b1-42bc-b948-563f5affbe29,6689e156-49a9-4066-a22e-259375fa9b04,Shannon Neale,MID,"https://s.afl.com.au/staticfile/AFL%20Tenant/AFL/Players/ChampIDImages/AFL/2026014/1016433.png?im=Scale,width=0.6,height=0.6",2026-02-26 00:25:46.196086+00,33,,,0,1016433,geelong-cats,Geelong Cats,"https://s.afl.com.au/staticfile/AFL%20Tenant/AFL/Players/ChampIDImages/AFL/2026014/1016433.png?im=Scale,width=0.6,height=0.6",Shannon Neale,Shannon Neale,hannoneale
dcff6d97-e528-4af3-981e-91d28d18c35c,,Jack Petruccelle,,"https://s.afl.com.au/staticfile/AFL%20Tenant/AFL/Players/ChampIDImages/AFL/2026014/1006550.png?im=Scale,width=0.6,height=0.6",2026-02-26 00:25:46.196086+00,,,,0,1006550,,,"https://s.afl.com.au/staticfile/AFL%20Tenant/AFL/Players/ChampIDImages/AFL/2026014/1006550.png?im=Scale,width=0.6,height=0.6",Jack Petruccelle,Jack Petruccelle,acketruccelle
dd471e31-8297-4ba4-863e-3afc3dd7052d,,Ash Johnson,,"https://s.afl.com.au/staticfile/AFL%20Tenant/AFL/Players/ChampIDImages/AFL/2026014/997974.png?im=Scale,width=0.6,height=0.6",2026-02-26 00:25:46.196086+00,,,,0,997974,,,"https://s.afl.com.au/staticfile/AFL%20Tenant/AFL/Players/ChampIDImages/AFL/2026014/997974.png?im=Scale,width=0.6,height=0.6",Ash Johnson,Ash Johnson,shohnson
dd4ea58b-9cc4-4e28-97a1-786d2818890f,6e06405b-7cff-4d56-b852-48cc980c21bb,Nick Vlastuin,DEF,"https://s.afl.com.au/staticfile/AFL%20Tenant/AFL/Players/ChampIDImages/AFL/2026014/294674.png?im=Scale,width=0.6,height=0.6",2026-02-26 00:25:45.873242+00,1,,,0,294674,richmond-tigers,Richmond Tigers,"https://s.afl.com.au/staticfile/AFL%20Tenant/AFL/Players/ChampIDImages/AFL/2026014/294674.png?im=Scale,width=0.6,height=0.6",Nick Vlastuin,Nick Vlastuin,icklastuin
dd578671-5e46-4232-818d-6fe74d6adabe,85de4282-cc6a-4db6-b4f6-8520b69c38de,Brayden George,MID,"https://s.afl.com.au/staticfile/AFL%20Tenant/AFL/Players/ChampIDImages/AFL/2026014/1023544.png?im=Scale,width=0.6,height=0.6",2026-02-26 00:25:46.196086+00,33,,,0,1023544,north-melbourne-kangaroos,North Melbourne Kangaroos,"https://s.afl.com.au/staticfile/AFL%20Tenant/AFL/Players/ChampIDImages/AFL/2026014/1023544.png?im=Scale,width=0.6,height=0.6",Brayden George,Brayden George,raydeneorge
dd82782c-faaf-4562-a905-fa21297d117d,82880eac-b132-4b23-93d7-0ec25ff0a023,Ed Langdon,MID,"https://s.afl.com.au/staticfile/AFL%20Tenant/AFL/Players/ChampIDImages/AFL/2026014/298264.png?im=Scale,width=0.6,height=0.6",2026-02-26 00:25:45.873242+00,15,,,0,298264,melbourne-demons,Melbourne Demons,"https://s.afl.com.au/staticfile/AFL%20Tenant/AFL/Players/ChampIDImages/AFL/2026014/298264.png?im=Scale,width=0.6,height=0.6",Ed Langdon,Ed Langdon,dangdon
ddc52ed1-ab45-46d7-bf74-85315ade8df0,,Tom Anastasopoulos,,"https://s.afl.com.au/staticfile/AFL%20Tenant/AFL/Players/ChampIDImages/AFL/2026014/1027870.png?im=Scale,width=0.6,height=0.6",2026-02-26 00:25:46.196086+00,,,,0,1027870,,,"https://s.afl.com.au/staticfile/AFL%20Tenant/AFL/Players/ChampIDImages/AFL/2026014/1027870.png?im=Scale,width=0.6,height=0.6",Tom Anastasopoulos,Tom Anastasopoulos,omnastasopoulos
def8bba9-e464-445e-83a0-c1eb0f92c4a7,f70ca36c-612b-439f-850f-4a31fd2df499,Lewis Young,MID,"https://s.afl.com.au/staticfile/AFL%20Tenant/AFL/Players/ChampIDImages/AFL/2026014/997316.png?im=Scale,width=0.6,height=0.6",2026-02-26 00:25:46.196086+00,33,,,0,997316,carlton-blues,Carlton Blues,"https://s.afl.com.au/staticfile/AFL%20Tenant/AFL/Players/ChampIDImages/AFL/2026014/997316.png?im=Scale,width=0.6,height=0.6",Lewis Young,Lewis Young,ewisoung
df75296c-64d8-46bd-95c4-cc9cb3335153,82880eac-b132-4b23-93d7-0ec25ff0a023,Changkuoth Jiath,MID,"https://s.afl.com.au/staticfile/AFL%20Tenant/AFL/Players/ChampIDImages/AFL/2026014/998390.png?im=Scale,width=0.6,height=0.6",2026-02-26 00:25:45.873242+00,14,,,0,998390,melbourne-demons,Melbourne Demons,"https://s.afl.com.au/staticfile/AFL%20Tenant/AFL/Players/ChampIDImages/AFL/2026014/998390.png?im=Scale,width=0.6,height=0.6",Changkuoth Jiath,Changkuoth Jiath,hangkuothiath
dfea8667-2a1b-4f0a-8181-794c626e0532,0d8207f2-c6ac-43c7-b3b1-154eb1648fe5,Harvey Thomas,DEF,"https://s.afl.com.au/staticfile/AFL%20Tenant/AFL/Players/ChampIDImages/AFL/2026014/1027925.png?im=Scale,width=0.6,height=0.6",2026-02-26 00:25:46.196086+00,1,,,0,1027925,gws-giants,GWS Giants,"https://s.afl.com.au/staticfile/AFL%20Tenant/AFL/Players/ChampIDImages/AFL/2026014/1027925.png?im=Scale,width=0.6,height=0.6",Harvey Thomas,Harvey Thomas,arveyhomas
e013ecb1-c0be-40b6-a5b3-32b69680af55,0a73bf79-7321-4fd5-8b67-90fffabdcf01,Hugh Jackson,DEF,"https://s.afl.com.au/staticfile/AFL%20Tenant/AFL/Players/ChampIDImages/AFL/2026014/1015330.png?im=Scale,width=0.6,height=0.6",2026-02-26 00:25:46.196086+00,9,,,0,1015330,fremantle-dockers,Fremantle Dockers,"https://s.afl.com.au/staticfile/AFL%20Tenant/AFL/Players/ChampIDImages/AFL/2026014/1015330.png?im=Scale,width=0.6,height=0.6",Hugh Jackson,Hugh Jackson,ughackson
e036b2b6-76a4-4ebf-9c15-433c33c36442,0d8207f2-c6ac-43c7-b3b1-154eb1648fe5,Aaron Cadman,DEF,"https://s.afl.com.au/staticfile/AFL%20Tenant/AFL/Players/ChampIDImages/AFL/2026014/1019038.png?im=Scale,width=0.6,height=0.6",2026-02-26 00:25:46.196086+00,5,,,0,1019038,gws-giants,GWS Giants,"https://s.afl.com.au/staticfile/AFL%20Tenant/AFL/Players/ChampIDImages/AFL/2026014/1019038.png?im=Scale,width=0.6,height=0.6",Aaron Cadman,Aaron Cadman,aronadman
e083bb14-15fa-457c-b131-57556b0fce91,38694aa4-7f1c-4a5f-b306-d094532ae24a,Vigo Visentini,MID,"https://s.afl.com.au/staticfile/AFL%20Tenant/AFL/Players/ChampIDImages/AFL/2026014/1027966.png?im=Scale,width=0.6,height=0.6",2026-02-26 00:25:46.196086+00,17,,,0,1027966,essendon-bombers,Essendon Bombers,"https://s.afl.com.au/staticfile/AFL%20Tenant/AFL/Players/ChampIDImages/AFL/2026014/1027966.png?im=Scale,width=0.6,height=0.6",Vigo Visentini,Vigo Visentini,igoisentini
e08f6e2d-8c0c-40b5-aeaf-f1797a88b385,85de4282-cc6a-4db6-b4f6-8520b69c38de,Bailey Scott,DEF,"https://s.afl.com.au/staticfile/AFL%20Tenant/AFL/Players/ChampIDImages/AFL/2026014/1006058.png?im=Scale,width=0.6,height=0.6",2026-02-26 00:25:45.873242+00,8,,,0,1006058,north-melbourne-kangaroos,North Melbourne Kangaroos,"https://s.afl.com.au/staticfile/AFL%20Tenant/AFL/Players/ChampIDImages/AFL/2026014/1006058.png?im=Scale,width=0.6,height=0.6",Bailey Scott,Bailey Scott,aileycott
e1359056-5bf7-4a14-95e0-8b546f7624ac,6d7d39fb-1136-4cc8-a68c-bb6a284f2245,Lachlan McAndrew,MID,"https://s.afl.com.au/staticfile/AFL%20Tenant/AFL/Players/ChampIDImages/AFL/2026014/1021200.png?im=Scale,width=0.6,height=0.6",2026-02-26 00:25:46.196086+00,42,,,0,1021200,adelaide-crows,Adelaide Crows,"https://s.afl.com.au/staticfile/AFL%20Tenant/AFL/Players/ChampIDImages/AFL/2026014/1021200.png?im=Scale,width=0.6,height=0.6",Lachlan McAndrew,Lachlan McAndrew,achlancndrew
e1648f95-9210-4e6b-aaea-4cf41f0b6baf,8953891c-6af3-4f31-8386-7340f0c27f9c,Sam Clohesy,RUCK,"https://s.afl.com.au/staticfile/AFL%20Tenant/AFL/Players/ChampIDImages/AFL/2026014/1013257.png?im=Scale,width=0.6,height=0.6",2026-02-26 00:25:45.873242+00,33,,,0,1013257,gold-coast-suns,Gold Coast Suns,"https://s.afl.com.au/staticfile/AFL%20Tenant/AFL/Players/ChampIDImages/AFL/2026014/1013257.png?im=Scale,width=0.6,height=0.6",Sam Clohesy,Sam Clohesy,amlohesy
e16a344e-e4ca-4732-ac0e-0bad859d5c77,6e06405b-7cff-4d56-b852-48cc980c21bb,Sam Lalor,DEF,"https://s.afl.com.au/staticfile/AFL%20Tenant/AFL/Players/ChampIDImages/AFL/2026014/1028491.png?im=Scale,width=0.6,height=0.6",2026-02-26 00:25:45.873242+00,4,,,0,1028491,richmond-tigers,Richmond Tigers,"https://s.afl.com.au/staticfile/AFL%20Tenant/AFL/Players/ChampIDImages/AFL/2026014/1028491.png?im=Scale,width=0.6,height=0.6",Sam Lalor,Sam Lalor,amalor
e1cc5e33-3936-4731-b6d0-40b85cca0020,5a697f25-65ef-4a40-9446-c813bbd624dc,Corey Warner,MID,"https://s.afl.com.au/staticfile/AFL%20Tenant/AFL/Players/ChampIDImages/AFL/2026014/1018424.png?im=Scale,width=0.6,height=0.6",2026-02-26 00:25:46.196086+00,37,,,0,1018424,sydney-swans,Sydney Swans,"https://s.afl.com.au/staticfile/AFL%20Tenant/AFL/Players/ChampIDImages/AFL/2026014/1018424.png?im=Scale,width=0.6,height=0.6",Corey Warner,Corey Warner,oreyarner
e26a2d4e-c3b2-43fc-ba65-aa9a3975cea5,,Jacob Koschitzke,,"https://s.afl.com.au/staticfile/AFL%20Tenant/AFL/Players/ChampIDImages/AFL/2026014/1006030.png?im=Scale,width=0.6,height=0.6",2026-02-26 00:25:46.196086+00,,,,0,1006030,,,"https://s.afl.com.au/staticfile/AFL%20Tenant/AFL/Players/ChampIDImages/AFL/2026014/1006030.png?im=Scale,width=0.6,height=0.6",Jacob Koschitzke,Jacob Koschitzke,acoboschitzke
e2c75de9-a984-4faf-a307-6ee2bb12b3bd,0ceb3e8b-4504-4ddd-b7c6-e2bf4215eada,Riley Garcia,MID,"https://s.afl.com.au/staticfile/AFL%20Tenant/AFL/Players/ChampIDImages/AFL/2026014/1006533.png?im=Scale,width=0.6,height=0.6",2026-02-26 00:25:45.873242+00,38,,,0,1006533,western-bulldogs,Western Bulldogs,"https://s.afl.com.au/staticfile/AFL%20Tenant/AFL/Players/ChampIDImages/AFL/2026014/1006533.png?im=Scale,width=0.6,height=0.6",Riley Garcia,Riley Garcia,ileyarcia
e2dae684-caa4-4cfa-9f93-316a3e88df0a,0d8207f2-c6ac-43c7-b3b1-154eb1648fe5,Conor Stone,MID,"https://s.afl.com.au/staticfile/AFL%20Tenant/AFL/Players/ChampIDImages/AFL/2026014/1015862.png?im=Scale,width=0.6,height=0.6",2026-02-26 00:25:46.196086+00,18,,,0,1015862,gws-giants,GWS Giants,"https://s.afl.com.au/staticfile/AFL%20Tenant/AFL/Players/ChampIDImages/AFL/2026014/1015862.png?im=Scale,width=0.6,height=0.6",Conor Stone,Conor Stone,onortone
e2de81b0-f938-4aaf-96a1-56e38dc90f38,6d7d39fb-1136-4cc8-a68c-bb6a284f2245,Mitchell Hinge,FWD,"https://s.afl.com.au/staticfile/AFL%20Tenant/AFL/Players/ChampIDImages/AFL/2026014/1004863.png?im=Scale,width=0.6,height=0.6",2026-02-26 00:25:45.873242+00,20,,,0,1004863,adelaide-crows,Adelaide Crows,"https://s.afl.com.au/staticfile/AFL%20Tenant/AFL/Players/ChampIDImages/AFL/2026014/1004863.png?im=Scale,width=0.6,height=0.6",Mitchell Hinge,Mitchell Hinge,itchellinge
e3013991-f169-4b06-9b90-25526a8e9df8,85de4282-cc6a-4db6-b4f6-8520b69c38de,Aidan Corr,DEF,"https://s.afl.com.au/staticfile/AFL%20Tenant/AFL/Players/ChampIDImages/AFL/2026014/294508.png?im=Scale,width=0.6,height=0.6",2026-02-26 00:25:46.196086+00,4,,,0,294508,north-melbourne-kangaroos,North Melbourne Kangaroos,"https://s.afl.com.au/staticfile/AFL%20Tenant/AFL/Players/ChampIDImages/AFL/2026014/294508.png?im=Scale,width=0.6,height=0.6",Aidan Corr,Aidan Corr,idanorr
e30f7827-1138-4b6e-95dd-513fd9b11909,f70ca36c-612b-439f-850f-4a31fd2df499,Jesse Motlop,DEF,"https://s.afl.com.au/staticfile/AFL%20Tenant/AFL/Players/ChampIDImages/AFL/2026014/1017700.png?im=Scale,width=0.6,height=0.6",2026-02-26 00:25:46.196086+00,3,,,0,1017700,carlton-blues,Carlton Blues,"https://s.afl.com.au/staticfile/AFL%20Tenant/AFL/Players/ChampIDImages/AFL/2026014/1017700.png?im=Scale,width=0.6,height=0.6",Jesse Motlop,Jesse Motlop,esseotlop
e3c130b3-f7bc-487b-9d75-fdada45d585d,85de4282-cc6a-4db6-b4f6-8520b69c38de,Harry Sheezel,DEF,"https://s.afl.com.au/staticfile/AFL%20Tenant/AFL/Players/ChampIDImages/AFL/2026014/1023518.png?im=Scale,width=0.6,height=0.6",2026-02-26 00:25:45.873242+00,3,,,0,1023518,north-melbourne-kangaroos,North Melbourne Kangaroos,"https://s.afl.com.au/staticfile/AFL%20Tenant/AFL/Players/ChampIDImages/AFL/2026014/1023518.png?im=Scale,width=0.6,height=0.6",Harry Sheezel,Harry Sheezel,arryheezel
e429e707-1b4d-4482-b335-0795b3c057e1,4a0822e2-ed7a-4fc4-8e70-bd1d1b92d3f8,Jordan De Goey,DEF,"https://s.afl.com.au/staticfile/AFL%20Tenant/AFL/Players/ChampIDImages/AFL/2026014/994185.png?im=Scale,width=0.6,height=0.6",2026-02-26 00:25:45.873242+00,2,,,0,994185,collingwood-magpies,Collingwood Magpies,"https://s.afl.com.au/staticfile/AFL%20Tenant/AFL/Players/ChampIDImages/AFL/2026014/994185.png?im=Scale,width=0.6,height=0.6",Jordan De Goey,Jordan De Goey,ordaneoey
e4531c03-7b89-4663-836f-ea6493a2136e,6689e156-49a9-4066-a22e-259375fa9b04,Mark O'Connor,MID,"https://s.afl.com.au/staticfile/AFL%20Tenant/AFL/Players/ChampIDImages/AFL/2026014/1007102.png?im=Scale,width=0.6,height=0.6",2026-02-26 00:25:45.873242+00,42,,,0,1007102,geelong-cats,Geelong Cats,"https://s.afl.com.au/staticfile/AFL%20Tenant/AFL/Players/ChampIDImages/AFL/2026014/1007102.png?im=Scale,width=0.6,height=0.6",Mark O'Connor,Mark O'Connor,arkonnor
e47e4c74-52dd-4ba9-8123-1cf575f3eda7,82880eac-b132-4b23-93d7-0ec25ff0a023,Jake Bowey,MID,"https://s.afl.com.au/staticfile/AFL%20Tenant/AFL/Players/ChampIDImages/AFL/2026014/1012825.png?im=Scale,width=0.6,height=0.6",2026-02-26 00:25:45.873242+00,17,,,0,1012825,melbourne-demons,Melbourne Demons,"https://s.afl.com.au/staticfile/AFL%20Tenant/AFL/Players/ChampIDImages/AFL/2026014/1012825.png?im=Scale,width=0.6,height=0.6",Jake Bowey,Jake Bowey,akeowey
e4aa7c89-f013-43f6-baaf-feefe97ce445,f70ca36c-612b-439f-850f-4a31fd2df499,Lucas Camporeale,FWD,"https://s.afl.com.au/staticfile/AFL%20Tenant/AFL/Players/ChampIDImages/AFL/2026014/1022452.png?im=Scale,width=0.6,height=0.6",2026-02-26 00:25:45.873242+00,21,,,0,1022452,carlton-blues,Carlton Blues,"https://s.afl.com.au/staticfile/AFL%20Tenant/AFL/Players/ChampIDImages/AFL/2026014/1022452.png?im=Scale,width=0.6,height=0.6",Lucas Camporeale,Lucas Camporeale,ucasamporeale
e4dc1cd2-bde0-4eb4-8898-4327d3b59686,6d7d39fb-1136-4cc8-a68c-bb6a284f2245,Finnbar Maley,MID,"https://s.afl.com.au/staticfile/AFL%20Tenant/AFL/Players/ChampIDImages/AFL/2026014/1031792.png?im=Scale,width=0.6,height=0.6",2026-02-26 00:25:46.196086+00,36,,,0,1031792,adelaide-crows,Adelaide Crows,"https://s.afl.com.au/staticfile/AFL%20Tenant/AFL/Players/ChampIDImages/AFL/2026014/1031792.png?im=Scale,width=0.6,height=0.6",Finnbar Maley,Finnbar Maley,innbaraley
e4e95201-986f-4357-b16b-a63444480fa9,,Caleb Mitchell,,"https://s.afl.com.au/staticfile/AFL%20Tenant/AFL/Players/ChampIDImages/AFL/2026014/1024096.png?im=Scale,width=0.6,height=0.6",2026-02-26 00:25:46.196086+00,,,,0,1024096,,,"https://s.afl.com.au/staticfile/AFL%20Tenant/AFL/Players/ChampIDImages/AFL/2026014/1024096.png?im=Scale,width=0.6,height=0.6",Caleb Mitchell,Caleb Mitchell,alebitchell
e5b433cc-9183-490e-8035-e35aeba075f7,6d7d39fb-1136-4cc8-a68c-bb6a284f2245,Tyler Welsh,MID,"https://s.afl.com.au/staticfile/AFL%20Tenant/AFL/Players/ChampIDImages/AFL/2026014/1022447.png?im=Scale,width=0.6,height=0.6",2026-02-26 00:25:46.196086+00,17,,,0,1022447,adelaide-crows,Adelaide Crows,"https://s.afl.com.au/staticfile/AFL%20Tenant/AFL/Players/ChampIDImages/AFL/2026014/1022447.png?im=Scale,width=0.6,height=0.6",Tyler Welsh,Tyler Welsh,ylerelsh
e5bccac5-3d2d-4aab-bcac-20b067dbc600,,Darcy Craven,,"https://s.afl.com.au/staticfile/AFL%20Tenant/AFL/Players/ChampIDImages/AFL/2026014/1024193.png?im=Scale,width=0.6,height=0.6",2026-02-26 00:25:46.196086+00,,,,0,1024193,,,"https://s.afl.com.au/staticfile/AFL%20Tenant/AFL/Players/ChampIDImages/AFL/2026014/1024193.png?im=Scale,width=0.6,height=0.6",Darcy Craven,Darcy Craven,arcyraven
e5dc1e1d-3e55-459d-b95d-3a82c6bfd7dd,0a73bf79-7321-4fd5-8b67-90fffabdcf01,Sam Sturt,DEF,"https://s.afl.com.au/staticfile/AFL%20Tenant/AFL/Players/ChampIDImages/AFL/2026014/1013611.png?im=Scale,width=0.6,height=0.6",2026-02-26 00:25:46.196086+00,1,,,0,1013611,fremantle-dockers,Fremantle Dockers,"https://s.afl.com.au/staticfile/AFL%20Tenant/AFL/Players/ChampIDImages/AFL/2026014/1013611.png?im=Scale,width=0.6,height=0.6",Sam Sturt,Sam Sturt,amturt
e6110140-8535-43c5-a8c8-c1263fef75ea,,Sam Day,,"https://s.afl.com.au/staticfile/AFL%20Tenant/AFL/Players/ChampIDImages/AFL/2026014/291753.png?im=Scale,width=0.6,height=0.6",2026-02-26 00:25:46.196086+00,,,,0,291753,,,"https://s.afl.com.au/staticfile/AFL%20Tenant/AFL/Players/ChampIDImages/AFL/2026014/291753.png?im=Scale,width=0.6,height=0.6",Sam Day,Sam Day,amay
e61163c8-0184-412f-8e2a-a57cdd5fadc8,f70ca36c-612b-439f-850f-4a31fd2df499,Nic Newman,FWD,"https://s.afl.com.au/staticfile/AFL%20Tenant/AFL/Players/ChampIDImages/AFL/2026014/297907.png?im=Scale,width=0.6,height=0.6",2026-02-26 00:25:45.873242+00,24,,,0,297907,carlton-blues,Carlton Blues,"https://s.afl.com.au/staticfile/AFL%20Tenant/AFL/Players/ChampIDImages/AFL/2026014/297907.png?im=Scale,width=0.6,height=0.6",Nic Newman,Nic Newman,icewman
e634ed62-1181-434c-b346-839a8e4b33b6,0d8207f2-c6ac-43c7-b3b1-154eb1648fe5,Connor Idun,MID,"https://s.afl.com.au/staticfile/AFL%20Tenant/AFL/Players/ChampIDImages/AFL/2026014/1008083.png?im=Scale,width=0.6,height=0.6",2026-02-26 00:25:45.873242+00,39,,,0,1008083,gws-giants,GWS Giants,"https://s.afl.com.au/staticfile/AFL%20Tenant/AFL/Players/ChampIDImages/AFL/2026014/1008083.png?im=Scale,width=0.6,height=0.6",Connor Idun,Connor Idun,onnordun
e6919715-ec10-43f3-bfb1-a03801e4916f,d991371b-e2f7-4c95-ad7c-52ea89b07d7b,Max Ramsden,MID,"https://s.afl.com.au/staticfile/AFL%20Tenant/AFL/Players/ChampIDImages/AFL/2026014/1027965.png?im=Scale,width=0.6,height=0.6",2026-02-26 00:25:46.196086+00,38,,,0,1027965,hawthorn-hawks,Hawthorn Hawks,"https://s.afl.com.au/staticfile/AFL%20Tenant/AFL/Players/ChampIDImages/AFL/2026014/1027965.png?im=Scale,width=0.6,height=0.6",Max Ramsden,Max Ramsden,axamsden
e6b30c69-236f-48d1-836c-caafb2e32141,38694aa4-7f1c-4a5f-b306-d094532ae24a,Jaxon Prior,FWD,"https://s.afl.com.au/staticfile/AFL%20Tenant/AFL/Players/ChampIDImages/AFL/2026014/1009386.png?im=Scale,width=0.6,height=0.6",2026-02-26 00:25:45.873242+00,25,,,0,1009386,essendon-bombers,Essendon Bombers,"https://s.afl.com.au/staticfile/AFL%20Tenant/AFL/Players/ChampIDImages/AFL/2026014/1009386.png?im=Scale,width=0.6,height=0.6",Jaxon Prior,Jaxon Prior,axonrior
e6b8e8bb-007a-4758-b751-5f6ccf3d430a,,Caleb Poulter,,"https://s.afl.com.au/staticfile/AFL%20Tenant/AFL/Players/ChampIDImages/AFL/2026014/1011589.png?im=Scale,width=0.6,height=0.6",2026-02-26 00:25:45.873242+00,,,,0,1011589,,,"https://s.afl.com.au/staticfile/AFL%20Tenant/AFL/Players/ChampIDImages/AFL/2026014/1011589.png?im=Scale,width=0.6,height=0.6",Caleb Poulter,Caleb Poulter,aleboulter
e6c23e97-3fe0-4530-af39-daaa71754f7b,8953891c-6af3-4f31-8386-7340f0c27f9c,Ben King,RUCK,"https://s.afl.com.au/staticfile/AFL%20Tenant/AFL/Players/ChampIDImages/AFL/2026014/1006144.png?im=Scale,width=0.6,height=0.6",2026-02-26 00:25:45.873242+00,34,,,0,1006144,gold-coast-suns,Gold Coast Suns,"https://s.afl.com.au/staticfile/AFL%20Tenant/AFL/Players/ChampIDImages/AFL/2026014/1006144.png?im=Scale,width=0.6,height=0.6",Ben King,Ben King,ening
e728fc59-3758-41ba-b59d-ea5cfe5e95b5,,Luamon Lual,,"https://s.afl.com.au/staticfile/AFL%20Tenant/AFL/Players/ChampIDImages/AFL/2026014/1027706.png?im=Scale,width=0.6,height=0.6",2026-02-26 00:25:46.196086+00,,,,0,1027706,,,"https://s.afl.com.au/staticfile/AFL%20Tenant/AFL/Players/ChampIDImages/AFL/2026014/1027706.png?im=Scale,width=0.6,height=0.6",Luamon Lual,Luamon Lual,uamonual
e73d6fe7-10ee-47de-b2ad-8ddbf2d82e39,f70ca36c-612b-439f-850f-4a31fd2df499,Elijah Hollands,DEF,"https://s.afl.com.au/staticfile/AFL%20Tenant/AFL/Players/ChampIDImages/AFL/2026014/1012862.png?im=Scale,width=0.6,height=0.6",2026-02-26 00:25:45.873242+00,4,,,0,1012862,carlton-blues,Carlton Blues,"https://s.afl.com.au/staticfile/AFL%20Tenant/AFL/Players/ChampIDImages/AFL/2026014/1012862.png?im=Scale,width=0.6,height=0.6",Elijah Hollands,Elijah Hollands,lijahollands
e77ed645-3998-4213-9558-bc54491e084f,,Arie Schoenmaker,,"https://s.afl.com.au/staticfile/AFL%20Tenant/AFL/Players/ChampIDImages/AFL/2026014/1024279.png?im=Scale,width=0.6,height=0.6",2026-02-26 00:25:45.873242+00,,,,0,1024279,,,"https://s.afl.com.au/staticfile/AFL%20Tenant/AFL/Players/ChampIDImages/AFL/2026014/1024279.png?im=Scale,width=0.6,height=0.6",Arie Schoenmaker,Arie Schoenmaker,riechoenmaker
e7c36916-a8bc-4275-82e6-b378ce9fedfb,,Charlie Dean,,"https://s.afl.com.au/staticfile/AFL%20Tenant/AFL/Players/ChampIDImages/AFL/2026014/1009197.png?im=Scale,width=0.6,height=0.6",2026-02-26 00:25:46.196086+00,,,,0,1009197,,,"https://s.afl.com.au/staticfile/AFL%20Tenant/AFL/Players/ChampIDImages/AFL/2026014/1009197.png?im=Scale,width=0.6,height=0.6",Charlie Dean,Charlie Dean,harlieean
e7cc3ec4-40b9-496e-9ca0-83673273a2a0,7fddbede-9cbf-4436-9845-1db1739b2476,Liam Baker,DEF,"https://s.afl.com.au/staticfile/AFL%20Tenant/AFL/Players/ChampIDImages/AFL/2026014/1000223.png?im=Scale,width=0.6,height=0.6",2026-02-26 00:25:45.873242+00,3,,,0,1000223,west-coast-eagles,West Coast Eagles,"https://s.afl.com.au/staticfile/AFL%20Tenant/AFL/Players/ChampIDImages/AFL/2026014/1000223.png?im=Scale,width=0.6,height=0.6",Liam Baker,Liam Baker,iamaker
e806faea-39d7-43d2-972a-9a3917d99849,0a73bf79-7321-4fd5-8b67-90fffabdcf01,Luke Ryan,MID,"https://s.afl.com.au/staticfile/AFL%20Tenant/AFL/Players/ChampIDImages/AFL/2026014/998659.png?im=Scale,width=0.6,height=0.6",2026-02-26 00:25:45.873242+00,13,,,0,998659,fremantle-dockers,Fremantle Dockers,"https://s.afl.com.au/staticfile/AFL%20Tenant/AFL/Players/ChampIDImages/AFL/2026014/998659.png?im=Scale,width=0.6,height=0.6",Luke Ryan,Luke Ryan,ukeyan
e80a159a-6a62-408f-85f4-cb5a76e7ed91,7fddbede-9cbf-4436-9845-1db1739b2476,Jack Graham,MID,"https://s.afl.com.au/staticfile/AFL%20Tenant/AFL/Players/ChampIDImages/AFL/2026014/990827.png?im=Scale,width=0.6,height=0.6",2026-02-26 00:25:45.873242+00,17,,,0,990827,west-coast-eagles,West Coast Eagles,"https://s.afl.com.au/staticfile/AFL%20Tenant/AFL/Players/ChampIDImages/AFL/2026014/990827.png?im=Scale,width=0.6,height=0.6",Jack Graham,Jack Graham,ackraham
e89f9292-5110-4617-bc49-93645f2cc183,0a73bf79-7321-4fd5-8b67-90fffabdcf01,Brandon Walker,RUCK,"https://s.afl.com.au/staticfile/AFL%20Tenant/AFL/Players/ChampIDImages/AFL/2026014/1009410.png?im=Scale,width=0.6,height=0.6",2026-02-26 00:25:45.873242+00,31,,,0,1009410,fremantle-dockers,Fremantle Dockers,"https://s.afl.com.au/staticfile/AFL%20Tenant/AFL/Players/ChampIDImages/AFL/2026014/1009410.png?im=Scale,width=0.6,height=0.6",Brandon Walker,Brandon Walker,randonalker
e8ca24c0-4522-421f-ae21-a1391c325bc6,914ab50f-d78d-4a28-aaef-6e4db1410600,Matthew Carroll,MID,"https://s.afl.com.au/staticfile/AFL%20Tenant/AFL/Players/ChampIDImages/AFL/2026014/1027964.png?im=Scale,width=0.6,height=0.6",2026-02-26 00:25:46.196086+00,18,,,0,1027964,st-kilda-saints,St Kilda Saints,"https://s.afl.com.au/staticfile/AFL%20Tenant/AFL/Players/ChampIDImages/AFL/2026014/1027964.png?im=Scale,width=0.6,height=0.6",Matthew Carroll,Matthew Carroll,atthewarroll
e9dc062f-edef-4da6-abb6-c42a8e225932,f70ca36c-612b-439f-850f-4a31fd2df499,Ben Ainsworth,MID,"https://s.afl.com.au/staticfile/AFL%20Tenant/AFL/Players/ChampIDImages/AFL/2026014/998130.png?im=Scale,width=0.6,height=0.6",2026-02-26 00:25:45.873242+00,12,,,0,998130,carlton-blues,Carlton Blues,"https://s.afl.com.au/staticfile/AFL%20Tenant/AFL/Players/ChampIDImages/AFL/2026014/998130.png?im=Scale,width=0.6,height=0.6",Ben Ainsworth,Ben Ainsworth,eninsworth
ea8650a3-68c3-436e-a534-2d0b594866a6,501a05f7-174e-4a86-8cea-db048be8b646,Conor McKenna,FWD,"https://s.afl.com.au/staticfile/AFL%20Tenant/AFL/Players/ChampIDImages/AFL/2026014/997846.png?im=Scale,width=0.6,height=0.6",2026-02-26 00:25:45.873242+00,26,,,0,997846,brisbane-lions,Brisbane Lions,"https://s.afl.com.au/staticfile/AFL%20Tenant/AFL/Players/ChampIDImages/AFL/2026014/997846.png?im=Scale,width=0.6,height=0.6",Conor McKenna,Conor McKenna,onorcenna
eaea5272-efec-48c1-b2ed-123640dd969e,0a73bf79-7321-4fd5-8b67-90fffabdcf01,Josh Treacy,MID,"https://s.afl.com.au/staticfile/AFL%20Tenant/AFL/Players/ChampIDImages/AFL/2026014/1012819.png?im=Scale,width=0.6,height=0.6",2026-02-26 00:25:45.873242+00,35,,,0,1012819,fremantle-dockers,Fremantle Dockers,"https://s.afl.com.au/staticfile/AFL%20Tenant/AFL/Players/ChampIDImages/AFL/2026014/1012819.png?im=Scale,width=0.6,height=0.6",Josh Treacy,Josh Treacy,oshreacy
eaf9e537-3e0b-4ff0-b3b0-89d6a2230845,0d8207f2-c6ac-43c7-b3b1-154eb1648fe5,Darcy Jones,DEF,"https://s.afl.com.au/staticfile/AFL%20Tenant/AFL/Players/ChampIDImages/AFL/2026014/1020650.png?im=Scale,width=0.6,height=0.6",2026-02-26 00:25:45.873242+00,2,,,0,1020650,gws-giants,GWS Giants,"https://s.afl.com.au/staticfile/AFL%20Tenant/AFL/Players/ChampIDImages/AFL/2026014/1020650.png?im=Scale,width=0.6,height=0.6",Darcy Jones,Darcy Jones,arcyones
eb3150d4-113f-4e69-b5ec-6a2706e6b874,6689e156-49a9-4066-a22e-259375fa9b04,Jeremy Cameron,DEF,"https://s.afl.com.au/staticfile/AFL%20Tenant/AFL/Players/ChampIDImages/AFL/2026014/293845.png?im=Scale,width=0.6,height=0.6",2026-02-26 00:25:45.873242+00,5,,,0,293845,geelong-cats,Geelong Cats,"https://s.afl.com.au/staticfile/AFL%20Tenant/AFL/Players/ChampIDImages/AFL/2026014/293845.png?im=Scale,width=0.6,height=0.6",Jeremy Cameron,Jeremy Cameron,eremyameron
eb6b0b5f-3101-40b6-99a0-d14744d4f177,,Jeremy McGovern,,"https://s.afl.com.au/staticfile/AFL%20Tenant/AFL/Players/ChampIDImages/AFL/2026014/294859.png?im=Scale,width=0.6,height=0.6",2026-02-26 00:25:45.873242+00,,,,0,294859,,,"https://s.afl.com.au/staticfile/AFL%20Tenant/AFL/Players/ChampIDImages/AFL/2026014/294859.png?im=Scale,width=0.6,height=0.6",Jeremy McGovern,Jeremy McGovern,eremycovern
ebea46d0-d89e-44bc-b529-e7519a63d3cd,4a0822e2-ed7a-4fc4-8e70-bd1d1b92d3f8,Patrick Lipinski,DEF,"https://s.afl.com.au/staticfile/AFL%20Tenant/AFL/Players/ChampIDImages/AFL/2026014/1003130.png?im=Scale,width=0.6,height=0.6",2026-02-26 00:25:45.873242+00,1,,,0,1003130,collingwood-magpies,Collingwood Magpies,"https://s.afl.com.au/staticfile/AFL%20Tenant/AFL/Players/ChampIDImages/AFL/2026014/1003130.png?im=Scale,width=0.6,height=0.6",Patrick Lipinski,Patrick Lipinski,atrickipinski
ec3d79d6-0d09-4efc-935e-9df1f7a10ff1,6d7d39fb-1136-4cc8-a68c-bb6a284f2245,Darcy Fogarty,MID,"https://s.afl.com.au/staticfile/AFL%20Tenant/AFL/Players/ChampIDImages/AFL/2026014/999331.png?im=Scale,width=0.6,height=0.6",2026-02-26 00:25:45.873242+00,32,,,0,999331,adelaide-crows,Adelaide Crows,"https://s.afl.com.au/staticfile/AFL%20Tenant/AFL/Players/ChampIDImages/AFL/2026014/999331.png?im=Scale,width=0.6,height=0.6",Darcy Fogarty,Darcy Fogarty,arcyogarty
eca4c728-a4d6-4ace-bb2b-a840de578bef,,Jye Menzie,,"https://s.afl.com.au/staticfile/AFL%20Tenant/AFL/Players/ChampIDImages/AFL/2026014/1013201.png?im=Scale,width=0.6,height=0.6",2026-02-26 00:25:46.196086+00,,,,0,1013201,,,"https://s.afl.com.au/staticfile/AFL%20Tenant/AFL/Players/ChampIDImages/AFL/2026014/1013201.png?im=Scale,width=0.6,height=0.6",Jye Menzie,Jye Menzie,yeenzie
eca87e1b-0a15-4e27-b04a-e31b05bfdee4,6689e156-49a9-4066-a22e-259375fa9b04,Zach Guthrie,MID,"https://s.afl.com.au/staticfile/AFL%20Tenant/AFL/Players/ChampIDImages/AFL/2026014/1004870.png?im=Scale,width=0.6,height=0.6",2026-02-26 00:25:45.873242+00,39,,,0,1004870,geelong-cats,Geelong Cats,"https://s.afl.com.au/staticfile/AFL%20Tenant/AFL/Players/ChampIDImages/AFL/2026014/1004870.png?im=Scale,width=0.6,height=0.6",Zach Guthrie,Zach Guthrie,achuthrie
ecea396a-3fa8-4bf0-bae2-d0d9dee5fa15,8953891c-6af3-4f31-8386-7340f0c27f9c,Caleb Lewis,MID,"https://s.afl.com.au/staticfile/AFL%20Tenant/AFL/Players/ChampIDImages/AFL/2026014/1017493.png?im=Scale,width=0.6,height=0.6",2026-02-26 00:25:46.196086+00,45,,,0,1017493,gold-coast-suns,Gold Coast Suns,"https://s.afl.com.au/staticfile/AFL%20Tenant/AFL/Players/ChampIDImages/AFL/2026014/1017493.png?im=Scale,width=0.6,height=0.6",Caleb Lewis,Caleb Lewis,alebewis
ed048c85-8478-4944-8ebf-5bd486e665b6,85de4282-cc6a-4db6-b4f6-8520b69c38de,Jackson Archer,MID,"https://s.afl.com.au/staticfile/AFL%20Tenant/AFL/Players/ChampIDImages/AFL/2026014/1020968.png?im=Scale,width=0.6,height=0.6",2026-02-26 00:25:46.196086+00,34,,,0,1020968,north-melbourne-kangaroos,North Melbourne Kangaroos,"https://s.afl.com.au/staticfile/AFL%20Tenant/AFL/Players/ChampIDImages/AFL/2026014/1020968.png?im=Scale,width=0.6,height=0.6",Jackson Archer,Jackson Archer,acksonrcher
ed088ebd-0a05-4e8a-8745-fac8b498e76c,7fddbede-9cbf-4436-9845-1db1739b2476,Bailey J. Williams,MID,"https://s.afl.com.au/staticfile/AFL%20Tenant/AFL/Players/ChampIDImages/AFL/2026014/1006114.png?im=Scale,width=0.6,height=0.6",2026-02-26 00:25:45.873242+00,32,,,0,1006114,west-coast-eagles,West Coast Eagles,"https://s.afl.com.au/staticfile/AFL%20Tenant/AFL/Players/ChampIDImages/AFL/2026014/1006114.png?im=Scale,width=0.6,height=0.6",Bailey J. Williams,Bailey J. Williams,aileyilliams
ed437047-2af1-4b50-87d2-4ccc6b462053,0a73bf79-7321-4fd5-8b67-90fffabdcf01,Michael Frederick,MID,"https://s.afl.com.au/staticfile/AFL%20Tenant/AFL/Players/ChampIDImages/AFL/2026014/999321.png?im=Scale,width=0.6,height=0.6",2026-02-26 00:25:45.873242+00,32,,,0,999321,fremantle-dockers,Fremantle Dockers,"https://s.afl.com.au/staticfile/AFL%20Tenant/AFL/Players/ChampIDImages/AFL/2026014/999321.png?im=Scale,width=0.6,height=0.6",Michael Frederick,Michael Frederick,ichaelrederick
ed47563d-d838-47cf-99ee-c2bbc6972c48,914ab50f-d78d-4a28-aaef-6e4db1410600,Alixzander Tauru,FWD,"https://s.afl.com.au/staticfile/AFL%20Tenant/AFL/Players/ChampIDImages/AFL/2026014/1030433.png?im=Scale,width=0.6,height=0.6",2026-02-26 00:25:46.196086+00,26,,,0,1030433,st-kilda-saints,St Kilda Saints,"https://s.afl.com.au/staticfile/AFL%20Tenant/AFL/Players/ChampIDImages/AFL/2026014/1030433.png?im=Scale,width=0.6,height=0.6",Alixzander Tauru,Alixzander Tauru,lixzanderauru
ed7ba49e-d7be-426a-8e20-9c45a16e270a,85de4282-cc6a-4db6-b4f6-8520b69c38de,River Stevens,MID,"https://s.afl.com.au/staticfile/AFL%20Tenant/AFL/Players/ChampIDImages/AFL/2026014/1031989.png?im=Scale,width=0.6,height=0.6",2026-02-26 00:25:45.873242+00,36,,,0,1031989,north-melbourne-kangaroos,North Melbourne Kangaroos,"https://s.afl.com.au/staticfile/AFL%20Tenant/AFL/Players/ChampIDImages/AFL/2026014/1031989.png?im=Scale,width=0.6,height=0.6",River Stevens,River Stevens,ivertevens
ed9191b8-7605-4d05-af2c-3d2407a466f1,501a05f7-174e-4a86-8cea-db048be8b646,Cam Rayner,MID,"https://s.afl.com.au/staticfile/AFL%20Tenant/AFL/Players/ChampIDImages/AFL/2026014/1002235.png?im=Scale,width=0.6,height=0.6",2026-02-26 00:25:45.873242+00,16,,,0,1002235,brisbane-lions,Brisbane Lions,"https://s.afl.com.au/staticfile/AFL%20Tenant/AFL/Players/ChampIDImages/AFL/2026014/1002235.png?im=Scale,width=0.6,height=0.6",Cam Rayner,Cam Rayner,amayner
eda50870-6857-4cde-8cdd-26268ca6dacc,0ceb3e8b-4504-4ddd-b7c6-e2bf4215eada,Jedd Busslinger,DEF,"https://s.afl.com.au/staticfile/AFL%20Tenant/AFL/Players/ChampIDImages/AFL/2026014/1023017.png?im=Scale,width=0.6,height=0.6",2026-02-26 00:25:46.196086+00,5,,,0,1023017,western-bulldogs,Western Bulldogs,"https://s.afl.com.au/staticfile/AFL%20Tenant/AFL/Players/ChampIDImages/AFL/2026014/1023017.png?im=Scale,width=0.6,height=0.6",Jedd Busslinger,Jedd Busslinger,eddusslinger
edbd277e-f94e-4cc1-9422-7b8a8e627ded,82880eac-b132-4b23-93d7-0ec25ff0a023,Andy Moniz-Wakefield,MID,"https://s.afl.com.au/staticfile/AFL%20Tenant/AFL/Players/ChampIDImages/AFL/2026014/1013165.png?im=Scale,width=0.6,height=0.6",2026-02-26 00:25:46.196086+00,45,,,0,1013165,melbourne-demons,Melbourne Demons,"https://s.afl.com.au/staticfile/AFL%20Tenant/AFL/Players/ChampIDImages/AFL/2026014/1013165.png?im=Scale,width=0.6,height=0.6",Andy Moniz-Wakefield,Andy Moniz-Wakefield,ndyonizakefield
ede39415-8d73-4112-8b90-a644a5319a8b,82880eac-b132-4b23-93d7-0ec25ff0a023,Matthew Jefferson,FWD,"https://s.afl.com.au/staticfile/AFL%20Tenant/AFL/Players/ChampIDImages/AFL/2026014/1023486.png?im=Scale,width=0.6,height=0.6",2026-02-26 00:25:46.196086+00,21,,,0,1023486,melbourne-demons,Melbourne Demons,"https://s.afl.com.au/staticfile/AFL%20Tenant/AFL/Players/ChampIDImages/AFL/2026014/1023486.png?im=Scale,width=0.6,height=0.6",Matthew Jefferson,Matthew Jefferson,atthewefferson
edfede4b-a7b2-4e31-b98b-b279062ddf0c,501a05f7-174e-4a86-8cea-db048be8b646,Harris Andrews,MID,"https://s.afl.com.au/staticfile/AFL%20Tenant/AFL/Players/ChampIDImages/AFL/2026014/996059.png?im=Scale,width=0.6,height=0.6",2026-02-26 00:25:45.873242+00,31,,,0,996059,brisbane-lions,Brisbane Lions,"https://s.afl.com.au/staticfile/AFL%20Tenant/AFL/Players/ChampIDImages/AFL/2026014/996059.png?im=Scale,width=0.6,height=0.6",Harris Andrews,Harris Andrews,arrisndrews
ee2056dc-5f9d-4908-9ffe-ab440e7d2af8,0ceb3e8b-4504-4ddd-b7c6-e2bf4215eada,James O'Donnell,MID,"https://s.afl.com.au/staticfile/AFL%20Tenant/AFL/Players/ChampIDImages/AFL/2026014/1032966.png?im=Scale,width=0.6,height=0.6",2026-02-26 00:25:46.196086+00,18,,,0,1032966,western-bulldogs,Western Bulldogs,"https://s.afl.com.au/staticfile/AFL%20Tenant/AFL/Players/ChampIDImages/AFL/2026014/1032966.png?im=Scale,width=0.6,height=0.6",James O'Donnell,James O'Donnell,amesonnell
ee2f1925-9932-4a81-b2fc-0da53fb7eced,5a697f25-65ef-4a40-9446-c813bbd624dc,Lewis Melican,MID,"https://s.afl.com.au/staticfile/AFL%20Tenant/AFL/Players/ChampIDImages/AFL/2026014/996743.png?im=Scale,width=0.6,height=0.6",2026-02-26 00:25:46.196086+00,43,,,0,996743,sydney-swans,Sydney Swans,"https://s.afl.com.au/staticfile/AFL%20Tenant/AFL/Players/ChampIDImages/AFL/2026014/996743.png?im=Scale,width=0.6,height=0.6",Lewis Melican,Lewis Melican,ewiselican
ee6080e5-d4fe-478a-8359-13534353220b,,Kieran Strachan,,"https://s.afl.com.au/staticfile/AFL%20Tenant/AFL/Players/ChampIDImages/AFL/2026014/1008752.png?im=Scale,width=0.6,height=0.6",2026-02-26 00:25:45.873242+00,,,,0,1008752,,,"https://s.afl.com.au/staticfile/AFL%20Tenant/AFL/Players/ChampIDImages/AFL/2026014/1008752.png?im=Scale,width=0.6,height=0.6",Kieran Strachan,Kieran Strachan,ierantrachan
eeacb9f6-a8aa-44af-8d43-5c3722b042d9,6d7d39fb-1136-4cc8-a68c-bb6a284f2245,Rory Laird,FWD,"https://s.afl.com.au/staticfile/AFL%20Tenant/AFL/Players/ChampIDImages/AFL/2026014/293222.png?im=Scale,width=0.6,height=0.6",2026-02-26 00:25:45.873242+00,29,,,0,293222,adelaide-crows,Adelaide Crows,"https://s.afl.com.au/staticfile/AFL%20Tenant/AFL/Players/ChampIDImages/AFL/2026014/293222.png?im=Scale,width=0.6,height=0.6",Rory Laird,Rory Laird,oryaird
ef37d6a1-42dd-44bf-9591-670aff0c5405,0ceb3e8b-4504-4ddd-b7c6-e2bf4215eada,Karl Gallagher,MID,"https://s.afl.com.au/staticfile/AFL%20Tenant/AFL/Players/ChampIDImages/AFL/2026014/1035372.png?im=Scale,width=0.6,height=0.6",2026-02-26 00:25:46.196086+00,12,,,0,1035372,western-bulldogs,Western Bulldogs,"https://s.afl.com.au/staticfile/AFL%20Tenant/AFL/Players/ChampIDImages/AFL/2026014/1035372.png?im=Scale,width=0.6,height=0.6",Karl Gallagher,Karl Gallagher,arlallagher
efbebe50-39a7-4892-b2c7-ae089e2d47bc,d991371b-e2f7-4c95-ad7c-52ea89b07d7b,James Sicily,DEF,"https://s.afl.com.au/staticfile/AFL%20Tenant/AFL/Players/ChampIDImages/AFL/2026014/297566.png?im=Scale,width=0.6,height=0.6",2026-02-26 00:25:45.873242+00,6,,,0,297566,hawthorn-hawks,Hawthorn Hawks,"https://s.afl.com.au/staticfile/AFL%20Tenant/AFL/Players/ChampIDImages/AFL/2026014/297566.png?im=Scale,width=0.6,height=0.6",James Sicily,James Sicily,amesicily
efd54c47-1b9d-43b2-86e3-d6d71b4f1672,501a05f7-174e-4a86-8cea-db048be8b646,Darcy Fort,MID,"https://s.afl.com.au/staticfile/AFL%20Tenant/AFL/Players/ChampIDImages/AFL/2026014/298211.png?im=Scale,width=0.6,height=0.6",2026-02-26 00:25:45.873242+00,32,,,0,298211,brisbane-lions,Brisbane Lions,"https://s.afl.com.au/staticfile/AFL%20Tenant/AFL/Players/ChampIDImages/AFL/2026014/298211.png?im=Scale,width=0.6,height=0.6",Darcy Fort,Darcy Fort,arcyort
f04fd38d-8fbb-4553-9243-85baa24fe608,914ab50f-d78d-4a28-aaef-6e4db1410600,Hugo Garcia,MID,"https://s.afl.com.au/staticfile/AFL%20Tenant/AFL/Players/ChampIDImages/AFL/2026014/1027790.png?im=Scale,width=0.6,height=0.6",2026-02-26 00:25:45.873242+00,34,,,0,1027790,st-kilda-saints,St Kilda Saints,"https://s.afl.com.au/staticfile/AFL%20Tenant/AFL/Players/ChampIDImages/AFL/2026014/1027790.png?im=Scale,width=0.6,height=0.6",Hugo Garcia,Hugo Garcia,ugoarcia
f174bf42-4d06-426b-a0f6-415745638a0f,914ab50f-d78d-4a28-aaef-6e4db1410600,Angus Hastie,FWD,"https://s.afl.com.au/staticfile/AFL%20Tenant/AFL/Players/ChampIDImages/AFL/2026014/1027872.png?im=Scale,width=0.6,height=0.6",2026-02-26 00:25:46.196086+00,24,,,0,1027872,st-kilda-saints,St Kilda Saints,"https://s.afl.com.au/staticfile/AFL%20Tenant/AFL/Players/ChampIDImages/AFL/2026014/1027872.png?im=Scale,width=0.6,height=0.6",Angus Hastie,Angus Hastie,ngusastie
f26cb98b-599f-4d91-bf81-93745a159207,914ab50f-d78d-4a28-aaef-6e4db1410600,Liam Ryan,RUCK,"https://s.afl.com.au/staticfile/AFL%20Tenant/AFL/Players/ChampIDImages/AFL/2026014/1004364.png?im=Scale,width=0.6,height=0.6",2026-02-26 00:25:45.873242+00,31,,,0,1004364,st-kilda-saints,St Kilda Saints,"https://s.afl.com.au/staticfile/AFL%20Tenant/AFL/Players/ChampIDImages/AFL/2026014/1004364.png?im=Scale,width=0.6,height=0.6",Liam Ryan,Liam Ryan,iamyan
f33dec27-1021-4b10-95f9-f6955039d322,82880eac-b132-4b23-93d7-0ec25ff0a023,Jake Lever,DEF,"https://s.afl.com.au/staticfile/AFL%20Tenant/AFL/Players/ChampIDImages/AFL/2026014/298281.png?im=Scale,width=0.6,height=0.6",2026-02-26 00:25:45.873242+00,8,,,0,298281,melbourne-demons,Melbourne Demons,"https://s.afl.com.au/staticfile/AFL%20Tenant/AFL/Players/ChampIDImages/AFL/2026014/298281.png?im=Scale,width=0.6,height=0.6",Jake Lever,Jake Lever,akeever
f344ccd2-6c94-441d-a7c5-c5084700ef91,914ab50f-d78d-4a28-aaef-6e4db1410600,Liam O'Connell,MID,"https://s.afl.com.au/staticfile/AFL%20Tenant/AFL/Players/ChampIDImages/AFL/2026014/1035198.png?im=Scale,width=0.6,height=0.6",2026-02-26 00:25:46.196086+00,45,,,0,1035198,st-kilda-saints,St Kilda Saints,"https://s.afl.com.au/staticfile/AFL%20Tenant/AFL/Players/ChampIDImages/AFL/2026014/1035198.png?im=Scale,width=0.6,height=0.6",Liam O'Connell,Liam O'Connell,iamonnell
f3556ee6-546c-4f7f-b259-d7beca417ada,914ab50f-d78d-4a28-aaef-6e4db1410600,Patrick Said,MID,"https://s.afl.com.au/staticfile/AFL%20Tenant/AFL/Players/ChampIDImages/AFL/2026014/1028514.png?im=Scale,width=0.6,height=0.6",2026-02-26 00:25:45.873242+00,33,,,0,1028514,st-kilda-saints,St Kilda Saints,"https://s.afl.com.au/staticfile/AFL%20Tenant/AFL/Players/ChampIDImages/AFL/2026014/1028514.png?im=Scale,width=0.6,height=0.6",Patrick Said,Patrick Said,atrickaid
f36592a9-0c6b-404d-8769-fedec20d530d,70c32ca0-2bec-4db6-9b70-b8c8327f51c1,Miller Bergman,MID,"https://s.afl.com.au/staticfile/AFL%20Tenant/AFL/Players/ChampIDImages/AFL/2026014/1017095.png?im=Scale,width=0.6,height=0.6",2026-02-26 00:25:45.873242+00,14,,,0,1017095,port-adelaide-power,Port Adelaide Power,"https://s.afl.com.au/staticfile/AFL%20Tenant/AFL/Players/ChampIDImages/AFL/2026014/1017095.png?im=Scale,width=0.6,height=0.6",Miller Bergman,Miller Bergman,illerergman
f420d60e-9cda-4f41-8a26-3ec80e31a7f3,0a73bf79-7321-4fd5-8b67-90fffabdcf01,Jordan Clark,DEF,"https://s.afl.com.au/staticfile/AFL%20Tenant/AFL/Players/ChampIDImages/AFL/2026014/1006152.png?im=Scale,width=0.6,height=0.6",2026-02-26 00:25:45.873242+00,6,,,0,1006152,fremantle-dockers,Fremantle Dockers,"https://s.afl.com.au/staticfile/AFL%20Tenant/AFL/Players/ChampIDImages/AFL/2026014/1006152.png?im=Scale,width=0.6,height=0.6",Jordan Clark,Jordan Clark,ordanlark
f45cca5b-d42b-4e38-9be0-72b7e4da6eba,8953891c-6af3-4f31-8386-7340f0c27f9c,Ben Long,FWD,"https://s.afl.com.au/staticfile/AFL%20Tenant/AFL/Players/ChampIDImages/AFL/2026014/993917.png?im=Scale,width=0.6,height=0.6",2026-02-26 00:25:45.873242+00,22,,,0,993917,gold-coast-suns,Gold Coast Suns,"https://s.afl.com.au/staticfile/AFL%20Tenant/AFL/Players/ChampIDImages/AFL/2026014/993917.png?im=Scale,width=0.6,height=0.6",Ben Long,Ben Long,enong
f467b46e-c816-4573-9fbb-485ea9617238,6689e156-49a9-4066-a22e-259375fa9b04,Shaun Mannagh,DEF,"https://s.afl.com.au/staticfile/AFL%20Tenant/AFL/Players/ChampIDImages/AFL/2026014/993878.png?im=Scale,width=0.6,height=0.6",2026-02-26 00:25:45.873242+00,7,,,0,993878,geelong-cats,Geelong Cats,"https://s.afl.com.au/staticfile/AFL%20Tenant/AFL/Players/ChampIDImages/AFL/2026014/993878.png?im=Scale,width=0.6,height=0.6",Shaun Mannagh,Shaun Mannagh,haunannagh
f511150f-0337-4b29-b9ea-2ef54bb017f5,6d7d39fb-1136-4cc8-a68c-bb6a284f2245,Jake Soligo,MID,"https://s.afl.com.au/staticfile/AFL%20Tenant/AFL/Players/ChampIDImages/AFL/2026014/1017109.png?im=Scale,width=0.6,height=0.6",2026-02-26 00:25:45.873242+00,14,,,0,1017109,adelaide-crows,Adelaide Crows,"https://s.afl.com.au/staticfile/AFL%20Tenant/AFL/Players/ChampIDImages/AFL/2026014/1017109.png?im=Scale,width=0.6,height=0.6",Jake Soligo,Jake Soligo,akeoligo
f55708b9-e964-4a3d-ab82-8dcbaa449463,82880eac-b132-4b23-93d7-0ec25ff0a023,Jacob van Rooyen,DEF,"https://s.afl.com.au/staticfile/AFL%20Tenant/AFL/Players/ChampIDImages/AFL/2026014/1017720.png?im=Scale,width=0.6,height=0.6",2026-02-26 00:25:46.196086+00,2,,,0,1017720,melbourne-demons,Melbourne Demons,"https://s.afl.com.au/staticfile/AFL%20Tenant/AFL/Players/ChampIDImages/AFL/2026014/1017720.png?im=Scale,width=0.6,height=0.6",Jacob van Rooyen,Jacob van Rooyen,acobvanooyen
f59946fe-1f57-4c60-b622-9505c085e9cf,d991371b-e2f7-4c95-ad7c-52ea89b07d7b,James Blanck,MID,"https://s.afl.com.au/staticfile/AFL%20Tenant/AFL/Players/ChampIDImages/AFL/2026014/1011839.png?im=Scale,width=0.6,height=0.6",2026-02-26 00:25:46.196086+00,36,,,0,1011839,hawthorn-hawks,Hawthorn Hawks,"https://s.afl.com.au/staticfile/AFL%20Tenant/AFL/Players/ChampIDImages/AFL/2026014/1011839.png?im=Scale,width=0.6,height=0.6",James Blanck,James Blanck,ameslanck
f66c453f-3d5a-42f1-a7e1-dfbea262f80b,4a0822e2-ed7a-4fc4-8e70-bd1d1b92d3f8,Isaac Quaynor,DEF,"https://s.afl.com.au/staticfile/AFL%20Tenant/AFL/Players/ChampIDImages/AFL/2026014/1008089.png?im=Scale,width=0.6,height=0.6",2026-02-26 00:25:45.873242+00,3,,,0,1008089,collingwood-magpies,Collingwood Magpies,"https://s.afl.com.au/staticfile/AFL%20Tenant/AFL/Players/ChampIDImages/AFL/2026014/1008089.png?im=Scale,width=0.6,height=0.6",Isaac Quaynor,Isaac Quaynor,saacuaynor
f6900f59-8f47-4ddb-9736-e4967e52d031,8953891c-6af3-4f31-8386-7340f0c27f9c,Ned Moyle,FWD,"https://s.afl.com.au/staticfile/AFL%20Tenant/AFL/Players/ChampIDImages/AFL/2026014/1021013.png?im=Scale,width=0.6,height=0.6",2026-02-26 00:25:45.873242+00,23,,,0,1021013,gold-coast-suns,Gold Coast Suns,"https://s.afl.com.au/staticfile/AFL%20Tenant/AFL/Players/ChampIDImages/AFL/2026014/1021013.png?im=Scale,width=0.6,height=0.6",Ned Moyle,Ned Moyle,edoyle
f6c48aac-2bef-4350-a404-41419d682d6b,501a05f7-174e-4a86-8cea-db048be8b646,Luke Beecken,MID,"https://s.afl.com.au/staticfile/AFL%20Tenant/AFL/Players/ChampIDImages/AFL/2026014/1008805.png?im=Scale,width=0.6,height=0.6",2026-02-26 00:25:46.196086+00,17,,,0,1008805,brisbane-lions,Brisbane Lions,"https://s.afl.com.au/staticfile/AFL%20Tenant/AFL/Players/ChampIDImages/AFL/2026014/1008805.png?im=Scale,width=0.6,height=0.6",Luke Beecken,Luke Beecken,ukeeecken
f7121c65-cbcd-431d-87a3-de6122f9307c,914ab50f-d78d-4a28-aaef-6e4db1410600,Jack Higgins,DEF,"https://s.afl.com.au/staticfile/AFL%20Tenant/AFL/Players/ChampIDImages/AFL/2026014/1002227.png?im=Scale,width=0.6,height=0.6",2026-02-26 00:25:45.873242+00,1,,,0,1002227,st-kilda-saints,St Kilda Saints,"https://s.afl.com.au/staticfile/AFL%20Tenant/AFL/Players/ChampIDImages/AFL/2026014/1002227.png?im=Scale,width=0.6,height=0.6",Jack Higgins,Jack Higgins,ackiggins
f71ac0da-348e-455a-b743-6fc0a899dfd2,85de4282-cc6a-4db6-b4f6-8520b69c38de,Tom Powell,FWD,"https://s.afl.com.au/staticfile/AFL%20Tenant/AFL/Players/ChampIDImages/AFL/2026014/1011659.png?im=Scale,width=0.6,height=0.6",2026-02-26 00:25:45.873242+00,24,,,0,1011659,north-melbourne-kangaroos,North Melbourne Kangaroos,"https://s.afl.com.au/staticfile/AFL%20Tenant/AFL/Players/ChampIDImages/AFL/2026014/1011659.png?im=Scale,width=0.6,height=0.6",Tom Powell,Tom Powell,omowell
f745b49e-8110-48e1-bef4-3a6d242d1321,7fddbede-9cbf-4436-9845-1db1739b2476,Jacob Newton,MID,"https://s.afl.com.au/staticfile/AFL%20Tenant/AFL/Players/ChampIDImages/AFL/2026014/1022486.png?im=Scale,width=0.6,height=0.6",2026-02-26 00:25:46.196086+00,46,,,0,1022486,west-coast-eagles,West Coast Eagles,"https://s.afl.com.au/staticfile/AFL%20Tenant/AFL/Players/ChampIDImages/AFL/2026014/1022486.png?im=Scale,width=0.6,height=0.6",Jacob Newton,Jacob Newton,acobewton
f7599b92-a4e5-4b33-886b-fae22de8aa8a,,Jacob Blight,,"https://s.afl.com.au/staticfile/AFL%20Tenant/AFL/Players/ChampIDImages/AFL/2026014/1013229.png?im=Scale,width=0.6,height=0.6",2026-02-26 00:25:46.196086+00,,,,0,1013229,,,"https://s.afl.com.au/staticfile/AFL%20Tenant/AFL/Players/ChampIDImages/AFL/2026014/1013229.png?im=Scale,width=0.6,height=0.6",Jacob Blight,Jacob Blight,acoblight
f7737ceb-09dc-4fd6-afc6-46d78ccafe95,501a05f7-174e-4a86-8cea-db048be8b646,Jarrod Berry,DEF,"https://s.afl.com.au/staticfile/AFL%20Tenant/AFL/Players/ChampIDImages/AFL/2026014/998133.png?im=Scale,width=0.6,height=0.6",2026-02-26 00:25:45.873242+00,7,,,0,998133,brisbane-lions,Brisbane Lions,"https://s.afl.com.au/staticfile/AFL%20Tenant/AFL/Players/ChampIDImages/AFL/2026014/998133.png?im=Scale,width=0.6,height=0.6",Jarrod Berry,Jarrod Berry,arroderry
f832ddd5-c1aa-4245-9196-7d2c8244183c,85de4282-cc6a-4db6-b4f6-8520b69c38de,Luke Urquhart,MID,"https://s.afl.com.au/staticfile/AFL%20Tenant/AFL/Players/ChampIDImages/AFL/2026014/1029281.png?im=Scale,width=0.6,height=0.6",2026-02-26 00:25:45.873242+00,14,,,0,1029281,north-melbourne-kangaroos,North Melbourne Kangaroos,"https://s.afl.com.au/staticfile/AFL%20Tenant/AFL/Players/ChampIDImages/AFL/2026014/1029281.png?im=Scale,width=0.6,height=0.6",Luke Urquhart,Luke Urquhart,ukerquhart
f8b0c88e-b7ae-446f-8264-27f43a92b64c,,Eddie Ford,,"https://s.afl.com.au/staticfile/AFL%20Tenant/AFL/Players/ChampIDImages/AFL/2026014/1012833.png?im=Scale,width=0.6,height=0.6",2026-02-26 00:25:45.873242+00,,,,0,1012833,,,"https://s.afl.com.au/staticfile/AFL%20Tenant/AFL/Players/ChampIDImages/AFL/2026014/1012833.png?im=Scale,width=0.6,height=0.6",Eddie Ford,Eddie Ford,ddieord
f99e74f5-87e1-4eae-9a9f-2193a7291b6c,6e06405b-7cff-4d56-b852-48cc980c21bb,Kane McAuliffe,FWD,"https://s.afl.com.au/staticfile/AFL%20Tenant/AFL/Players/ChampIDImages/AFL/2026014/1019916.png?im=Scale,width=0.6,height=0.6",2026-02-26 00:25:45.873242+00,28,,,0,1019916,richmond-tigers,Richmond Tigers,"https://s.afl.com.au/staticfile/AFL%20Tenant/AFL/Players/ChampIDImages/AFL/2026014/1019916.png?im=Scale,width=0.6,height=0.6",Kane McAuliffe,Kane McAuliffe,aneculiffe
f9c03f85-0553-402a-8f61-5e11fb7919c5,5a697f25-65ef-4a40-9446-c813bbd624dc,Peter Ladhams,FWD,"https://s.afl.com.au/staticfile/AFL%20Tenant/AFL/Players/ChampIDImages/AFL/2026014/997142.png?im=Scale,width=0.6,height=0.6",2026-02-26 00:25:45.873242+00,19,,,0,997142,sydney-swans,Sydney Swans,"https://s.afl.com.au/staticfile/AFL%20Tenant/AFL/Players/ChampIDImages/AFL/2026014/997142.png?im=Scale,width=0.6,height=0.6",Peter Ladhams,Peter Ladhams,eteradhams
f9e1ab8e-d9e5-4795-93af-35f77430f9cb,0a73bf79-7321-4fd5-8b67-90fffabdcf01,Heath Chapman,DEF,"https://s.afl.com.au/staticfile/AFL%20Tenant/AFL/Players/ChampIDImages/AFL/2026014/1013224.png?im=Scale,width=0.6,height=0.6",2026-02-26 00:25:45.873242+00,5,,,0,1013224,fremantle-dockers,Fremantle Dockers,"https://s.afl.com.au/staticfile/AFL%20Tenant/AFL/Players/ChampIDImages/AFL/2026014/1013224.png?im=Scale,width=0.6,height=0.6",Heath Chapman,Heath Chapman,eathhapman
fa5d4e38-8491-48b5-aaf4-84689775b96f,,Quinton Narkle,,"https://s.afl.com.au/staticfile/AFL%20Tenant/AFL/Players/ChampIDImages/AFL/2026014/999824.png?im=Scale,width=0.6,height=0.6",2026-02-26 00:25:45.873242+00,,,,0,999824,,,"https://s.afl.com.au/staticfile/AFL%20Tenant/AFL/Players/ChampIDImages/AFL/2026014/999824.png?im=Scale,width=0.6,height=0.6",Quinton Narkle,Quinton Narkle,uintonarkle
fa659410-166e-48d8-88ea-490411320297,,Harry Lemmey,,"https://s.afl.com.au/staticfile/AFL%20Tenant/AFL/Players/ChampIDImages/AFL/2026014/1020072.png?im=Scale,width=0.6,height=0.6",2026-02-26 00:25:46.196086+00,,,,0,1020072,,,"https://s.afl.com.au/staticfile/AFL%20Tenant/AFL/Players/ChampIDImages/AFL/2026014/1020072.png?im=Scale,width=0.6,height=0.6",Harry Lemmey,Harry Lemmey,arryemmey
fa70229f-87c7-45d7-afca-6300cd9e59af,501a05f7-174e-4a86-8cea-db048be8b646,Eric Hipwood,RUCK,"https://s.afl.com.au/staticfile/AFL%20Tenant/AFL/Players/ChampIDImages/AFL/2026014/993953.png?im=Scale,width=0.6,height=0.6",2026-02-26 00:25:45.873242+00,30,,,0,993953,brisbane-lions,Brisbane Lions,"https://s.afl.com.au/staticfile/AFL%20Tenant/AFL/Players/ChampIDImages/AFL/2026014/993953.png?im=Scale,width=0.6,height=0.6",Eric Hipwood,Eric Hipwood,ricipwood
fae5b1a4-9282-4b6f-8fb1-2b9ef0db6871,0ceb3e8b-4504-4ddd-b7c6-e2bf4215eada,Cooper Hynes,DEF,"https://s.afl.com.au/staticfile/AFL%20Tenant/AFL/Players/ChampIDImages/AFL/2026014/1029456.png?im=Scale,width=0.6,height=0.6",2026-02-26 00:25:45.873242+00,6,,,0,1029456,western-bulldogs,Western Bulldogs,"https://s.afl.com.au/staticfile/AFL%20Tenant/AFL/Players/ChampIDImages/AFL/2026014/1029456.png?im=Scale,width=0.6,height=0.6",Cooper Hynes,Cooper Hynes,ooperynes
fb60fd44-40cb-4af1-9e2c-7f4237795987,70c32ca0-2bec-4db6-9b70-b8c8327f51c1,Xavier Walsh,MID,"https://s.afl.com.au/staticfile/AFL%20Tenant/AFL/Players/ChampIDImages/AFL/2026014/1029158.png?im=Scale,width=0.6,height=0.6",2026-02-26 00:25:46.196086+00,45,,,0,1029158,port-adelaide-power,Port Adelaide Power,"https://s.afl.com.au/staticfile/AFL%20Tenant/AFL/Players/ChampIDImages/AFL/2026014/1029158.png?im=Scale,width=0.6,height=0.6",Xavier Walsh,Xavier Walsh,avieralsh
fbc669fc-c884-4e02-b368-7faad185ad15,f70ca36c-612b-439f-850f-4a31fd2df499,Francis Evans,MID,"https://s.afl.com.au/staticfile/AFL%20Tenant/AFL/Players/ChampIDImages/AFL/2026014/1017255.png?im=Scale,width=0.6,height=0.6",2026-02-26 00:25:46.196086+00,44,,,0,1017255,carlton-blues,Carlton Blues,"https://s.afl.com.au/staticfile/AFL%20Tenant/AFL/Players/ChampIDImages/AFL/2026014/1017255.png?im=Scale,width=0.6,height=0.6",Francis Evans,Francis Evans,rancisvans
fbd69aff-e670-4c5f-a779-07567876cfee,6689e156-49a9-4066-a22e-259375fa9b04,Jhye Clark,MID,"https://s.afl.com.au/staticfile/AFL%20Tenant/AFL/Players/ChampIDImages/AFL/2026014/1023537.png?im=Scale,width=0.6,height=0.6",2026-02-26 00:25:45.873242+00,13,,,0,1023537,geelong-cats,Geelong Cats,"https://s.afl.com.au/staticfile/AFL%20Tenant/AFL/Players/ChampIDImages/AFL/2026014/1023537.png?im=Scale,width=0.6,height=0.6",Jhye Clark,Jhye Clark,hyelark
fbef9924-82e9-4eef-b744-81e8db23ab93,,Seamus Mitchell,,"https://s.afl.com.au/staticfile/AFL%20Tenant/AFL/Players/ChampIDImages/AFL/2026014/1018016.png?im=Scale,width=0.6,height=0.6",2026-02-26 00:25:46.196086+00,,,,0,1018016,,,"https://s.afl.com.au/staticfile/AFL%20Tenant/AFL/Players/ChampIDImages/AFL/2026014/1018016.png?im=Scale,width=0.6,height=0.6",Seamus Mitchell,Seamus Mitchell,eamusitchell
fc07e10c-c0cb-4acc-9eb7-8dc43a27b64a,7fddbede-9cbf-4436-9845-1db1739b2476,Elijah Hewett,DEF,"https://s.afl.com.au/staticfile/AFL%20Tenant/AFL/Players/ChampIDImages/AFL/2026014/1020670.png?im=Scale,width=0.6,height=0.6",2026-02-26 00:25:45.873242+00,8,,,0,1020670,west-coast-eagles,West Coast Eagles,"https://s.afl.com.au/staticfile/AFL%20Tenant/AFL/Players/ChampIDImages/AFL/2026014/1020670.png?im=Scale,width=0.6,height=0.6",Elijah Hewett,Elijah Hewett,lijahewett
fc31336d-c47a-43c5-847f-d379799a7fe5,0ceb3e8b-4504-4ddd-b7c6-e2bf4215eada,Bailey Dale,RUCK,"https://s.afl.com.au/staticfile/AFL%20Tenant/AFL/Players/ChampIDImages/AFL/2026014/996708.png?im=Scale,width=0.6,height=0.6",2026-02-26 00:25:45.873242+00,31,,,0,996708,western-bulldogs,Western Bulldogs,"https://s.afl.com.au/staticfile/AFL%20Tenant/AFL/Players/ChampIDImages/AFL/2026014/996708.png?im=Scale,width=0.6,height=0.6",Bailey Dale,Bailey Dale,aileyale
fc5cb974-2a37-49fd-b8a2-86ad72f23b84,7fddbede-9cbf-4436-9845-1db1739b2476,Hamish Davis,MID,"https://s.afl.com.au/staticfile/AFL%20Tenant/AFL/Players/ChampIDImages/AFL/2026014/1032624.png?im=Scale,width=0.6,height=0.6",2026-02-26 00:25:46.196086+00,38,,,0,1032624,west-coast-eagles,West Coast Eagles,"https://s.afl.com.au/staticfile/AFL%20Tenant/AFL/Players/ChampIDImages/AFL/2026014/1032624.png?im=Scale,width=0.6,height=0.6",Hamish Davis,Hamish Davis,amishavis
fce2b15b-a3c2-45c2-9f51-2d6995b36e34,914ab50f-d78d-4a28-aaef-6e4db1410600,Cooper Sharman,MID,"https://s.afl.com.au/staticfile/AFL%20Tenant/AFL/Players/ChampIDImages/AFL/2026014/1018018.png?im=Scale,width=0.6,height=0.6",2026-02-26 00:25:45.873242+00,43,,,0,1018018,st-kilda-saints,St Kilda Saints,"https://s.afl.com.au/staticfile/AFL%20Tenant/AFL/Players/ChampIDImages/AFL/2026014/1018018.png?im=Scale,width=0.6,height=0.6",Cooper Sharman,Cooper Sharman,ooperharman
fd0cc3ad-bb8b-4eab-9486-98c76292b607,8953891c-6af3-4f31-8386-7340f0c27f9c,Wil Powell,FWD,"https://s.afl.com.au/staticfile/AFL%20Tenant/AFL/Players/ChampIDImages/AFL/2026014/1007881.png?im=Scale,width=0.6,height=0.6",2026-02-26 00:25:45.873242+00,27,,,0,1007881,gold-coast-suns,Gold Coast Suns,"https://s.afl.com.au/staticfile/AFL%20Tenant/AFL/Players/ChampIDImages/AFL/2026014/1007881.png?im=Scale,width=0.6,height=0.6",Wil Powell,Wil Powell,ilowell
fd1cd5b1-e7d5-4976-bb87-b80d9454bde5,,James Aish,,"https://s.afl.com.au/staticfile/AFL%20Tenant/AFL/Players/ChampIDImages/AFL/2026014/295067.png?im=Scale,width=0.6,height=0.6",2026-02-26 00:25:45.873242+00,,,,0,295067,,,"https://s.afl.com.au/staticfile/AFL%20Tenant/AFL/Players/ChampIDImages/AFL/2026014/295067.png?im=Scale,width=0.6,height=0.6",James Aish,James Aish,amesish
fd426838-8c2c-4feb-a365-07390c6f6250,4a0822e2-ed7a-4fc4-8e70-bd1d1b92d3f8,Iliro Smit,FWD,"https://s.afl.com.au/staticfile/AFL%20Tenant/AFL/Players/ChampIDImages/AFL/2026014/1027834.png?im=Scale,width=0.6,height=0.6",2026-02-26 00:25:45.873242+00,20,,,0,1027834,collingwood-magpies,Collingwood Magpies,"https://s.afl.com.au/staticfile/AFL%20Tenant/AFL/Players/ChampIDImages/AFL/2026014/1027834.png?im=Scale,width=0.6,height=0.6",Iliro Smit,Iliro Smit,liromit
fdb8da9c-4add-4d8e-b4f7-8e9c97092e9d,8953891c-6af3-4f31-8386-7340f0c27f9c,Leonardo Lombard,DEF,"https://s.afl.com.au/staticfile/AFL%20Tenant/AFL/Players/ChampIDImages/AFL/2026014/1029301.png?im=Scale,width=0.6,height=0.6",2026-02-26 00:25:46.196086+00,8,,,0,1029301,gold-coast-suns,Gold Coast Suns,"https://s.afl.com.au/staticfile/AFL%20Tenant/AFL/Players/ChampIDImages/AFL/2026014/1029301.png?im=Scale,width=0.6,height=0.6",Leonardo Lombard,Leonardo Lombard,eonardoombard
fddf4ee6-fffd-45bb-9778-d508a3e65ca0,82880eac-b132-4b23-93d7-0ec25ff0a023,Trent Rivers,FWD,"https://s.afl.com.au/staticfile/AFL%20Tenant/AFL/Players/ChampIDImages/AFL/2026014/1009378.png?im=Scale,width=0.6,height=0.6",2026-02-26 00:25:45.873242+00,24,,,0,1009378,melbourne-demons,Melbourne Demons,"https://s.afl.com.au/staticfile/AFL%20Tenant/AFL/Players/ChampIDImages/AFL/2026014/1009378.png?im=Scale,width=0.6,height=0.6",Trent Rivers,Trent Rivers,rentivers
fdec72b0-b5af-43b3-94f4-9853b10170dd,70c32ca0-2bec-4db6-9b70-b8c8327f51c1,Ollie Wines,MID,"https://s.afl.com.au/staticfile/AFL%20Tenant/AFL/Players/ChampIDImages/AFL/2026014/294318.png?im=Scale,width=0.6,height=0.6",2026-02-26 00:25:45.873242+00,16,,,0,294318,port-adelaide-power,Port Adelaide Power,"https://s.afl.com.au/staticfile/AFL%20Tenant/AFL/Players/ChampIDImages/AFL/2026014/294318.png?im=Scale,width=0.6,height=0.6",Ollie Wines,Ollie Wines,llieines
fee5a910-7b0e-4e85-9b2a-4d34f1ec9bb8,,Jacob Bauer,,"https://s.afl.com.au/staticfile/AFL%20Tenant/AFL/Players/ChampIDImages/AFL/2026014/1021152.png?im=Scale,width=0.6,height=0.6",2026-02-26 00:25:46.196086+00,,,,0,1021152,,,"https://s.afl.com.au/staticfile/AFL%20Tenant/AFL/Players/ChampIDImages/AFL/2026014/1021152.png?im=Scale,width=0.6,height=0.6",Jacob Bauer,Jacob Bauer,acobauer
ff127838-5208-4600-9efd-757332c91650,6689e156-49a9-4066-a22e-259375fa9b04,Mitch Knevitt,MID,"https://s.afl.com.au/staticfile/AFL%20Tenant/AFL/Players/ChampIDImages/AFL/2026014/1021103.png?im=Scale,width=0.6,height=0.6",2026-02-26 00:25:45.873242+00,10,,,0,1021103,geelong-cats,Geelong Cats,"https://s.afl.com.au/staticfile/AFL%20Tenant/AFL/Players/ChampIDImages/AFL/2026014/1021103.png?im=Scale,width=0.6,height=0.6",Mitch Knevitt,Mitch Knevitt,itchnevitt
ff57d491-762c-4dfd-bfa9-ea5766c0f33d,0d8207f2-c6ac-43c7-b3b1-154eb1648fe5,Jesse Hogan,FWD,"https://s.afl.com.au/staticfile/AFL%20Tenant/AFL/Players/ChampIDImages/AFL/2026014/296324.png?im=Scale,width=0.6,height=0.6",2026-02-26 00:25:45.873242+00,23,,,0,296324,gws-giants,GWS Giants,"https://s.afl.com.au/staticfile/AFL%20Tenant/AFL/Players/ChampIDImages/AFL/2026014/296324.png?im=Scale,width=0.6,height=0.6",Jesse Hogan,Jesse Hogan,esseogan
ff596711-d73f-41ad-a1d1-d6222b59fa89,70c32ca0-2bec-4db6-9b70-b8c8327f51c1,Miles Bergman,MID,"https://s.afl.com.au/staticfile/AFL%20Tenant/AFL/Players/ChampIDImages/AFL/2026014/1009191.png?im=Scale,width=0.6,height=0.6",2026-02-26 00:25:45.873242+00,14,,,0,1009191,port-adelaide-power,Port Adelaide Power,"https://s.afl.com.au/staticfile/AFL%20Tenant/AFL/Players/ChampIDImages/AFL/2026014/1009191.png?im=Scale,width=0.6,height=0.6",Miles Bergman,Miles Bergman,ilesergman